Product_ID,Product_Category,Launch_Region,Development_Cost,Launch_Marketing_Spend,Unit_Selling_Price,Unit_Production_Cost,First_Year_Units_Sold,Distribution_Coverage,Customer_Rating,First_Year_Profit,Unit_Margin,Margin_x_Units
PRD-1032,Smart Home,Europe,189000.0,110000.0,136.05,62.06,10300.0,0.81,4.6,463097.0000000001,73.99000000000001,762097.0000000001
PRD-1253,Outdoor Tech,Europe,211000.0,118000.0,204.12,75.48,8100.0,0.61,4.0,712983.9999999999,128.64,1041983.9999999999
PRD-2146,Kitchen Appliances,Latin America,143000.0,92000.0,134.16,52.38,7600.0,0.69,4.6,386528.0,81.78,621528.0
PRD-2143,Health & Fitness,Asia-Pacific,136000.0,96000.0,96.29,34.45,32500.0,0.78,5.0,1777800.0,61.84,2009800.0
PRD-1378,Home Automation,Asia-Pacific,223000.0,177000.0,189.53,69.16,17200.0,0.74,4.3,1670364.0,120.37,2070364.0
PRD-1256,Gaming Gear,North America,350000.0,245000.0,366.45,125.55,20500.0,0.89,5.0,4343449.999999999,240.89999999999998,4938449.999999999
PRD-2987,Gaming Gear,Asia-Pacific,227000.0,171000.0,172.79,73.44,25300.0,0.74,4.9,2115555.0,99.35,2513555.0
PRD-2869,Smart Home,Middle East,142000.0,99000.0,208.05,80.08,6900.0,0.53,4.5,641993.0000000001,127.97000000000001,882993.0000000001
PRD-2675,Kitchen Appliances,Europe,252000.0,147000.0,240.87,98.01,11500.0,0.84,4.7,1243890.0000000002,142.86,1642890.0000000002
PRD-1514,Wearable Tech,North America,368000.0,233000.0,296.01,110.4,21800.0,0.93,4.3,3445297.9999999995,185.60999999999999,4046297.9999999995
PRD-2544,Kitchen Appliances,North America,242000.0,125000.0,209.25,95.23,14300.0,0.83,4.5,1263486.0,114.02,1630486.0
PRD-1148,Home Automation,Europe,256000.0,174000.0,258.12,92.82,14700.0,0.77,4.2,1999910.0,165.3,2429910.0
PRD-3323,Outdoor Tech,Europe,162000.0,111000.0,181.44,79.92,8600.0,0.61,4.5,600072.0,101.52,873072.0
PRD-2833,Health & Fitness,Asia-Pacific,113000.0,94000.0,98.99,30.55,33000.0,0.78,4.8,2051520.0,68.44,2258520.0
PRD-2562,Smart Home,Europe,191000.0,116000.0,140.53,55.1,11300.0,0.81,4.3,658359.0000000001,85.43,965359.0000000001
PRD-1418,Home Automation,Europe,261000.0,192000.0,215.1,81.9,14500.0,0.77,4.6,1478399.9999999998,133.2,1931399.9999999998
PRD-1691,Consumer Electronics,North America,215000.0,162000.0,179.99,71.99,13100.0,0.84,4.1,1037800.0000000002,108.00000000000001,1414800.0000000002
PRD-2122,Wearable Tech,Asia-Pacific,272000.0,217000.0,266.97,103.88,13600.0,0.8,4.3,1729024.0000000005,163.09000000000003,2218024.0000000005
PRD-2958,Office Equipment,North America,89000.0,46000.0,62.57,24.96,15000.0,0.73,3.9,429150.0,37.61,564150.0
PRD-3318,Office Equipment,North America,74000.0,47000.0,60.63,22.8,19200.0,0.73,3.7,605336.0,37.83,726336.0
PRD-2591,Consumer Electronics,North America,258000.0,203000.0,185.99,79.19,16700.0,0.84,4.7,1322560.0000000002,106.80000000000001,1783560.0000000002
PRD-3191,Consumer Electronics,North America,260000.0,157000.0,203.99,83.99,12900.0,0.84,4.4,1131000.0000000002,120.00000000000001,1548000.0000000002
PRD-3475,Personal Audio,Latin America,67000.0,49000.0,48.99,18.5,15400.0,0.69,3.8,353546.00000000006,30.490000000000002,469546.00000000006
PRD-2998,Home Automation,Asia-Pacific,251000.0,174000.0,183.54,78.28,16300.0,0.74,4.5,1290737.9999999998,105.25999999999999,1715737.9999999998
PRD-2041,Smart Home,North America,357000.0,244000.0,290.16,101.85,28600.0,0.95,4.8,4784666.000000001,188.31000000000003,5385666.000000001
PRD-1855,Personal Audio,Latin America,81000.0,50000.0,50.49,20.17,16500.0,0.69,3.6,369280.0,30.32,500280.0
PRD-1681,Smart Home,North America,316000.0,238000.0,298.53,111.3,21800.0,0.95,5.0,3527613.999999999,187.22999999999996,4081613.999999999
PRD-2981,Consumer Electronics,Europe,248000.0,167000.0,203.99,83.99,15800.0,0.84,4.3,1481000.0000000002,120.00000000000001,1896000.0000000002
PRD-2674,Personal Audio,Asia-Pacific,75000.0,60000.0,60.59,22.89,41600.0,0.82,5.0,1433320.0000000002,37.7,1568320.0000000002
PRD-1942,Wearable Tech,Asia-Pacific,297000.0,184000.0,244.51,98.0,18300.0,0.8,4.4,2200133.0,146.51,2681133.0
PRD-1559,Health & Fitness,Middle East,189000.0,78000.0,133.44,56.16,7700.0,0.6,3.5,375056.0,77.28,595056.0
PRD-2344,Personal Audio,Asia-Pacific,76000.0,63000.0,56.99,19.11,34400.0,0.82,5.0,1164072.0,37.88,1303072.0
PRD-3326,Gaming Gear,North America,368000.0,230000.0,324.57,133.65,21700.0,0.89,4.5,3544963.9999999995,190.92,4142963.9999999995
PRD-2941,Smart Home,North America,313000.0,227000.0,298.53,111.3,24200.0,0.95,4.3,3990965.999999999,187.22999999999996,4530965.999999999
PRD-2378,Home Automation,Europe,300000.0,207000.0,229.44,98.28,14700.0,0.77,4.8,1421052.0,131.16,1928052.0
PRD-2138,Home Automation,Europe,248000.0,204000.0,250.95,84.63,16500.0,0.77,4.2,2292280.0,166.32,2744280.0
PRD-2389,Smart Home,Middle East,182000.0,95000.0,201.48,90.64,8400.0,0.53,4.4,654055.9999999999,110.83999999999999,931055.9999999999
PRD-1708,Home Automation,Asia-Pacific,221000.0,169000.0,201.5,82.84,13600.0,0.74,4.3,1223776.0,118.66,1613776.0
PRD-2265,Personal Audio,Europe,105000.0,65000.0,77.55,27.56,30500.0,0.79,4.4,1354694.9999999998,49.989999999999995,1524694.9999999998
PRD-3420,Consumer Electronics,Latin America,159000.0,132000.0,155.19,64.48,7600.0,0.61,4.2,398396.0,90.71,689396.0
PRD-2786,Gaming Gear,North America,354000.0,258000.0,376.92,137.7,22100.0,0.89,4.8,4674762.000000001,239.22000000000003,5286762.000000001
PRD-1957,Office Equipment,Latin America,102000.0,56000.0,77.48,27.16,7100.0,0.6,3.7,199272.0000000001,50.32000000000001,357272.00000000006
PRD-2908,Home Automation,Asia-Pacific,225000.0,136000.0,195.51,76.0,18500.0,0.74,4.0,1849935.0,119.50999999999999,2210935.0
PRD-2018,Home Automation,Europe,264000.0,202000.0,236.61,87.36,17300.0,0.77,5.0,2116025.0,149.25,2582025.0
PRD-2909,Health & Fitness,Middle East,155000.0,94000.0,125.1,46.8,7300.0,0.6,4.3,322590.0,78.3,571590.0
PRD-1007,Gaming Gear,Asia-Pacific,210000.0,160000.0,179.99,68.0,22000.0,0.78,4.8,2093780.0,111.99000000000001,2463780.0
PRD-2332,Wearable Tech,Asia-Pacific,286000.0,128000.0,266.97,103.88,17300.0,0.8,4.0,2330457.0000000005,163.09000000000003,2821457.0000000005
PRD-2337,Office Equipment,Europe,103000.0,64000.0,97.01,33.32,11600.0,0.78,4.5,571804.0,63.690000000000005,738804.0
PRD-2980,Health & Fitness,Latin America,119000.0,69000.0,109.45,33.84,13100.0,0.74,4.2,802491.0,75.61,990491.0
PRD-1882,Wearable Tech,Asia-Pacific,305000.0,213000.0,237.03,89.18,15300.0,0.8,4.8,1744105.0,147.85,2262105.0
PRD-2068,Home Automation,Asia-Pacific,251000.0,174000.0,195.51,76.0,17600.0,0.74,4.1,1678376.0,119.50999999999999,2103376.0
PRD-2416,Kitchen Appliances,Latin America,146000.0,74000.0,138.03,57.24,11400.0,0.69,3.9,701005.9999999999,80.78999999999999,921005.9999999999
PRD-1986,Gaming Gear,Middle East,215000.0,116000.0,195.69,72.72,6700.0,0.5,4.1,492899.0,122.97,823899.0
PRD-1126,Kitchen Appliances,Latin America,127000.0,98000.0,122.55,49.14,9700.0,0.69,3.7,487077.0,73.41,712077.0
PRD-1589,Health & Fitness,Middle East,119000.0,85000.0,150.12,53.04,5500.0,0.6,4.3,329940.0000000001,97.08000000000001,533940.0000000001
PRD-2380,Health & Fitness,Latin America,118000.0,128000.0,100.5,39.24,11300.0,0.74,3.8,509238.0,61.26,692238.0
PRD-3331,Smart Home,North America,301000.0,251000.0,265.05,95.55,22600.0,0.95,5.0,3278700.0,169.5,3830700.0
PRD-2579,Health & Fitness,Middle East,115000.0,72000.0,145.95,48.36,6200.0,0.6,4.3,418057.9999999999,97.58999999999999,605057.9999999999
PRD-1545,Personal Audio,Europe,109000.0,83000.0,82.35,26.77,41000.0,0.79,4.8,2086780.0,55.58,2278780.0
PRD-2182,Wearable Tech,Asia-Pacific,263000.0,188000.0,274.45,92.12,16600.0,0.8,3.9,2575677.9999999995,182.32999999999998,3026677.9999999995
PRD-2382,Smart Home,Europe,207000.0,133000.0,158.47,63.8,14800.0,0.81,4.4,1061116.0,94.67,1401116.0
PRD-2737,Office Equipment,Latin America,95000.0,51000.0,75.25,30.52,6200.0,0.6,4.0,131326.0,44.730000000000004,277326.0
PRD-3177,Office Equipment,Europe,125000.0,128000.0,97.01,33.32,12400.0,0.78,4.4,595756.0000000001,63.690000000000005,789756.0000000001
PRD-2947,Office Equipment,Latin America,99000.0,47000.0,75.25,30.52,7800.0,0.6,3.7,202894.0000000001,44.730000000000004,348894.00000000006
PRD-1818,Office Equipment,North America,85000.0,49000.0,66.44,24.24,12800.0,0.73,3.8,406160.0,42.2,540160.0
PRD-3113,Outdoor Tech,Europe,211000.0,118000.0,181.44,79.92,10200.0,0.78,3.7,706504.0,101.52,1035504.0
PRD-1991,Consumer Electronics,North America,255000.0,194000.0,209.99,74.39,14300.0,0.84,4.3,1490080.0000000002,135.60000000000002,1939080.0000000002
PRD-1267,Office Equipment,Latin America,91000.0,57000.0,75.25,30.52,6900.0,0.78,3.9,160637.0,44.730000000000004,308637.0
PRD-2249,Health & Fitness,Middle East,116000.0,77000.0,137.61,49.92,7800.0,0.6,4.3,490982.0000000001,87.69000000000001,683982.0000000001
PRD-1143,Outdoor Tech,North America,187000.0,129000.0,180.15,70.4,12200.0,0.77,4.3,1022950.0,109.75,1338950.0
PRD-2305,Personal Audio,Latin America,76000.0,48000.0,45.99,19.06,18800.0,0.69,3.9,382284.00000000006,26.930000000000003,506284.00000000006
PRD-2273,Outdoor Tech,Europe,173000.0,150000.0,181.44,79.92,9700.0,0.61,3.8,661744.0,101.52,984744.0
PRD-2810,Consumer Electronics,Europe,423959.9999999991,272000.0,523.95,181.35,11800.0,0.86,5.0,3346680.0000000005,342.6,4042680.0000000005
PRD-1232,Wearable Tech,Europe,247000.0,182000.0,247.32,89.76,14600.0,0.77,4.1,1871376.0,157.56,2300376.0
PRD-1381,Smart Home,North America,267000.0,198000.0,256.68,108.15,30400.0,0.95,4.8,4050312.0,148.53,4515312.0
PRD-1645,Personal Audio,Latin America,77000.0,42010.0,50.49,20.17,20100.0,0.69,3.9,493432.0,30.32,609432.0
PRD-2784,Kitchen Appliances,North America,216000.0,128000.0,236.85,89.89,12900.0,0.83,5.0,1551783.9999999998,146.95999999999998,1895783.9999999998
PRD-2656,Kitchen Appliances,Latin America,129000.0,76000.0,126.42,54.0,10500.0,0.69,4.5,555410.0,72.42,760410.0
PRD-1235,Kitchen Appliances,Europe,276000.0,178000.0,271.95,92.07,14000.0,0.84,4.4,2064320.0,179.88,2518320.0
PRD-2299,Smart Home,Middle East,163000.0,102000.0,214.62,88.0,6400.0,0.53,3.9,545368.0,126.62,810368.0
PRD-2050,Health & Fitness,Latin America,119000.0,69000.0,94.53,32.76,9400.0,0.74,3.8,392638.0,61.77,580638.0
PRD-2396,Gaming Gear,North America,368000.0,230000.0,345.51,129.6,23400.0,0.89,5.0,4454294.0,215.91,5052294.0
PRD-2780,Consumer Electronics,Europe,368000.0,249000.0,464.07,193.05,10800.0,0.86,4.2,2310016.0,271.02,2927016.0
PRD-1743,Outdoor Tech,North America,189000.0,135000.0,159.75,60.8,14000.0,0.77,4.7,1061300.0,98.95,1385300.0
PRD-3375,Personal Audio,Europe,96000.0,77000.0,79.95,24.38,32200.0,0.79,4.7,1616354.0000000002,55.57000000000001,1789354.0000000002
PRD-2696,Gaming Gear,North America,315000.0,275000.0,324.57,133.65,16600.0,0.89,5.0,2579272.0,190.92,3169272.0
PRD-2462,Wearable Tech,Europe,289000.0,159000.0,219.84,95.04,14600.0,0.77,4.7,1374080.0,124.8,1822080.0
PRD-1084,Personal Audio,Asia-Pacific,77000.0,66000.0,56.99,19.11,46995.99999999991,0.82,4.7,1671452.0000000002,37.88,1780208.4799999967
PRD-2342,Wearable Tech,Europe,224000.0,158000.0,206.1,79.2,15400.0,0.77,4.4,1572259.9999999998,126.89999999999999,1954259.9999999998
PRD-2497,Office Equipment,Latin America,77000.0,50000.0,81.95,26.32,6900.0,0.6,3.5,256847.0,55.63,383847.0
PRD-3223,Health & Fitness,Asia-Pacific,108000.0,105000.0,88.19,32.5,31400.0,0.78,4.4,1535666.0,55.69,1748666.0
PRD-3364,Personal Audio,Asia-Pacific,85000.0,59000.0,62.39,20.37,42400.0,0.82,4.9,1637647.9999999998,42.019999999999996,1781647.9999999998
PRD-3249,Consumer Electronics,Asia-Pacific,323000.0,202000.0,319.0,112.24,18700.0,0.85,4.4,3341412.0,206.76,3866412.0
PRD-2663,Outdoor Tech,Europe,165000.0,124000.0,198.45,68.82,9200.0,0.61,4.5,903596.0,129.63,1192596.0
PRD-1062,Smart Home,Europe,158000.0,120000.0,153.99,58.58,11400.0,0.81,4.4,809674.0000000002,95.41000000000001,1087674.0000000002
PRD-2879,Health & Fitness,Middle East,136000.0,88000.0,137.61,49.92,6700.0,0.6,3.5,363523.0000000001,87.69000000000001,587523.0000000001
PRD-2896,Kitchen Appliances,Latin America,155000.0,77000.0,141.9,50.76,9500.0,0.69,4.0,633830.0000000001,91.14000000000001,865830.0000000001
PRD-2925,Personal Audio,Europe,103000.0,80000.0,87.15,25.97,28000.0,0.79,4.4,1530040.0000000002,61.18000000000001,1713040.0000000002
PRD-2250,Consumer Electronics,Latin America,180000.0,130000.0,145.59,66.34,9200.0,0.61,4.3,419100.0,79.25,729100.0
PRD-1269,Consumer Electronics,Asia-Pacific,343000.0,200000.0,338.14,134.2,23200.0,0.85,4.4,4188408.0,203.94,4731408.0
PRD-1436,Gaming Gear,North America,319000.0,288000.0,324.57,133.65,23200.0,0.89,5.0,3822344.0,190.92,4429344.0
PRD-1594,Personal Audio,Asia-Pacific,94000.0,55000.0,65.99,19.74,43300.0,0.82,4.6,1853625.0,46.25,2002625.0
PRD-2410,Health & Fitness,Latin America,100000.0,71000.0,91.54,37.08,12300.0,0.74,4.7,498858.0000000001,54.46000000000001,669858.0000000001
PRD-2383,Health & Fitness,Asia-Pacific,121000.0,98000.0,88.19,32.5,29700.0,0.78,4.5,1434993.0,55.69,1653993.0
PRD-2137,Office Equipment,Latin America,94000.0,48000.0,68.54,28.84,8100.0,0.6,3.6,179570.0,39.7,321570.0
PRD-1519,Smart Home,Middle East,177000.0,112000.0,221.19,95.92,7300.0,0.53,4.7,625471.0,125.27,914471.0
PRD-2508,Office Equipment,North America,70000.0,48000.0,68.37,26.4,13100.0,0.73,3.6,431807.0000000001,41.970000000000006,549807.0000000001
PRD-2044,Personal Audio,Asia-Pacific,88000.0,52000.0,60.59,22.89,46995.99999999991,0.82,4.9,1680910.0000000002,37.7,1771749.199999997
PRD-3327,Office Equipment,Europe,100000.0,75000.0,94.34,37.4,13000.0,0.78,4.5,565220.0000000001,56.940000000000005,740220.0000000001
PRD-3253,Health & Fitness,Asia-Pacific,125000.0,83000.0,98.99,30.55,22400.0,0.78,4.2,1325056.0,68.44,1533056.0
PRD-2671,Smart Home,North America,307000.0,205000.0,290.16,101.85,24400.0,0.95,5.0,4082764.000000001,188.31000000000003,4594764.000000001
PRD-2895,Personal Audio,Europe,89000.0,74000.0,77.55,27.56,39200.0,0.79,4.6,1796607.9999999998,49.989999999999995,1959607.9999999998
PRD-1954,Personal Audio,Asia-Pacific,79000.0,56000.0,64.19,22.26,37000.0,0.82,4.4,1416409.9999999998,41.92999999999999,1551409.9999999998
PRD-1677,Office Equipment,Europe,106000.0,71000.0,86.33,35.36,12600.0,0.78,4.5,465222.0,50.97,642222.0
PRD-3379,Smart Home,Middle East,177000.0,112000.0,240.9,82.72,6100.0,0.53,4.4,675898.0,158.18,964898.0
PRD-2415,Personal Audio,Europe,83000.0,71000.0,75.15,25.18,31900.0,0.79,4.5,1440043.0000000002,49.970000000000006,1594043.0000000002
PRD-2185,Personal Audio,Latin America,80000.0,48000.0,53.49,19.61,19800.0,0.69,3.6,542824.0,33.88,670824.0
PRD-2623,Health & Fitness,Asia-Pacific,107000.0,100000.0,98.99,30.55,26900.0,0.78,5.0,1634036.0,68.44,1841036.0
PRD-1333,Health & Fitness,Asia-Pacific,128000.0,97000.0,88.19,32.5,33300.0,0.78,4.9,1629477.0,55.69,1854477.0
PRD-2750,Consumer Electronics,Europe,423959.9999999991,304969.99999999936,508.98,204.75,9800.0,0.86,4.4,2231454.0,304.23,2981454.0
PRD-3272,Wearable Tech,Europe,224000.0,158000.0,240.45,81.84,14200.0,0.77,4.8,1870262.0,158.60999999999999,2252262.0
PRD-3489,Consumer Electronics,Asia-Pacific,284000.0,207000.0,290.29,130.54,25400.0,0.85,5.0,3566650.000000001,159.75000000000003,4057650.000000001
PRD-2983,Health & Fitness,Asia-Pacific,122000.0,103000.0,96.29,34.45,22700.0,0.78,4.9,1178768.0,61.84,1403768.0
PRD-1076,Gaming Gear,North America,382000.0,280000.0,335.04,145.8,17800.0,0.89,5.0,2706472.0,189.24,3368472.0
PRD-3115,Personal Audio,Latin America,80000.0,48000.0,50.49,20.17,18200.0,0.69,4.0,423824.0,30.32,551824.0
PRD-1838,Home Automation,Europe,289000.0,170000.0,215.1,81.9,15100.0,0.77,5.0,1552319.9999999998,133.2,2011319.9999999998
PRD-3054,Kitchen Appliances,North America,220000.0,142000.0,243.75,97.9,12800.0,0.83,4.4,1504880.0,145.85,1866880.0
PRD-2302,Wearable Tech,Asia-Pacific,246000.0,190000.0,237.03,89.18,15800.0,0.8,4.2,1900030.0,147.85,2336030.0
PRD-2915,Kitchen Appliances,Europe,223000.0,150000.0,271.95,92.07,15600.0,0.84,4.2,2433128.0,179.88,2806128.0
PRD-2928,Office Equipment,North America,78000.0,57000.0,68.37,26.4,13600.0,0.73,4.1,435792.0000000001,41.970000000000006,570792.0000000001
PRD-1252,Wearable Tech,Asia-Pacific,263000.0,188000.0,237.03,89.18,18000.0,0.78,4.6,2210300.0,147.85,2661300.0
PRD-1435,Personal Audio,Latin America,74000.0,42010.0,50.49,20.17,16000.0,0.69,4.2,370120.0,30.32,485120.0
PRD-2526,Gaming Gear,Middle East,222000.0,143000.0,207.09,70.56,6600.0,0.5,3.8,536098.0,136.53,901098.0
PRD-2946,Gaming Gear,Middle East,181000.0,127000.0,207.09,70.56,6800.0,0.5,4.3,620404.0,136.53,928404.0
PRD-2063,Outdoor Tech,Europe,163000.0,117000.0,181.44,79.92,7800.0,0.61,4.1,511856.0,101.52,791856.0
PRD-2629,Smart Home,Middle East,162000.0,97000.0,227.76,85.36,7600.0,0.53,3.9,823239.9999999998,142.39999999999998,1082239.9999999998
PRD-1696,Kitchen Appliances,Latin America,153000.0,95000.0,118.68,55.62,10400.0,0.69,4.3,407824.0000000001,63.06000000000001,655824.0000000001
PRD-2169,Consumer Electronics,Asia-Pacific,297000.0,253000.0,347.71,119.56,19600.0,0.85,5.0,3921740.0,228.14999999999998,4471740.0
PRD-2806,Kitchen Appliances,Latin America,140000.0,83000.0,122.55,49.14,10800.0,0.69,4.6,569828.0,73.41,792828.0
PRD-1522,Wearable Tech,Asia-Pacific,269000.0,207000.0,244.51,98.0,17800.0,0.8,3.9,2131878.0,146.51,2607878.0
PRD-1622,Wearable Tech,Europe,237000.0,201000.0,219.84,95.04,13800.0,0.77,4.8,1284240.0,124.8,1722240.0
PRD-2818,Home Automation,Asia-Pacific,200000.0,147000.0,207.48,73.72,14300.0,0.74,4.6,1565767.9999999998,133.76,1912767.9999999998
PRD-1240,Health & Fitness,Latin America,112000.0,69000.0,106.47,38.16,9700.0,0.74,3.7,481607.0,68.31,662607.0
PRD-1781,Consumer Electronics,North America,243000.0,205000.0,209.99,74.39,17100.0,0.84,4.6,1870760.0000000005,135.60000000000002,2318760.0000000005
PRD-2191,Smart Home,North America,285000.0,196000.0,281.79,114.45,29600.0,0.95,4.9,4472264.000000001,167.34000000000003,4953264.000000001
PRD-2903,Outdoor Tech,Europe,201000.0,126000.0,181.44,79.92,8300.0,0.61,4.0,515616.0,101.52,842616.0
PRD-2586,Gaming Gear,Middle East,216000.0,123000.0,172.89,77.04,5400.0,0.5,4.5,169004.99999999988,95.84999999999998,517589.9999999999
PRD-1015,Personal Audio,Latin America,70000.0,45000.0,49.99,18.5,19000.0,0.62,3.8,483310.0,31.490000000000002,598310.0
PRD-1473,Outdoor Tech,North America,185000.0,123000.0,154.65,68.48,14200.0,0.77,4.3,915614.0,86.17,1223614.0
PRD-1156,Kitchen Appliances,Latin America,147000.0,78000.0,138.03,57.24,10500.0,0.69,4.6,623294.9999999999,80.78999999999999,848294.9999999999
PRD-1740,Consumer Electronics,Latin America,198000.0,116000.0,155.19,64.48,10100.0,0.61,4.4,602170.9999999999,90.71,916170.9999999999
PRD-2188,Home Automation,Asia-Pacific,237000.0,175000.0,207.48,73.72,16800.0,0.74,4.4,1835168.0,133.76,2247168.0
PRD-1861,Smart Home,North America,288000.0,207000.0,265.05,95.55,25200.0,0.95,4.9,3776400.0,169.5,4271400.0
PRD-3338,Home Automation,Europe,253000.0,165000.0,243.78,95.55,14900.0,0.77,5.0,1790627.0000000005,148.23000000000002,2208627.0000000005
PRD-1996,Kitchen Appliances,Latin America,132000.0,84000.0,138.03,57.24,11100.0,0.69,4.5,680768.9999999999,80.78999999999999,896768.9999999999
PRD-1147,Office Equipment,Latin America,96000.0,56000.0,70.78,25.48,7300.0,0.6,3.6,178690.0,45.3,330690.0
PRD-2294,Wearable Tech,North America,342000.0,214000.0,287.04,124.2,19700.0,0.93,4.6,2651948.0000000005,162.84000000000003,3207948.0000000005
PRD-2472,Smart Home,Europe,171000.0,125000.0,149.5,53.36,13000.0,0.81,3.8,953820.0,96.14,1249820.0
PRD-2192,Wearable Tech,Europe,283000.0,196000.0,212.97,87.12,14800.0,0.77,4.3,1383580.0,125.85,1862580.0
PRD-3304,Personal Audio,Asia-Pacific,88000.0,68000.0,60.59,22.89,34900.0,0.82,4.2,1159730.0,37.7,1315730.0
PRD-1461,Health & Fitness,North America,170000.0,106000.0,123.59,42.42,24500.0,0.8,4.8,1712665.0,81.17,1988665.0
PRD-1314,Kitchen Appliances,North America,207000.0,144000.0,236.85,89.89,14300.0,0.83,5.0,1750527.9999999995,146.95999999999998,2101527.9999999995
PRD-3428,Home Automation,Europe,283000.0,209000.0,229.44,98.28,19600.0,0.77,4.4,2078736.0,131.16,2570736.0
PRD-2483,Outdoor Tech,Europe,182000.0,142000.0,181.44,79.92,8100.0,0.61,3.5,498312.0,101.52,822312.0
PRD-2066,Gaming Gear,North America,371000.0,243000.0,324.57,133.65,19900.0,0.89,5.0,3185307.9999999995,190.92,3799307.9999999995
PRD-1700,Consumer Electronics,Europe,423959.9999999991,304969.99999999936,508.98,204.75,11200.0,0.86,4.8,2636376.0,304.23,3407376.0
PRD-2414,Wearable Tech,North America,323000.0,216000.0,304.98,120.75,18700.0,0.93,4.9,2906101.0000000005,184.23000000000002,3445101.0000000005
PRD-2279,Health & Fitness,Middle East,135000.0,83000.0,125.1,46.8,5600.0,0.6,4.1,220480.0,78.3,438480.0
PRD-1961,Consumer Electronics,North America,220000.0,180000.0,185.99,79.19,12900.0,0.84,4.5,977720.0000000002,106.80000000000001,1377720.0000000002
PRD-2587,Office Equipment,Latin America,87000.0,63000.0,77.48,27.16,9000.0,0.6,3.9,302880.00000000006,50.32000000000001,452880.00000000006
PRD-1296,Gaming Gear,Middle East,191000.0,119000.0,189.99,66.24,6600.0,0.5,4.3,506750.0000000001,123.75000000000001,816750.0000000001
PRD-1491,Health & Fitness,North America,144000.0,114000.0,112.79,39.9,26700.0,0.8,4.6,1688163.0000000005,72.89000000000001,1946163.0000000005
PRD-1031,Consumer Electronics,North America,220000.0,180000.0,197.99,76.79,14100.0,0.84,4.1,1308920.0,121.2,1708920.0
PRD-1216,Kitchen Appliances,Latin America,143000.0,92000.0,141.9,50.76,8400.0,0.78,4.2,530576.0000000001,91.14000000000001,765576.0000000001
PRD-2738,Home Automation,Europe,250000.0,213000.0,222.27,90.09,19300.0,0.77,4.6,2088074.0,132.18,2551074.0
PRD-2454,Kitchen Appliances,North America,218000.0,135000.0,223.05,92.56,16300.0,0.83,5.0,1773987.0,130.49,2126987.0
PRD-3070,Health & Fitness,Latin America,98000.0,64000.0,103.48,34.92,11500.0,0.74,4.7,626440.0,68.56,788440.0
PRD-2020,Health & Fitness,Latin America,104000.0,63000.0,103.48,34.92,13000.0,0.74,4.0,724280.0,68.56,891280.0
PRD-2666,Gaming Gear,North America,375000.0,255000.0,355.98,141.75,23200.0,0.89,4.5,4340136.0,214.23000000000002,4970136.0
PRD-2167,Office Equipment,Latin America,78000.0,52000.0,77.48,27.16,8700.0,0.6,3.5,307784.00000000006,50.32000000000001,437784.00000000006
PRD-1482,Smart Home,Europe,176000.0,106000.0,153.99,58.58,11800.0,0.81,3.8,843838.0000000002,95.41000000000001,1125838.0000000002
PRD-2829,Consumer Electronics,Asia-Pacific,290000.0,230000.0,319.0,112.24,18100.0,0.85,5.0,3222356.0,206.76,3742356.0
PRD-1272,Smart Home,Europe,167000.0,113000.0,153.99,58.58,14100.0,0.81,4.1,1065281.0000000002,95.41000000000001,1345281.0000000002
PRD-3281,Consumer Electronics,North America,288000.0,200000.0,191.99,86.39,17000.0,0.84,4.5,1307200.0000000002,105.60000000000001,1795200.0000000002
PRD-3275,Kitchen Appliances,Europe,254000.0,155000.0,264.18,103.95,13600.0,0.84,4.0,1770128.0000000005,160.23000000000002,2179128.0000000005
PRD-2260,Health & Fitness,Europe,91000.0,65000.0,94.53,32.76,11900.0,0.74,4.6,579063.0,61.77,735063.0
PRD-2117,Gaming Gear,Asia-Pacific,221000.0,147000.0,188.99,63.24,22000.0,0.74,5.0,2398500.0,125.75,2766500.0
PRD-3325,Personal Audio,Latin America,66010.0,45000.0,50.49,20.17,22400.0,0.69,3.7,572168.0,30.32,679168.0
PRD-1379,Health & Fitness,Middle East,154000.0,128000.0,150.12,53.04,6800.0,0.6,3.5,416144.0000000001,97.08000000000001,660144.0000000001
PRD-3362,Wearable Tech,Europe,252000.0,200000.0,226.71,84.48,12200.0,0.77,4.2,1283206.0000000002,142.23000000000002,1735206.0000000002
PRD-2865,Personal Audio,Europe,105000.0,68000.0,84.75,29.15,36100.0,0.79,4.8,1834160.0,55.6,2007160.0
PRD-1239,Consumer Electronics,Asia-Pacific,297000.0,253000.0,299.86,115.9,21300.0,0.85,4.6,3368348.0,183.96,3918348.0
PRD-1089,Consumer Electronics,Asia-Pacific,373000.0,232000.0,309.43,126.88,20400.0,0.85,4.5,3119020.0,182.55,3724020.0
PRD-1783,Health & Fitness,Asia-Pacific,120000.0,93000.0,98.99,30.55,25200.0,0.78,5.0,1511688.0,68.44,1724688.0
PRD-2767,Office Equipment,Latin America,79000.0,55000.0,68.54,28.84,6800.0,0.6,3.8,135960.0,39.7,269960.0
PRD-1810,Health & Fitness,Latin America,99000.0,67000.0,103.48,34.92,10500.0,0.74,4.3,553880.0,68.56,719880.0
PRD-3498,Office Equipment,North America,92000.0,56000.0,66.44,24.24,14700.0,0.73,3.6,472340.0,42.2,620340.0
PRD-1601,Consumer Electronics,North America,265000.0,175000.0,191.99,86.39,15200.0,0.84,4.7,1165120.0000000002,105.60000000000001,1605120.0000000002
PRD-1807,Office Equipment,Latin America,95000.0,51000.0,79.72,29.68,6800.0,0.6,3.6,194272.0,50.04,340272.0
PRD-2266,Kitchen Appliances,Latin America,134000.0,128000.0,141.9,50.76,11000.0,0.69,3.8,775540.0000000001,91.14000000000001,1002540.0000000001
PRD-2554,Personal Audio,Asia-Pacific,80000.0,59000.0,56.99,19.11,43700.0,0.82,4.8,1516356.0,37.88,1655356.0
PRD-3062,Wearable Tech,Europe,291000.0,168000.0,240.45,81.84,17000.0,0.77,4.0,2237369.9999999995,158.60999999999999,2696369.9999999995
PRD-2718,Office Equipment,North America,74000.0,45000.0,68.37,26.4,16600.0,0.73,4.4,577702.0000000001,41.970000000000006,696702.0000000001
PRD-1730,Consumer Electronics,Europe,392000.0,246000.0,464.07,193.05,12200.0,0.86,4.6,2668444.0,271.02,3306444.0
PRD-3279,Consumer Electronics,Asia-Pacific,370000.0,221000.0,290.29,130.54,20600.0,0.78,5.0,2699850.0000000005,159.75000000000003,3290850.0000000005
PRD-2965,Personal Audio,Latin America,74000.0,44000.0,51.99,17.95,17500.0,0.69,3.9,477700.0000000001,34.040000000000006,595700.0000000001
PRD-1097,Gaming Gear,Asia-Pacific,197000.0,158000.0,172.79,73.44,17800.0,0.74,4.3,1413430.0,99.35,1768430.0
PRD-2179,Smart Home,Middle East,173000.0,101000.0,201.48,90.64,6800.0,0.53,4.7,479711.9999999999,110.83999999999999,753711.9999999999
PRD-1608,Office Equipment,North America,81000.0,52000.0,66.44,24.24,15800.0,0.73,4.1,533760.0,42.2,666760.0
PRD-1140,Consumer Electronics,Latin America,196000.0,110000.0,174.39,60.76,8700.0,0.61,4.0,682581.0,113.63,988581.0
PRD-2012,Wearable Tech,Europe,226000.0,166000.0,240.45,81.84,12900.0,0.77,4.4,1654068.9999999998,158.60999999999999,2046068.9999999998
PRD-1446,Gaming Gear,Middle East,207000.0,131000.0,184.29,74.88,6800.0,0.5,4.4,405988.0,109.41,743988.0
PRD-1190,Consumer Electronics,Europe,376000.0,277000.0,538.92,198.9,12400.0,0.86,4.9,3563248.0,340.02,4216248.0
PRD-3384,Kitchen Appliances,North America,218000.0,135000.0,209.25,95.23,15200.0,0.83,4.4,1380104.0,114.02,1733104.0
PRD-2636,Gaming Gear,North America,326000.0,235000.0,314.1,121.5,21300.0,0.89,4.7,3541380.0000000005,192.60000000000002,4102380.0000000005
PRD-1912,Wearable Tech,Asia-Pacific,258000.0,169000.0,266.97,103.88,16800.0,0.8,4.6,2312912.0000000005,163.09000000000003,2739912.0000000005
PRD-1631,Consumer Electronics,North America,223000.0,189000.0,215.99,81.59,16500.0,0.84,4.5,1805600.0,134.4,2217600.0
PRD-2124,Kitchen Appliances,North America,220000.0,142000.0,209.25,95.23,13900.0,0.83,5.0,1222878.0,114.02,1584878.0
PRD-2053,Health & Fitness,Asia-Pacific,122000.0,103000.0,82.79,33.48,24900.0,0.78,4.5,1002819.0000000002,49.31000000000001,1227819.0000000002
PRD-1027,Office Equipment,Latin America,90000.0,55000.0,74.5,28.0,7600.0,0.59,3.7,208400.0,46.5,353400.0
PRD-1625,Kitchen Appliances,Europe,266000.0,146000.0,240.87,98.01,13200.0,0.84,4.0,1473752.0000000002,142.86,1885752.0000000002
PRD-1167,Office Equipment,Europe,117000.0,63000.0,91.67,34.34,14100.0,0.78,4.6,628353.0,57.33,808353.0
PRD-1233,Outdoor Tech,North America,207000.0,120000.0,169.95,58.88,10500.0,0.77,4.8,839235.0,111.07,1166235.0
PRD-3436,Kitchen Appliances,Latin America,161000.0,94000.0,122.55,49.14,9300.0,0.69,3.7,427713.0,73.41,682713.0
PRD-1841,Consumer Electronics,North America,235000.0,178000.0,215.99,81.59,13700.0,0.84,4.2,1428280.0,134.4,1841280.0
PRD-1328,Home Automation,Europe,316000.0,205000.0,229.44,98.28,17000.0,0.77,4.1,1708720.0,131.16,2229720.0
PRD-2392,Wearable Tech,Asia-Pacific,277000.0,177000.0,274.45,92.12,13400.0,0.8,4.7,1989222.0,182.32999999999998,2443222.0
PRD-2352,Smart Home,Europe,182000.0,124000.0,140.53,55.1,13600.0,0.81,4.6,855848.0,85.43,1161848.0
PRD-1647,Office Equipment,Europe,124000.0,66000.0,94.34,37.4,11300.0,0.78,3.6,453422.0,56.940000000000005,643422.0
PRD-3476,Gaming Gear,North America,396000.0,253000.0,314.1,121.5,22600.0,0.89,4.6,3703760.000000001,192.60000000000002,4352760.000000001
PRD-3260,Consumer Electronics,Europe,396000.0,260000.0,479.04,210.6,13100.0,0.86,4.3,2860564.000000001,268.44000000000005,3516564.000000001
PRD-3003,Outdoor Tech,North America,187000.0,129000.0,159.75,60.8,10300.0,0.77,4.0,703185.0,98.95,1019185.0
PRD-3149,Health & Fitness,Middle East,139000.0,96000.0,141.78,54.6,6700.0,0.6,3.8,349106.0,87.18,584106.0
PRD-1806,Gaming Gear,Middle East,172000.0,135000.0,178.59,68.4,6000.0,0.5,4.2,354140.0,110.19,661140.0
PRD-2255,Kitchen Appliances,Europe,228000.0,166000.0,240.87,98.01,11100.0,0.84,4.2,1191746.0000000002,142.86,1585746.0000000002
PRD-3448,Home Automation,Asia-Pacific,235000.0,167000.0,207.48,73.72,18200.0,0.74,4.8,2032432.0,133.76,2434432.0
PRD-3309,Consumer Electronics,Asia-Pacific,314000.0,304969.99999999936,328.57,123.22,22600.0,0.85,5.0,4087910.0,205.35,4640910.0
PRD-2209,Consumer Electronics,Middle East,145000.0,110000.0,227.76,85.36,7400.0,0.53,4.5,798759.9999999998,142.39999999999998,1053759.9999999998
PRD-2328,Office Equipment,North America,77000.0,55000.0,62.57,24.96,17600.0,0.73,3.7,529936.0,37.61,661936.0
PRD-1195,Personal Audio,Latin America,66010.0,42010.0,54.99,17.39,17900.0,0.69,3.6,572040.0,37.6,673040.0
PRD-2178,Office Equipment,North America,70000.0,50000.0,64.5,22.08,17000.0,0.73,3.6,601140.0,42.42,721140.0
PRD-3291,Consumer Electronics,North America,149000.0,98000.0,119.99,38.64,28400.0,0.8,4.7,2063340.0,81.35,2310340.0
PRD-2599,Smart Home,Middle East,190000.0,122000.0,201.48,90.64,7000.0,0.53,4.1,463879.9999999999,110.83999999999999,775879.9999999999
PRD-1902,Smart Home,Europe,194000.0,128000.0,153.99,58.58,12100.0,0.81,4.3,832461.0000000002,95.41000000000001,1154461.0000000002
PRD-1683,Outdoor Tech,North America,194000.0,115000.0,154.65,68.48,11900.0,0.77,4.0,716423.0,86.17,1025423.0
PRD-1273,Health & Fitness,Asia-Pacific,132000.0,82000.0,85.49,29.58,28300.0,0.78,4.2,1368253.0,55.91,1582253.0
PRD-2090,Consumer Electronics,Europe,423959.9999999991,255000.0,449.1,175.5,10600.0,0.86,4.4,2201160.0000000005,273.6,2900160.0000000005
PRD-1393,Health & Fitness,Asia-Pacific,125000.0,83000.0,90.89,35.43,26900.0,0.78,4.5,1283874.0,55.46,1491874.0
PRD-2735,Kitchen Appliances,Europe,245000.0,173000.0,248.64,106.92,13900.0,0.84,4.3,1551907.9999999995,141.71999999999997,1969907.9999999995
PRD-1886,Gaming Gear,North America,403000.0,278000.0,366.45,125.55,17200.0,0.89,5.0,3462479.9999999995,240.89999999999998,4143479.9999999995
PRD-3218,Home Automation,Europe,270000.0,163000.0,229.44,98.28,15800.0,0.77,4.7,1639328.0,131.16,2072328.0
PRD-2673,Outdoor Tech,North America,189000.0,135000.0,185.25,62.72,13100.0,0.77,4.0,1281143.0,122.53,1605143.0
PRD-2290,Health & Fitness,Latin America,106000.0,70000.0,106.47,38.16,12900.0,0.74,4.4,705199.0,68.31,881199.0
PRD-1398,Office Equipment,North America,77000.0,55000.0,66.44,24.24,18900.0,0.73,4.4,665580.0,42.2,797580.0
PRD-1046,Gaming Gear,North America,333000.0,128000.0,366.45,125.55,24400.0,0.89,5.0,5284959.999999999,240.89999999999998,5877959.999999999
PRD-3026,Gaming Gear,North America,312000.0,263000.0,345.51,129.6,20100.0,0.89,5.0,3764791.0,215.91,4339791.0
PRD-1297,Office Equipment,Latin America,104000.0,61000.0,68.54,28.84,7600.0,0.6,3.7,136720.0,39.7,301720.0
PRD-1288,Home Automation,Asia-Pacific,198000.0,140000.0,201.5,82.84,13100.0,0.74,4.9,1216446.0,118.66,1554446.0
PRD-1085,Kitchen Appliances,Europe,257000.0,163000.0,279.72,100.98,13500.0,0.84,4.3,1992990.0,178.74,2412990.0
PRD-2751,Health & Fitness,North America,143000.0,109000.0,112.79,39.9,28900.0,0.8,5.0,1854521.0000000005,72.89000000000001,2106521.0000000005
PRD-3152,Wearable Tech,Europe,239000.0,156000.0,226.71,84.48,14900.0,0.77,4.4,1724227.0000000005,142.23000000000002,2119227.0000000005
PRD-2701,Smart Home,North America,350000.0,222000.0,265.05,95.55,26800.0,0.95,4.8,3970600.0,169.5,4542600.0
PRD-1726,Kitchen Appliances,Latin America,129000.0,76000.0,134.16,52.38,11200.0,0.69,4.1,710936.0,81.78,915936.0
PRD-2752,Wearable Tech,Asia-Pacific,314000.0,182000.0,266.97,103.88,17800.0,0.8,4.5,2407002.0000000005,163.09000000000003,2903002.0000000005
PRD-1778,Home Automation,Europe,297000.0,198000.0,258.12,92.82,19100.0,0.77,4.4,2662230.0,165.3,3157230.0
PRD-3280,Health & Fitness,Latin America,103000.0,60000.0,103.48,34.92,9400.0,0.74,4.4,481464.0,68.56,644464.0
PRD-1651,Smart Home,North America,273000.0,220000.0,265.05,95.55,30200.0,0.95,5.0,4625900.0,169.5,5118900.0
PRD-2971,Smart Home,North America,357000.0,244000.0,273.42,105.0,26500.0,0.95,5.0,3862130.0,168.42000000000002,4463130.0
PRD-2374,Personal Audio,Asia-Pacific,88000.0,68000.0,64.19,22.26,38200.0,0.82,4.9,1445725.9999999998,41.92999999999999,1601725.9999999998
PRD-2677,Office Equipment,Latin America,97000.0,59000.0,73.01,28.0,7900.0,0.6,3.5,199579.0000000001,45.010000000000005,355579.00000000006
PRD-2576,Gaming Gear,North America,336000.0,273000.0,376.92,137.7,17600.0,0.89,5.0,3601272.000000001,239.22000000000003,4210272.000000001
PRD-3417,Office Equipment,Europe,112000.0,70000.0,89.0,31.28,11000.0,0.78,3.9,452920.0,57.72,634920.0
PRD-1940,Consumer Electronics,Europe,412000.0,304969.99999999936,464.07,193.05,10100.0,0.86,4.3,2009302.0,271.02,2737302.0
PRD-2362,Wearable Tech,Asia-Pacific,238000.0,162000.0,244.51,98.0,18800.0,0.8,3.8,2354388.0,146.51,2754388.0
PRD-2087,Gaming Gear,Asia-Pacific,191000.0,184000.0,167.39,67.32,20000.0,0.74,4.3,1626399.9999999998,100.07,2001399.9999999998
PRD-2243,Outdoor Tech,Europe,205000.0,139000.0,198.45,68.82,8900.0,0.61,4.0,809707.0,129.63,1153707.0
PRD-2917,Office Equipment,Latin America,86000.0,60000.0,81.95,26.32,7100.0,0.6,3.9,248973.0,55.63,394973.0
PRD-2899,Smart Home,Middle East,165000.0,108000.0,234.33,93.28,7600.0,0.53,4.3,798980.0,141.05,1071980.0
PRD-3175,Personal Audio,Latin America,78000.0,42010.0,51.99,17.95,21700.0,0.69,3.6,619668.0000000001,34.040000000000006,738668.0000000001
PRD-2521,Smart Home,North America,282000.0,253000.0,298.53,111.3,23400.0,0.95,4.9,3846181.999999999,187.22999999999996,4381181.999999999
PRD-2942,Wearable Tech,Europe,226000.0,166000.0,226.71,84.48,11700.0,0.77,4.8,1272091.0000000002,142.23000000000002,1664091.0000000002
PRD-2446,Kitchen Appliances,Latin America,122000.0,81000.0,126.42,54.0,8400.0,0.69,3.7,405328.0,72.42,608328.0
PRD-1985,Kitchen Appliances,Europe,223000.0,150000.0,233.1,89.1,46995.99999999991,0.84,4.9,1239800.0,144.0,6767423.999999987
PRD-2613,Outdoor Tech,North America,194000.0,115000.0,180.15,70.4,11000.0,0.77,4.4,898250.0,109.75,1207250.0
PRD-1997,Gaming Gear,Asia-Pacific,233000.0,146000.0,178.19,65.28,23100.0,0.74,5.0,2229221.0,112.91,2608221.0
PRD-2245,Personal Audio,Latin America,78000.0,42010.0,54.99,17.39,15400.0,0.69,4.4,460040.0,37.6,579040.0
PRD-1365,Personal Audio,Europe,88000.0,71000.0,75.15,25.18,36400.0,0.79,4.9,1659908.0000000002,49.970000000000006,1818908.0000000002
PRD-2316,Gaming Gear,Middle East,213000.0,151000.0,207.09,70.56,5400.0,0.5,4.1,359609.0,136.53,737262.0
PRD-2513,Outdoor Tech,Europe,209000.0,112000.0,204.12,75.48,8800.0,0.61,4.4,811031.9999999998,128.64,1132031.9999999998
PRD-1592,Wearable Tech,Europe,281000.0,187000.0,240.45,81.84,12500.0,0.77,3.9,1514624.9999999998,158.60999999999999,1982624.9999999998
PRD-2788,Home Automation,Asia-Pacific,239000.0,135000.0,183.54,78.28,12900.0,0.74,4.8,983853.9999999998,105.25999999999999,1357853.9999999998
PRD-2873,Outdoor Tech,Europe,175000.0,116000.0,198.45,68.82,7600.0,0.61,4.2,694188.0,129.63,985188.0
PRD-1283,Outdoor Tech,Europe,179000.0,129000.0,187.11,71.04,8800.0,0.61,3.8,713416.0000000001,116.07000000000001,1021416.0000000001
PRD-3479,Health & Fitness,Middle East,138000.0,92000.0,150.12,53.04,7800.0,0.6,3.8,527224.0000000001,97.08000000000001,757224.0000000001
PRD-1415,Kitchen Appliances,Europe,254000.0,155000.0,240.87,98.01,15700.0,0.84,4.3,1833902.0,142.86,2242902.0
PRD-1438,Home Automation,Asia-Pacific,216000.0,153000.0,195.51,76.0,13700.0,0.74,3.9,1268286.9999999998,119.50999999999999,1637286.9999999998
PRD-2977,Office Equipment,Latin America,84000.0,52000.0,68.54,28.84,8500.0,0.6,3.5,201450.0,39.7,337450.0
PRD-2912,Wearable Tech,Europe,270000.0,152000.0,247.32,89.76,16400.0,0.77,3.9,2161984.0,157.56,2583984.0
PRD-2080,Health & Fitness,Latin America,101000.0,74000.0,106.47,38.16,10400.0,0.74,4.7,535424.0,68.31,710424.0
PRD-2900,Consumer Electronics,Europe,344000.0,252000.0,494.01,187.2,10200.0,0.86,4.5,2533462.0,306.81,3129462.0
PRD-3340,Health & Fitness,Latin America,100000.0,71000.0,106.47,38.16,11400.0,0.74,4.0,607734.0,68.31,778734.0
PRD-2546,Gaming Gear,North America,396000.0,253000.0,335.04,145.8,24200.0,0.89,5.0,3930608.0,189.24,4579608.0
PRD-2485,Personal Audio,Latin America,69000.0,42010.0,50.49,20.17,21300.0,0.69,3.8,534816.0,30.32,645816.0
PRD-1871,Consumer Electronics,North America,270000.0,193000.0,197.99,76.79,15000.0,0.84,5.0,1355000.0,121.2,1818000.0
PRD-1402,Wearable Tech,Asia-Pacific,286000.0,205000.0,229.54,100.94,18600.0,0.8,4.7,1900960.0,128.6,2391960.0
PRD-2713,Health & Fitness,Asia-Pacific,120000.0,93000.0,93.59,31.53,23000.0,0.78,4.5,1214380.0,62.06,1427380.0
PRD-2552,Wearable Tech,Europe,237000.0,201000.0,206.1,79.2,12600.0,0.77,4.1,1160940.0,126.89999999999999,1598940.0
PRD-2748,Office Equipment,North America,85000.0,49000.0,62.57,24.96,18100.0,0.73,4.2,546741.0,37.61,680741.0
PRD-1087,Office Equipment,Latin America,99000.0,47000.0,68.54,28.84,9000.0,0.6,4.0,211300.0,39.7,357300.0
PRD-3410,Consumer Electronics,Europe,423959.9999999991,286000.0,464.07,193.05,9000.0,0.86,4.4,1725180.0,271.02,2439180.0
PRD-3431,Consumer Electronics,North America,230000.0,160000.0,185.99,79.19,17600.0,0.84,4.6,1489680.0000000002,106.80000000000001,1879680.0000000002
PRD-2376,Gaming Gear,Middle East,207000.0,131000.0,172.89,77.04,6400.0,0.5,3.7,275439.9999999999,95.84999999999998,613439.9999999999
PRD-2391,Health & Fitness,North America,170000.0,106000.0,116.39,43.68,22500.0,0.78,4.1,1359975.0000000002,72.71000000000001,1635975.0000000002
PRD-2919,Consumer Electronics,Asia-Pacific,327000.0,214000.0,299.86,115.9,23900.0,0.85,4.4,3855644.0,183.96,4396644.0
PRD-3328,Home Automation,Asia-Pacific,248000.0,166000.0,195.51,76.0,12600.0,0.74,4.5,1091826.0,119.50999999999999,1505826.0
PRD-2834,Wearable Tech,North America,355000.0,191000.0,304.98,120.75,19300.0,0.93,4.3,3009639.0000000005,184.23000000000002,3555639.0000000005
PRD-1362,Smart Home,Europe,187000.0,104000.0,145.02,60.32,12400.0,0.81,4.6,759280.0000000002,84.70000000000002,1050280.0000000002
PRD-1465,Personal Audio,Latin America,66010.0,45000.0,45.99,19.06,17700.0,0.69,4.0,369661.00000000006,26.930000000000003,476661.00000000006
PRD-2240,Consumer Electronics,Europe,352000.0,280000.0,538.92,198.9,11000.0,0.86,4.5,3108220.0,340.02,3740220.0
PRD-1463,Outdoor Tech,Europe,162000.0,111000.0,204.12,75.48,9900.0,0.61,3.7,1000535.9999999998,128.64,1273535.9999999998
PRD-3187,Office Equipment,Latin America,88000.0,48000.0,68.54,28.84,7100.0,0.6,3.5,145870.0,39.7,281870.0
PRD-1163,Outdoor Tech,Europe,190000.0,127000.0,175.77,73.26,9300.0,0.61,3.5,636343.0,102.51,953343.0
PRD-2986,Kitchen Appliances,Latin America,127000.0,98000.0,134.16,52.38,8200.0,0.69,4.5,445596.0,81.78,670596.0
PRD-1036,Kitchen Appliances,Latin America,155000.0,77000.0,130.29,58.86,11000.0,0.69,4.3,553729.9999999999,71.42999999999999,785729.9999999999
PRD-1318,Home Automation,Asia-Pacific,230000.0,152000.0,183.54,78.28,14500.0,0.74,4.7,1144269.9999999998,105.25999999999999,1526269.9999999998
PRD-2084,Wearable Tech,North America,326000.0,227000.0,287.04,124.2,15700.0,0.93,4.9,2003588.0000000005,162.84000000000003,2556588.0000000005
PRD-1758,Office Equipment,North America,87000.0,56000.0,64.5,22.08,16500.0,0.73,4.2,556930.0,42.42,699930.0
PRD-1934,Wearable Tech,North America,301000.0,208000.0,296.01,110.4,14900.0,0.93,4.8,2256589.0,185.60999999999999,2765589.0
PRD-1066,Kitchen Appliances,Latin America,132000.0,84000.0,118.68,55.62,8000.0,0.69,4.1,288480.00000000006,63.06000000000001,504480.00000000006
PRD-2836,Kitchen Appliances,Latin America,160000.0,90000.0,138.03,57.24,7800.0,0.69,4.4,380161.9999999999,80.78999999999999,630161.9999999999
PRD-2511,Health & Fitness,North America,189000.0,107000.0,123.59,42.42,21300.0,0.8,4.4,1460921.0,81.17,1728921.0
PRD-3159,Consumer Electronics,Asia-Pacific,287000.0,219000.0,338.14,134.2,21700.0,0.85,5.0,3919498.0,203.94,4425498.0
PRD-2327,Gaming Gear,Asia-Pacific,231000.0,138000.0,188.99,63.24,17800.0,0.74,4.9,1869350.0,125.75,2238350.0
PRD-2930,Consumer Electronics,Europe,400000.0,274000.0,449.1,175.5,11200.0,0.86,4.3,2390320.0000000005,273.6,3064320.0000000005
PRD-3477,Office Equipment,Europe,109000.0,60000.0,91.67,34.34,13500.0,0.78,4.6,604955.0,57.33,773955.0
PRD-1872,Smart Home,Europe,169000.0,119000.0,136.05,62.06,11000.0,0.81,4.4,525890.0000000001,73.99000000000001,813890.0000000001
PRD-3032,Wearable Tech,Europe,255000.0,154000.0,212.97,87.12,15700.0,0.77,4.2,1566845.0,125.85,1975845.0
PRD-3370,Health & Fitness,Latin America,114000.0,76000.0,97.51,36.0,12400.0,0.74,3.8,572724.0000000001,61.510000000000005,762724.0000000001
PRD-1899,Consumer Electronics,Asia-Pacific,290000.0,230000.0,338.14,134.2,19800.0,0.85,4.6,3518012.0,203.94,4038012.0
PRD-2028,Office Equipment,North America,89000.0,46000.0,66.44,24.24,16300.0,0.73,3.5,552860.0,42.2,687860.0
PRD-2937,Office Equipment,Europe,105000.0,68000.0,86.33,35.36,13800.0,0.78,3.8,530386.0,50.97,703386.0
PRD-2652,Smart Home,Europe,155000.0,108000.0,162.96,56.84,14600.0,0.81,4.8,1286352.0,106.12,1549352.0
PRD-3060,Consumer Electronics,Latin America,191000.0,129000.0,159.99,57.04,8900.0,0.78,4.4,596255.0000000001,102.95000000000002,916255.0000000001
PRD-3390,Consumer Electronics,Europe,189000.0,123000.0,169.59,68.2,10400.0,0.61,4.4,742456.0,101.39,1054456.0
PRD-3366,Gaming Gear,Middle East,201000.0,153000.0,207.09,70.56,7000.0,0.5,3.7,601710.0,136.53,955710.0
PRD-1470,Consumer Electronics,Latin America,194000.0,105000.0,150.39,58.9,10200.0,0.61,4.0,634197.9999999998,91.48999999999998,933197.9999999998
PRD-1897,Office Equipment,Latin America,77000.0,47000.0,75.25,30.52,8800.0,0.6,4.1,269624.00000000006,44.730000000000004,393624.00000000006
PRD-2778,Office Equipment,North America,71000.0,53000.0,70.31,23.52,13000.0,0.73,4.0,484270.0000000001,46.790000000000006,608270.0000000001
PRD-1789,Smart Home,Middle East,180000.0,123000.0,227.76,85.36,7200.0,0.53,4.0,722279.9999999999,142.39999999999998,1025279.9999999999
PRD-1130,Consumer Electronics,Europe,388000.0,304969.99999999936,523.95,181.35,10500.0,0.86,4.2,2890300.0000000005,342.6,3597300.0000000005
PRD-3452,Wearable Tech,Europe,281000.0,187000.0,212.97,87.12,16100.0,0.77,4.7,1558185.0,125.85,2026185.0
PRD-1903,Health & Fitness,Asia-Pacific,113000.0,94000.0,85.49,29.58,23800.0,0.78,4.4,1123658.0,55.91,1330658.0
PRD-1528,Home Automation,Asia-Pacific,242000.0,143000.0,183.54,78.28,17900.0,0.74,4.4,1499153.9999999998,105.25999999999999,1884153.9999999998
PRD-2716,Kitchen Appliances,Latin America,125000.0,89000.0,130.29,58.86,8300.0,0.69,4.1,378868.9999999999,71.42999999999999,592868.9999999999
PRD-1372,Wearable Tech,Asia-Pacific,246000.0,190000.0,252.0,106.82,17100.0,0.8,3.8,2046578.0,145.18,2482578.0
PRD-2404,Personal Audio,Asia-Pacific,73000.0,54000.0,58.79,21.0,42000.0,0.82,4.7,1460180.0,37.79,1587180.0
PRD-3104,Wearable Tech,North America,362000.0,212000.0,313.95,106.95,19100.0,0.93,4.7,3379700.0,207.0,3953700.0
PRD-1723,Health & Fitness,Asia-Pacific,124000.0,107000.0,96.29,34.45,31600.0,0.78,4.5,1723144.0,61.84,1954144.0
PRD-2882,Wearable Tech,Europe,234000.0,193000.0,219.84,95.04,15100.0,0.77,4.1,1457480.0,124.8,1884480.0
PRD-2845,Personal Audio,Latin America,78000.0,43000.0,48.99,18.5,18400.0,0.69,3.6,440016.0,30.490000000000002,561016.0
PRD-3042,Smart Home,Europe,203000.0,121000.0,145.02,60.32,13900.0,0.81,4.4,853330.0000000002,84.70000000000002,1177330.0000000002
PRD-1958,Home Automation,Europe,272000.0,172000.0,229.44,98.28,14200.0,0.77,4.3,1418472.0,131.16,1862472.0
PRD-3371,Consumer Electronics,North America,238000.0,187000.0,179.99,71.99,14900.0,0.84,5.0,1184200.0000000002,108.00000000000001,1609200.0000000002
PRD-1643,Outdoor Tech,Europe,203000.0,133000.0,181.44,79.92,7600.0,0.61,3.6,435552.0,101.52,771552.0
PRD-2814,Kitchen Appliances,North America,246000.0,139000.0,216.15,84.55,14200.0,0.83,4.9,1483720.0000000002,131.60000000000002,1868720.0000000002
PRD-1614,Kitchen Appliances,North America,242000.0,125000.0,223.05,92.56,15500.0,0.83,4.4,1655595.0000000002,130.49,2022595.0000000002
PRD-1306,Kitchen Appliances,Latin America,158000.0,86000.0,134.16,52.38,10900.0,0.69,3.6,647402.0,81.78,891402.0
PRD-2366,Gaming Gear,North America,319000.0,288000.0,376.92,137.7,21500.0,0.89,5.0,4536230.000000001,239.22000000000003,5143230.000000001
PRD-2950,Health & Fitness,Latin America,104000.0,63000.0,97.51,36.0,12100.0,0.74,4.4,577271.0000000001,61.510000000000005,744271.0000000001
PRD-1924,Personal Audio,Asia-Pacific,94000.0,52000.0,56.99,19.11,46995.99999999991,0.82,4.6,1763152.0000000002,37.88,1780208.4799999967
PRD-1595,Kitchen Appliances,Europe,233000.0,182000.0,264.18,103.95,12000.0,0.84,4.2,1507760.0000000002,160.23000000000002,1922760.0000000002
PRD-2837,Consumer Electronics,Asia-Pacific,210000.0,157000.0,178.19,65.28,24400.0,0.74,4.8,2388004.0,112.91,2755004.0
PRD-1759,Smart Home,Middle East,157000.0,114000.0,201.48,90.64,6600.0,0.53,4.2,460543.9999999999,110.83999999999999,731543.9999999999
PRD-3404,Wearable Tech,North America,314000.0,185000.0,296.01,110.4,20600.0,0.93,4.9,3324565.9999999995,185.60999999999999,3823565.9999999995
PRD-2539,Smart Home,Middle East,144000.0,105000.0,240.9,82.72,8600.0,0.53,4.5,1111348.0,158.18,1360348.0
PRD-2016,Gaming Gear,Middle East,181000.0,127000.0,178.59,68.4,5400.0,0.5,3.9,220912.0,110.19,595026.0
PRD-2881,Smart Home,North America,322000.0,191000.0,290.16,101.85,30200.0,0.95,5.0,5173962.000000001,188.31000000000003,5686962.000000001
PRD-3118,Home Automation,Asia-Pacific,237000.0,175000.0,195.51,76.0,15600.0,0.74,4.8,1452355.9999999998,119.50999999999999,1864355.9999999998
PRD-2612,Wearable Tech,Europe,229000.0,175000.0,212.97,87.12,15200.0,0.77,4.8,1508920.0,125.85,1912920.0
PRD-2492,Wearable Tech,Europe,244000.0,173000.0,247.32,89.76,16000.0,0.77,4.5,2103960.0,157.56,2520960.0
PRD-1074,Kitchen Appliances,North America,233000.0,141000.0,209.25,95.23,15800.0,0.83,4.4,1427516.0,114.02,1801516.0
PRD-2055,Personal Audio,Europe,100000.0,69000.0,77.55,27.56,37100.0,0.79,4.7,1685628.9999999998,49.989999999999995,1854628.9999999998
PRD-3120,Consumer Electronics,Latin America,186000.0,112000.0,164.79,62.62,10500.0,0.61,4.0,774784.9999999998,102.16999999999999,1072784.9999999998
PRD-2577,Office Equipment,Europe,124000.0,66000.0,89.0,31.28,15900.0,0.78,4.0,727748.0,57.72,917748.0
PRD-3458,Home Automation,Europe,237000.0,167000.0,258.12,92.82,14000.0,0.77,4.2,1910200.0,165.3,2314200.0
PRD-1515,Personal Audio,Europe,96000.0,77000.0,72.75,28.36,37800.0,0.79,3.9,1504942.0,44.39,1677942.0
PRD-2691,Health & Fitness,North America,147000.0,92000.0,109.19,44.94,24500.0,0.8,4.3,1335125.0,64.25,1574125.0
PRD-2967,Office Equipment,Europe,120000.0,73000.0,97.01,33.32,15000.0,0.78,3.6,762350.0000000001,63.690000000000005,955350.0000000001
PRD-2618,Home Automation,Europe,267000.0,211000.0,258.12,92.82,20100.0,0.77,4.3,2844530.0,165.3,3322530.0
PRD-3274,Personal Audio,Asia-Pacific,76000.0,63000.0,65.99,19.74,46995.99999999991,0.82,4.4,2094875.0,46.25,2173564.999999996
PRD-3186,Gaming Gear,Middle East,218000.0,130000.0,189.99,66.24,6200.0,0.5,3.8,419250.0000000001,123.75000000000001,767250.0000000001
PRD-2145,Personal Audio,Europe,81000.0,64000.0,72.75,28.36,32200.0,0.79,4.1,1284358.0,44.39,1429358.0
PRD-2522,Wearable Tech,Europe,281000.0,187000.0,226.71,84.48,17300.0,0.77,4.3,1992579.0000000005,142.23000000000002,2460579.0000000005
PRD-1203,Outdoor Tech,North America,181000.0,110000.0,185.25,62.72,9400.0,0.77,3.9,860782.0,122.53,1151782.0
PRD-3215,Kitchen Appliances,Europe,262000.0,179000.0,256.41,95.04,11200.0,1.0,4.4,1366344.0,161.37,1807344.0
PRD-1225,Consumer Electronics,Latin America,70000.0,44000.0,50.49,20.17,19600.0,0.69,3.5,480272.0,30.32,594272.0
PRD-1392,Smart Home,Europe,157000.0,114000.0,162.96,56.84,13500.0,0.81,4.4,1161620.0,106.12,1432620.0
PRD-1499,Health & Fitness,Middle East,146000.0,91000.0,129.27,51.48,6500.0,0.6,3.8,268635.0000000001,77.79000000000002,505635.0000000001
PRD-3153,Outdoor Tech,North America,202000.0,140000.0,154.65,68.48,10700.0,0.77,4.1,580019.0,86.17,922019.0
PRD-1311,Health & Fitness,North America,158000.0,97000.0,127.19,46.2,23500.0,0.8,4.7,1648264.9999999998,80.99,1903264.9999999998
PRD-1155,Personal Audio,Europe,84000.0,75000.0,75.15,25.18,28700.0,0.79,4.1,1275139.0000000002,49.970000000000006,1434139.0000000002
PRD-3011,Consumer Electronics,North America,283000.0,182000.0,185.99,79.19,17100.0,0.84,4.1,1361280.0000000002,106.80000000000001,1826280.0000000002
PRD-2064,Kitchen Appliances,North America,227000.0,164000.0,250.65,87.22,11400.0,0.83,4.4,1472102.0,163.43,1863102.0
PRD-3204,Kitchen Appliances,North America,238000.0,155000.0,236.85,89.89,13300.0,0.83,4.5,1561567.9999999998,146.95999999999998,1954567.9999999998
PRD-1709,Health & Fitness,Middle East,153000.0,86000.0,129.27,51.48,8000.0,0.6,3.5,383320.0000000001,77.79000000000002,622320.0000000001
PRD-1774,Personal Audio,Asia-Pacific,87000.0,65000.0,58.79,21.0,46995.99999999991,0.82,4.5,1688373.0,37.79,1775978.8399999966
PRD-3332,Wearable Tech,Europe,296000.0,186000.0,247.32,89.76,16800.0,0.77,4.4,2165008.0,157.56,2647008.0
PRD-2715,Personal Audio,Europe,98000.0,85000.0,87.15,25.97,34700.0,0.79,4.4,1939946.0000000005,61.18000000000001,2122946.0000000005
PRD-1359,Consumer Electronics,Asia-Pacific,380000.0,255000.0,319.0,112.24,20200.0,0.85,4.9,3541552.0,206.76,4176552.0
PRD-3147,Office Equipment,Europe,110000.0,64000.0,86.33,35.36,11200.0,0.78,4.6,396864.0,50.97,570864.0
PRD-1300,Health & Fitness,Latin America,109000.0,59000.0,109.45,33.84,11800.0,0.74,4.4,724198.0,75.61,892198.0
PRD-3454,Personal Audio,Asia-Pacific,189000.0,55000.0,58.79,21.0,36500.0,0.82,4.3,1230335.0,37.79,1379335.0
PRD-1753,Health & Fitness,Asia-Pacific,103000.0,86000.0,88.19,32.5,22700.0,0.78,4.3,1075163.0,55.69,1264163.0
PRD-1033,Health & Fitness,Asia-Pacific,109000.0,109000.0,93.59,31.53,31100.0,0.78,4.7,1712066.0,62.06,1930066.0
PRD-1317,Consumer Electronics,Europe,189000.0,69000.0,89.0,31.28,14600.0,0.78,3.6,648712.0,57.72,842712.0
PRD-3165,Personal Audio,Europe,91000.0,82000.0,79.95,24.38,38900.0,0.79,3.9,1988673.0000000005,55.57000000000001,2161673.0000000005
PRD-1988,Home Automation,Europe,311000.0,187000.0,258.12,92.82,15800.0,0.77,4.1,2113740.0,165.3,2611740.0
PRD-1474,Personal Audio,Asia-Pacific,73000.0,54000.0,62.39,20.37,45400.0,0.82,4.3,1780707.9999999998,42.019999999999996,1907707.9999999998
PRD-2787,Office Equipment,Europe,96000.0,62000.0,89.0,31.28,13200.0,0.78,3.7,603904.0,57.72,761904.0
PRD-1881,Health & Fitness,North America,138000.0,93000.0,123.59,42.42,25200.0,0.8,4.2,1814484.0,81.17,2045484.0
PRD-2723,Outdoor Tech,Europe,219000.0,144000.0,204.12,75.48,7200.0,0.61,4.1,563207.9999999999,128.64,926207.9999999999
PRD-2104,Personal Audio,Asia-Pacific,86000.0,62000.0,62.39,20.37,38600.0,0.82,4.5,1473971.9999999998,42.019999999999996,1621971.9999999998
PRD-2037,Office Equipment,Europe,120000.0,73000.0,83.66,32.3,16100.0,0.78,4.3,633896.0,51.36,826896.0
PRD-3251,Consumer Electronics,North America,253000.0,185000.0,209.99,74.39,15600.0,0.84,4.7,1677360.0000000005,135.60000000000002,2115360.0000000005
PRD-3072,Smart Home,Europe,173000.0,131000.0,162.96,56.84,15000.0,0.81,4.2,1287800.0,106.12,1591800.0
PRD-2588,Home Automation,Europe,314000.0,196000.0,229.44,98.28,18600.0,0.77,4.5,1929576.0,131.16,2439576.0
PRD-1507,Office Equipment,Latin America,80000.0,58000.0,68.54,28.84,6200.0,0.6,3.5,108140.00000000004,39.7,246140.00000000003
PRD-3004,Personal Audio,Asia-Pacific,74000.0,57000.0,64.19,22.26,46995.99999999991,0.82,5.0,1910990.9999999995,41.92999999999999,1970542.279999996
PRD-2969,Health & Fitness,Middle East,151000.0,82000.0,129.27,51.48,5800.0,0.6,3.9,218182.0000000001,77.79000000000002,451182.0000000001
PRD-2559,Consumer Electronics,Asia-Pacific,284000.0,207000.0,309.43,126.88,18300.0,0.85,4.6,2849665.0,182.55,3340665.0
PRD-2667,Office Equipment,Europe,102000.0,61000.0,83.66,32.3,13900.0,0.78,4.5,550904.0,51.36,713904.0
PRD-2034,Kitchen Appliances,North America,196000.0,152000.0,223.05,92.56,15900.0,0.83,5.0,1726791.0000000002,130.49,2074791.0000000002
PRD-2911,Smart Home,North America,270000.0,209000.0,265.05,95.55,21800.0,0.95,4.5,3216100.0,169.5,3695100.0
PRD-3348,Office Equipment,North America,86000.0,51000.0,68.37,26.4,14100.0,0.73,3.5,454777.0000000001,41.970000000000006,591777.0000000001
PRD-1451,Consumer Electronics,North America,245000.0,158000.0,197.99,76.79,14600.0,0.84,4.6,1366520.0,121.2,1769520.0
PRD-1553,Outdoor Tech,Europe,182000.0,142000.0,192.78,77.7,8800.0,0.61,4.2,688704.0,115.08,1012704.0
PRD-1129,Smart Home,Middle East,183000.0,100000.0,201.48,90.64,7700.0,0.53,4.0,570467.9999999999,110.83999999999999,853467.9999999999
PRD-1407,Office Equipment,Europe,103000.0,64000.0,83.66,32.3,12700.0,0.78,4.1,485272.0,51.36,652272.0
PRD-3237,Office Equipment,Europe,122000.0,59000.0,80.99,36.38,14900.0,0.78,4.0,483688.9999999999,44.60999999999999,664688.9999999999
PRD-3441,Health & Fitness,North America,161000.0,107000.0,116.39,43.68,29400.0,0.8,4.8,1869674.0000000005,72.71000000000001,2137674.0000000005
PRD-1038,Office Equipment,North America,91000.0,128000.0,68.37,26.4,14700.0,0.73,3.5,472959.0000000001,41.970000000000006,616959.0000000001
PRD-2528,Home Automation,Europe,237000.0,167000.0,222.27,90.09,15400.0,0.77,4.9,1631572.0,132.18,2035572.0
PRD-2001,Health & Fitness,North America,129000.0,95000.0,130.79,41.16,24000.0,0.8,4.5,1927120.0,89.63,2151120.0
PRD-2042,Wearable Tech,Europe,263000.0,180000.0,219.84,95.04,14200.0,0.77,4.2,1329160.0,124.8,1772160.0
PRD-1590,Consumer Electronics,Latin America,184000.0,106000.0,159.99,57.04,9800.0,0.61,4.3,718910.0000000001,102.95000000000002,1008910.0000000001
PRD-1236,Gaming Gear,Middle East,197000.0,139000.0,184.29,74.88,5500.0,0.5,3.6,265755.0,109.41,601755.0
PRD-1498,Home Automation,Asia-Pacific,209000.0,178000.0,201.5,82.84,16500.0,0.74,4.6,1570890.0,118.66,1957890.0
PRD-1079,Health & Fitness,Middle East,132000.0,75000.0,129.27,51.48,6300.0,0.6,4.4,283077.0000000001,77.79000000000002,490077.0000000001
PRD-1641,Health & Fitness,North America,156000.0,91000.0,109.19,44.94,27700.0,0.8,4.7,1532725.0,64.25,1779725.0
PRD-2992,Wearable Tech,Asia-Pacific,280000.0,128000.0,244.51,98.0,16100.0,0.8,4.0,1892811.0,146.51,2358811.0
PRD-3194,Wearable Tech,North America,298000.0,197000.0,296.01,110.4,16600.0,0.93,4.1,2586125.9999999995,185.60999999999999,3081125.9999999995
PRD-3497,Gaming Gear,Asia-Pacific,206000.0,141000.0,161.99,61.2,22900.0,0.74,4.8,1961091.0,100.79,2308091.0
PRD-1332,Smart Home,Europe,162000.0,132000.0,158.47,63.8,11300.0,0.81,4.8,775771.0,94.67,1069771.0
PRD-2094,Kitchen Appliances,North America,189000.0,131000.0,229.95,81.88,12600.0,0.83,4.2,1545682.0,148.07,1865682.0
PRD-3085,Personal Audio,Latin America,70000.0,44000.0,54.99,17.39,16500.0,0.69,4.2,506400.0,37.6,620400.0
PRD-1380,Consumer Electronics,Latin America,175000.0,113000.0,159.99,57.04,7800.0,0.61,4.6,515010.0000000001,102.95000000000002,803010.0000000001
PRD-2574,Kitchen Appliances,North America,205000.0,136000.0,236.85,89.89,15600.0,0.83,4.3,1951575.9999999995,146.95999999999998,2292575.9999999995
PRD-2493,Outdoor Tech,North America,205000.0,114000.0,169.95,58.88,11600.0,0.77,4.1,969412.0,111.07,1288412.0
PRD-1676,Gaming Gear,North America,385000.0,215000.0,366.45,125.55,21100.0,0.89,4.5,4482989.999999999,240.89999999999998,5082989.999999999
PRD-2432,Consumer Electronics,Europe,252000.0,200000.0,240.45,81.84,13300.0,0.77,4.9,1657513.0,158.60999999999999,2109513.0
PRD-2933,Outdoor Tech,Europe,169000.0,137000.0,204.12,75.48,9100.0,0.61,3.8,864623.9999999998,128.64,1170623.9999999998
PRD-2597,Gaming Gear,Asia-Pacific,235000.0,154000.0,194.39,69.36,17600.0,0.74,5.0,1811528.0,125.02999999999999,2200528.0
PRD-2319,Consumer Electronics,Asia-Pacific,323000.0,202000.0,338.14,134.2,20400.0,0.85,5.0,3635376.0,203.94,4160376.0
PRD-1218,Office Equipment,North America,84000.0,46000.0,60.63,22.8,16800.0,0.73,3.5,505544.0,37.83,635544.0
PRD-1923,Outdoor Tech,North America,172000.0,118000.0,175.05,64.64,10700.0,0.77,4.6,891387.0,110.41000000000001,1181387.0
PRD-1443,Outdoor Tech,North America,159000.0,113000.0,169.95,58.88,13100.0,0.77,4.5,1183017.0,111.07,1455017.0
PRD-1607,Gaming Gear,Asia-Pacific,242000.0,178000.0,161.99,61.2,24400.0,0.74,5.0,2039276.0,100.79,2459276.0
PRD-1578,Office Equipment,North America,70000.0,48000.0,58.7,25.68,14400.0,0.73,4.3,357488.00000000006,33.02,475488.00000000006
PRD-2509,Smart Home,Middle East,172000.0,96000.0,214.62,88.0,8000.0,0.53,4.7,744960.0,126.62,1012960.0
PRD-2465,Kitchen Appliances,Europe,240000.0,157000.0,240.87,98.01,14000.0,0.84,5.0,1603040.0000000002,142.86,2000040.0000000002
PRD-2070,Consumer Electronics,Latin America,196000.0,110000.0,164.79,62.62,8000.0,0.61,4.4,511359.9999999999,102.16999999999999,817359.9999999999
PRD-2989,Smart Home,Middle East,183000.0,100000.0,221.19,95.92,6600.0,0.53,3.7,543782.0,125.27,826782.0
PRD-1747,Office Equipment,Latin America,97000.0,59000.0,77.48,27.16,8500.0,0.6,4.0,271720.00000000006,50.32000000000001,427720.00000000006
PRD-2486,Gaming Gear,North America,298000.0,213000.0,324.57,133.65,20500.0,0.89,4.6,3402859.9999999995,190.92,3913859.9999999995
PRD-2051,Consumer Electronics,North America,248000.0,167000.0,215.99,81.59,17000.0,0.84,5.0,1869800.0,134.4,2284800.0
PRD-2543,Outdoor Tech,Europe,177000.0,122000.0,187.11,71.04,9600.0,0.61,4.2,815272.0,116.07000000000001,1114272.0
PRD-1396,Kitchen Appliances,Latin America,130000.0,80000.0,126.42,54.0,9600.0,0.69,4.1,485232.0,72.42,695232.0
PRD-1086,Gaming Gear,Middle East,181000.0,127000.0,189.99,66.24,5400.0,0.5,3.5,347875.0000000001,123.75000000000001,668250.0000000001
PRD-1863,Outdoor Tech,North America,178000.0,136000.0,169.95,58.88,13500.0,0.77,3.9,1185445.0,111.07,1499445.0
PRD-1043,Outdoor Tech,Europe,201000.0,126000.0,204.12,75.48,9700.0,0.61,4.3,920807.9999999998,128.64,1247807.9999999998
PRD-2232,Smart Home,Europe,193000.0,122000.0,162.96,56.84,14300.0,0.81,4.3,1202516.0,106.12,1517516.0
PRD-2805,Personal Audio,Europe,108000.0,80000.0,82.35,26.77,29800.0,0.79,4.1,1468284.0,55.58,1656284.0
PRD-2447,Gaming Gear,Asia-Pacific,218000.0,139000.0,161.99,61.2,25700.0,0.74,5.0,2233303.0,100.79,2590303.0
PRD-2175,Personal Audio,Europe,94000.0,70000.0,82.35,26.77,35400.0,0.79,3.9,1803532.0,55.58,1967532.0
PRD-1732,Wearable Tech,Asia-Pacific,283000.0,196000.0,244.51,98.0,14600.0,0.8,4.7,1660046.0,146.51,2139046.0
PRD-3298,Home Automation,Asia-Pacific,216000.0,153000.0,213.47,80.56,17600.0,0.74,4.7,1970216.0,132.91,2339216.0
PRD-1994,Wearable Tech,North America,291000.0,242000.0,304.98,120.75,18200.0,0.93,4.4,2819986.0000000005,184.23000000000002,3352986.0000000005
PRD-1513,Health & Fitness,Asia-Pacific,118000.0,84000.0,96.29,34.45,25500.0,0.78,4.8,1374920.0,61.84,1576920.0
PRD-1716,Gaming Gear,Middle East,211000.0,144000.0,189.99,66.24,6800.0,0.5,3.7,486500.0000000001,123.75000000000001,841500.0000000001
PRD-3138,Office Equipment,North America,82000.0,54000.0,68.37,26.4,17100.0,0.73,3.8,581687.0000000001,41.970000000000006,717687.0000000001
PRD-2206,Kitchen Appliances,Latin America,139000.0,79000.0,138.03,57.24,9300.0,0.69,4.2,533346.9999999999,80.78999999999999,751346.9999999999
PRD-2662,Wearable Tech,Asia-Pacific,283000.0,196000.0,229.54,100.94,20200.0,0.8,4.0,2118720.0,128.6,2597720.0
PRD-2800,Health & Fitness,Latin America,96000.0,78000.0,100.5,39.24,11600.0,0.74,4.3,536616.0,61.26,710616.0
PRD-3074,Consumer Electronics,North America,317000.0,195000.0,278.07,113.85,17500.0,0.93,4.9,2361850.0,164.22,2873850.0
PRD-3040,Health & Fitness,Latin America,116000.0,58000.0,91.54,37.08,10500.0,0.74,3.8,397830.0000000001,54.46000000000001,571830.0000000001
PRD-2032,Wearable Tech,Asia-Pacific,241000.0,171000.0,229.54,100.94,16000.0,0.8,3.8,1645600.0,128.6,2057600.0
PRD-3182,Wearable Tech,Europe,276000.0,170000.0,206.1,79.2,16200.0,0.77,4.3,1609779.9999999998,126.89999999999999,2055779.9999999998
PRD-1803,Outdoor Tech,North America,183000.0,116000.0,164.85,66.56,11300.0,0.77,4.3,811677.0,98.28999999999999,1110677.0
PRD-1145,Kitchen Appliances,Europe,250000.0,139000.0,233.1,89.1,15800.0,0.84,5.0,1886200.0,144.0,2275200.0
PRD-2106,Gaming Gear,Middle East,203000.0,117000.0,207.09,70.56,6400.0,0.5,4.4,553792.0,136.53,873792.0
PRD-1946,Gaming Gear,North America,392000.0,240000.0,376.92,137.7,20900.0,0.89,4.9,4367698.000000001,239.22000000000003,4999698.000000001
PRD-1198,Home Automation,Asia-Pacific,244000.0,150000.0,213.47,80.56,15200.0,0.74,4.4,1626232.0,132.91,2020232.0
PRD-1059,Consumer Electronics,Asia-Pacific,327000.0,214000.0,338.14,134.2,18500.0,0.85,4.7,3231890.0,203.94,3772890.0
PRD-1484,Wearable Tech,North America,323000.0,216000.0,322.92,117.3,20200.0,0.93,4.5,3614524.0,205.62,4153524.0
PRD-2062,Wearable Tech,Asia-Pacific,280000.0,186000.0,259.48,95.06,17500.0,0.8,4.7,2411350.0000000005,164.42000000000002,2877350.0000000005
PRD-2200,Health & Fitness,Latin America,95000.0,75000.0,91.54,37.08,9900.0,0.74,3.9,369154.0000000001,54.46000000000001,539154.0000000001
PRD-1948,Home Automation,Asia-Pacific,265000.0,172000.0,183.54,78.28,18300.0,0.74,4.9,1489257.9999999998,105.25999999999999,1926257.9999999998
PRD-1550,Consumer Electronics,Europe,423959.9999999991,128000.0,523.95,181.35,10800.0,0.86,4.7,2986080.0000000005,342.6,3700080.0000000005
PRD-1570,Health & Fitness,Latin America,111000.0,66000.0,91.54,37.08,11600.0,0.74,3.7,454736.0000000001,54.46000000000001,631736.0000000001
PRD-3021,Health & Fitness,North America,146000.0,120000.0,116.39,43.68,28700.0,0.8,4.3,1820777.0,72.71000000000001,2086777.0000000002
PRD-1664,Wearable Tech,North America,294000.0,187000.0,287.04,124.2,15100.0,0.93,4.4,1977884.0000000005,162.84000000000003,2458884.0000000005
PRD-1250,Consumer Electronics,Europe,364000.0,304969.99999999936,449.1,175.5,9900.0,0.86,4.5,2022640.0,273.6,2708640.0
PRD-3265,Personal Audio,Latin America,189000.0,52000.0,48.99,18.5,19000.0,0.69,4.1,463310.0,30.490000000000002,579310.0
PRD-1457,Gaming Gear,Asia-Pacific,225000.0,163000.0,167.39,67.32,23500.0,0.74,5.0,1963645.0,100.07,2351645.0
PRD-1780,Health & Fitness,Latin America,117000.0,62000.0,91.54,37.08,9500.0,0.74,4.5,338370.00000000006,54.46000000000001,517370.00000000006
PRD-1118,Home Automation,Europe,303000.0,159000.0,229.44,98.28,20300.0,0.77,4.4,2200548.0,131.16,2662548.0
PRD-1866,Gaming Gear,Middle East,166000.0,115000.0,184.29,74.88,7000.0,0.5,3.8,484870.0,109.41,765870.0
PRD-2246,Gaming Gear,North America,340000.0,285000.0,355.98,141.75,22600.0,0.89,5.0,4216598.0,214.23000000000002,4841598.0
PRD-2761,Smart Home,North America,341000.0,189000.0,273.42,105.0,20800.0,0.95,4.4,2973136.0000000005,168.42000000000002,3503136.0000000005
PRD-1301,Consumer Electronics,North America,189000.0,198000.0,203.99,83.99,14000.0,0.84,4.5,1257000.0000000002,120.00000000000001,1680000.0000000002
PRD-2148,Office Equipment,North America,84000.0,46000.0,70.31,23.52,15500.0,0.73,3.8,595245.0000000001,46.790000000000006,725245.0000000001
PRD-1582,Wearable Tech,Asia-Pacific,260000.0,179000.0,252.0,106.82,13900.0,0.8,4.6,1579002.0,145.18,2018002.0
PRD-1714,Personal Audio,Asia-Pacific,89000.0,55000.0,56.99,19.11,41200.0,0.82,4.9,1416656.0,37.88,1560656.0
PRD-1219,Smart Home,Middle East,150000.0,127000.0,234.33,93.28,6700.0,0.53,4.5,668035.0000000001,141.05,945035.0000000001
PRD-1227,Office Equipment,Europe,113000.0,73000.0,94.34,37.4,16600.0,0.78,4.2,759204.0000000001,56.940000000000005,945204.0000000001
PRD-3495,Personal Audio,Europe,90000.0,78000.0,84.75,29.15,30500.0,0.79,3.9,1527800.0,55.6,1695800.0
PRD-2856,Gaming Gear,Middle East,220000.0,136000.0,178.59,68.4,5400.0,0.5,3.8,216988.0,110.19,595026.0
PRD-3178,Home Automation,Asia-Pacific,230000.0,128000.0,201.5,82.84,18300.0,0.74,4.4,1789478.0,118.66,2171478.0
PRD-2862,Smart Home,Europe,164000.0,138000.0,162.96,56.84,12300.0,0.81,4.5,1003276.0,106.12,1305276.0
PRD-2054,Wearable Tech,North America,282000.0,210000.0,313.95,106.95,21500.0,0.93,4.0,3958500.0,207.0,4450500.0
PRD-3494,Wearable Tech,North America,349000.0,235000.0,278.07,113.85,18000.0,0.93,4.3,2371960.0,164.22,2955960.0
PRD-1070,Consumer Electronics,Europe,400000.0,274000.0,508.98,204.75,13000.0,0.86,4.6,3280990.0000000005,304.23,3954990.0000000005
PRD-2661,Health & Fitness,North America,173000.0,117000.0,119.99,38.64,22300.0,0.8,4.5,1524104.9999999998,81.35,1814104.9999999998
PRD-1226,Gaming Gear,North America,301000.0,225000.0,324.57,133.65,18700.0,0.89,5.0,3044203.9999999995,190.92,3570203.9999999995
PRD-2412,Smart Home,Europe,176000.0,106000.0,145.02,60.32,10800.0,0.81,4.2,632760.0000000002,84.70000000000002,914760.0000000002
PRD-1075,Personal Audio,Latin America,66010.0,42010.0,51.99,17.95,18800.0,0.69,3.5,535952.0000000001,34.040000000000006,639952.0000000001
PRD-3346,Kitchen Appliances,Latin America,146000.0,74000.0,130.29,58.86,10600.0,0.69,4.3,537157.9999999999,71.42999999999999,757157.9999999999
PRD-2821,Smart Home,North America,332000.0,224000.0,281.79,114.45,25500.0,0.95,5.0,3711170.000000001,167.34000000000003,4267170.000000001
PRD-1952,Wearable Tech,Europe,234000.0,193000.0,233.58,92.4,16200.0,0.77,4.8,1860116.0,141.18,2287116.0
PRD-3130,Health & Fitness,Latin America,95000.0,75000.0,106.47,38.16,9000.0,0.74,4.3,444790.0,68.31,614790.0
PRD-1620,Consumer Electronics,Latin America,154000.0,115000.0,145.59,66.34,10600.0,0.61,4.1,571050.0,79.25,840050.0
PRD-2921,Consumer Electronics,North America,255000.0,194000.0,197.99,76.79,13100.0,0.84,4.7,1138720.0,121.2,1587720.0
PRD-2144,Wearable Tech,North America,317000.0,195000.0,296.01,110.4,18900.0,0.93,4.5,2996028.9999999995,185.60999999999999,3508028.9999999995
PRD-1159,Smart Home,Middle East,155000.0,109000.0,227.76,85.36,8400.0,0.53,3.8,932159.9999999998,142.39999999999998,1196159.9999999998
PRD-2936,Gaming Gear,North America,382000.0,280000.0,366.45,125.55,23000.0,0.89,4.9,4878699.999999999,240.89999999999998,5540699.999999999
PRD-2351,Consumer Electronics,North America,288000.0,200000.0,203.99,83.99,12000.0,0.84,4.1,952000.0000000002,120.00000000000001,1440000.0000000002
PRD-2898,Office Equipment,North America,91000.0,53000.0,60.63,22.8,18700.0,0.73,4.3,563421.0,37.83,707421.0
PRD-3058,Home Automation,Asia-Pacific,244000.0,150000.0,189.53,69.16,12800.0,0.74,4.1,1146736.0,120.37,1540736.0
PRD-1599,Consumer Electronics,Asia-Pacific,340000.0,260000.0,290.29,130.54,18100.0,0.85,4.4,2291475.0000000005,159.75000000000003,2891475.0000000005
PRD-2147,Gaming Gear,Asia-Pacific,185000.0,160000.0,172.79,73.44,24000.0,0.74,5.0,2039400.0,99.35,2384400.0
PRD-1885,Personal Audio,Europe,69000.0,42010.0,45.99,19.06,18200.0,0.69,3.5,381126.00000000006,26.930000000000003,490126.00000000006
PRD-1286,Gaming Gear,North America,189000.0,265000.0,335.04,145.8,22300.0,0.89,4.9,3556052.0,189.24,4220052.0
PRD-2322,Smart Home,Europe,157000.0,114000.0,153.99,58.58,12500.0,0.81,4.8,921625.0000000002,95.41000000000001,1192625.0000000002
PRD-2166,Gaming Gear,Middle East,197000.0,139000.0,172.89,77.04,5400.0,0.5,4.0,152834.99999999988,95.84999999999998,517589.9999999999
PRD-1387,Office Equipment,Latin America,86000.0,57000.0,79.72,29.68,6500.0,0.6,4.2,182260.0,50.04,325260.0
PRD-2793,Outdoor Tech,North America,178000.0,136000.0,159.75,60.8,12500.0,0.77,4.3,922875.0,98.95,1236875.0
PRD-1527,Office Equipment,Europe,97000.0,65000.0,89.0,31.28,12000.0,0.78,4.4,530640.0,57.72,692640.0
PRD-2125,Personal Audio,Latin America,66010.0,42010.0,51.99,17.95,16300.0,0.69,4.0,453852.0000000001,34.040000000000006,554852.0000000001
PRD-1192,Wearable Tech,Asia-Pacific,272000.0,217000.0,229.54,100.94,15000.0,0.8,3.9,1440000.0,128.6,1929000.0
PRD-3344,Wearable Tech,North America,323000.0,216000.0,287.04,124.2,17300.0,0.93,4.2,2278132.0000000005,162.84000000000003,2817132.0000000005
PRD-2407,Office Equipment,Latin America,95000.0,53000.0,70.78,25.48,8000.0,0.6,4.0,214400.0,45.3,362400.0
PRD-3284,Wearable Tech,North America,333000.0,183000.0,278.07,113.85,21500.0,0.93,4.6,3014730.0,164.22,3530730.0
PRD-2033,Outdoor Tech,Europe,196000.0,147000.0,198.45,68.82,7100.0,0.61,4.3,577373.0,129.63,920373.0
PRD-3297,Office Equipment,Europe,119000.0,128000.0,83.66,32.3,11700.0,0.78,3.6,411912.0,51.36,600912.0
PRD-2235,Personal Audio,Europe,91000.0,82000.0,84.75,29.15,41700.0,0.79,4.6,2145520.0,55.6,2318520.0
PRD-3250,Health & Fitness,Latin America,121000.0,75000.0,91.54,37.08,13000.0,0.74,4.6,511980.0000000001,54.46000000000001,707980.0000000001
PRD-1377,Office Equipment,Europe,122000.0,59000.0,91.67,34.34,11500.0,0.78,4.3,478295.0,57.33,659295.0
PRD-2375,Kitchen Appliances,Europe,214000.0,168000.0,256.41,95.04,15800.0,0.84,4.5,2167646.0,161.37,2549646.0
PRD-3169,Smart Home,Middle East,168000.0,119000.0,240.9,82.72,7500.0,0.53,4.7,899350.0,158.18,1186350.0
PRD-2401,Smart Home,North America,301000.0,251000.0,281.79,114.45,24700.0,0.95,4.6,3581298.000000001,167.34000000000003,4133298.000000001
PRD-1258,Home Automation,Asia-Pacific,237000.0,175000.0,219.45,71.44,18000.0,0.74,4.0,2252180.0,148.01,2664180.0
PRD-3180,Consumer Electronics,Latin America,180000.0,130000.0,169.59,68.2,8500.0,0.61,4.7,551815.0,101.39,861815.0
PRD-2434,Personal Audio,Asia-Pacific,85000.0,59000.0,65.99,19.74,45800.0,0.82,4.5,1974250.0,46.25,2118250.0
PRD-3049,Smart Home,Middle East,178000.0,118000.0,227.76,85.36,7800.0,0.53,4.4,814719.9999999998,142.39999999999998,1110719.9999999998
PRD-1878,Office Equipment,North America,82000.0,57000.0,68.37,26.4,15700.0,0.73,3.5,519929.0000000001,41.970000000000006,658929.0000000001
PRD-1830,Consumer Electronics,Latin America,163000.0,108000.0,145.59,66.34,8900.0,0.61,3.8,434325.0,79.25,705325.0
PRD-2897,Gaming Gear,Asia-Pacific,204000.0,182000.0,183.59,71.4,19400.0,0.74,4.4,1790486.0,112.19,2176486.0
PRD-2118,Office Equipment,North America,73000.0,58000.0,62.57,24.96,14100.0,0.73,4.0,399301.0,37.61,530301.0
PRD-2817,Office Equipment,Europe,111000.0,67000.0,80.99,36.38,14500.0,0.78,4.6,468844.9999999999,44.60999999999999,646844.9999999999
PRD-3121,Smart Home,North America,285000.0,196000.0,265.05,95.55,27600.0,0.95,4.2,4197200.0,169.5,4678200.0
PRD-2755,Personal Audio,Latin America,71000.0,46000.0,51.99,17.95,21100.0,0.69,4.2,601244.0000000001,34.040000000000006,718244.0000000001
PRD-3199,Smart Home,Middle East,140000.0,94000.0,221.19,95.92,8100.0,0.53,4.5,780687.0,125.27,1014687.0
PRD-2082,Smart Home,Europe,178000.0,112000.0,136.05,62.06,13800.0,0.81,4.2,731062.0000000001,73.99000000000001,1021062.0000000001
PRD-3132,Smart Home,Europe,167000.0,113000.0,136.05,62.06,12100.0,0.81,3.8,615279.0000000001,73.99000000000001,895279.0000000001
PRD-2393,Outdoor Tech,Europe,162000.0,111000.0,192.78,77.7,9300.0,0.61,4.1,797244.0,115.08,1070244.0
PRD-2150,Consumer Electronics,Europe,423959.9999999991,300000.0,464.07,193.05,12500.0,0.86,5.0,2655750.0,271.02,3387750.0
PRD-1105,Personal Audio,Latin America,74000.0,44000.0,47.49,16.84,20500.0,0.69,4.2,510325.0,30.650000000000002,628325.0
PRD-2918,Home Automation,Europe,311000.0,187000.0,243.78,95.55,14400.0,0.77,4.5,1636512.0000000005,148.23000000000002,2134512.0000000005
PRD-3413,Outdoor Tech,Europe,182000.0,142000.0,170.1,66.6,7400.0,0.61,3.9,441900.0,103.5,765900.0
PRD-3190,Health & Fitness,Latin America,91000.0,65000.0,109.45,33.84,11000.0,0.74,3.9,675710.0,75.61,831710.0
PRD-3443,Outdoor Tech,Europe,209000.0,112000.0,192.78,77.7,8200.0,0.61,3.7,622656.0,115.08,943656.0
PRD-2690,Consumer Electronics,Europe,423959.9999999991,269000.0,494.01,187.2,12300.0,0.86,4.8,3056763.0,306.81,3773763.0
PRD-1917,Office Equipment,Europe,127000.0,72000.0,97.01,33.32,11200.0,0.78,4.0,514328.0,63.690000000000005,713328.0
PRD-2409,Consumer Electronics,Asia-Pacific,360000.0,258000.0,319.0,112.24,17400.0,0.85,4.5,2979624.0,206.76,3597624.0
PRD-3033,Outdoor Tech,North America,213000.0,139000.0,180.15,70.4,11300.0,0.77,3.8,888175.0,109.75,1240175.0
PRD-3302,Wearable Tech,Europe,260000.0,172000.0,219.84,95.04,15500.0,0.77,4.6,1502400.0,124.8,1934400.0
PRD-2069,Health & Fitness,Middle East,128000.0,88000.0,125.1,46.8,6900.0,0.6,4.4,324270.0,78.3,540270.0
PRD-1916,Gaming Gear,North America,343000.0,220000.0,335.04,145.8,19100.0,0.89,5.0,3051484.0,189.24,3614484.0
PRD-2775,Personal Audio,Europe,95000.0,74000.0,72.75,28.36,41000.0,0.79,4.3,1650990.0,44.39,1819990.0
PRD-2313,Outdoor Tech,North America,165000.0,131000.0,154.65,68.48,10000.0,0.77,4.2,565700.0,86.17,861700.0
PRD-2561,Consumer Electronics,North America,223000.0,189000.0,203.99,83.99,15300.0,0.84,4.9,1424000.0000000002,120.00000000000001,1836000.0000000002
PRD-1055,Kitchen Appliances,Europe,223000.0,150000.0,248.64,106.92,12300.0,0.84,4.5,1370155.9999999995,141.71999999999997,1743155.9999999995
PRD-2520,Consumer Electronics,Latin America,184000.0,106000.0,150.39,58.9,9100.0,0.61,4.7,542558.9999999998,91.48999999999998,832558.9999999998
PRD-2333,Outdoor Tech,Europe,167000.0,130000.0,187.11,71.04,7700.0,0.61,4.5,596739.0,116.07000000000001,893739.0
PRD-2282,Wearable Tech,Europe,231000.0,184000.0,247.32,89.76,12800.0,0.77,4.8,1601768.0,157.56,2016768.0
PRD-1919,Health & Fitness,Middle East,117000.0,81000.0,129.27,51.48,6700.0,0.6,4.3,323193.0000000001,77.79000000000002,521193.0000000001
PRD-1980,Consumer Electronics,Latin America,177000.0,118000.0,174.39,60.76,9300.0,0.61,3.9,761759.0,113.63,1056759.0
PRD-3363,Outdoor Tech,North America,211000.0,133000.0,154.65,68.48,13300.0,0.77,4.4,802061.0,86.17,1146061.0
PRD-2224,Personal Audio,Asia-Pacific,81000.0,62000.0,65.99,19.74,36500.0,0.82,4.8,1545125.0,46.25,1688125.0
PRD-1293,Outdoor Tech,North America,202000.0,140000.0,175.05,64.64,12600.0,0.77,4.4,1049166.0000000002,110.41000000000001,1391166.0000000002
PRD-1547,Gaming Gear,Asia-Pacific,183000.0,152000.0,194.39,69.36,20500.0,0.74,4.6,2228114.9999999995,125.02999999999999,2563114.9999999995
PRD-1428,Office Equipment,North America,88000.0,43000.0,60.63,22.8,13800.0,0.73,4.2,391054.0,37.83,522054.0
PRD-1585,Personal Audio,Latin America,79000.0,45000.0,48.99,18.5,16700.0,0.69,4.3,385183.00000000006,30.490000000000002,509183.00000000006
PRD-1597,Office Equipment,Latin America,90000.0,54000.0,79.72,29.68,8200.0,0.6,3.9,266328.0,50.04,410328.0
PRD-1492,Wearable Tech,Asia-Pacific,316000.0,192000.0,266.97,103.88,16300.0,0.8,4.1,2150367.0000000005,163.09000000000003,2658367.0000000005
PRD-1724,Wearable Tech,North America,285000.0,221000.0,296.01,110.4,18400.0,0.93,4.0,2909223.9999999995,185.60999999999999,3415223.9999999995
PRD-2569,Smart Home,Middle East,167000.0,113000.0,221.19,95.92,6300.0,0.53,4.3,509201.0,125.27,789201.0
PRD-1870,Health & Fitness,Latin America,96000.0,78000.0,106.47,38.16,12500.0,0.74,3.9,679875.0,68.31,853875.0
PRD-1331,Consumer Electronics,North America,260000.0,157000.0,185.99,79.19,15300.0,0.84,5.0,1217040.0000000002,106.80000000000001,1634040.0000000002
PRD-3137,Gaming Gear,Asia-Pacific,179000.0,136000.0,167.39,67.32,26200.0,0.74,5.0,2306834.0,100.07,2621834.0
PRD-1516,Kitchen Appliances,Latin America,122000.0,81000.0,134.16,52.38,9100.0,0.69,4.4,541198.0,81.78,744198.0
PRD-3354,Kitchen Appliances,North America,187000.0,123000.0,229.95,81.88,13900.0,0.83,4.6,1748173.0,148.07,2058173.0
PRD-1836,Gaming Gear,Middle East,199000.0,146000.0,201.39,79.2,6500.0,0.5,4.0,449234.9999999999,122.18999999999998,794234.9999999999
PRD-2644,Personal Audio,Asia-Pacific,89000.0,55000.0,65.99,19.74,37800.0,0.82,4.2,1604250.0,46.25,1748250.0
PRD-1877,Gaming Gear,Asia-Pacific,181000.0,144000.0,167.39,67.32,24200.0,0.74,4.6,2096694.0,100.07,2421694.0
PRD-2422,Wearable Tech,Asia-Pacific,316000.0,192000.0,252.0,106.82,15000.0,0.8,4.4,1669700.0,145.18,2177700.0
PRD-2270,Consumer Electronics,Europe,408000.0,302000.0,494.01,187.2,12000.0,0.86,4.3,2971720.0,306.81,3681720.0
PRD-1223,Outdoor Tech,Europe,184000.0,148000.0,181.44,79.92,7300.0,0.61,4.2,409096.0,101.52,741096.0
PRD-1662,Smart Home,Europe,160000.0,126000.0,136.05,62.06,13400.0,0.81,4.8,705466.0000000001,73.99000000000001,991466.0000000001
PRD-1931,Consumer Electronics,North America,263000.0,166000.0,203.99,83.99,17700.0,0.84,4.7,1695000.0000000005,120.00000000000001,2124000.0000000005
PRD-1697,Gaming Gear,Asia-Pacific,200000.0,166000.0,188.99,63.24,21300.0,0.74,4.7,2312475.0,125.75,2678475.0
PRD-2275,Personal Audio,Latin America,66010.0,45000.0,50.49,20.17,17100.0,0.69,4.1,407472.0,30.32,518472.0
PRD-1525,Personal Audio,Latin America,66010.0,42010.0,47.49,16.84,21100.0,0.69,3.6,548715.0,30.650000000000002,646715.0
PRD-1617,Office Equipment,Europe,109000.0,60000.0,83.66,32.3,15700.0,0.78,3.8,637352.0,51.36,806352.0
PRD-2815,Personal Audio,Latin America,69000.0,42010.0,53.49,19.61,16700.0,0.69,3.8,456796.0,33.88,565796.0
PRD-1865,Kitchen Appliances,Europe,238000.0,149000.0,271.95,92.07,11900.0,0.84,4.6,1753572.0,179.88,2140572.0
PRD-1137,Office Equipment,Europe,101000.0,58000.0,80.99,36.38,12800.0,0.78,3.7,412007.9999999999,44.60999999999999,571007.9999999999
PRD-2628,Office Equipment,North America,90000.0,48000.0,58.7,25.68,18900.0,0.73,3.9,486078.0000000001,33.02,624078.0000000001
PRD-3499,Smart Home,Middle East,189000.0,113000.0,208.05,80.08,5800.0,0.53,4.7,462226.0000000001,127.97000000000001,742226.0000000001
PRD-3350,Consumer Electronics,Europe,423959.9999999991,241000.0,449.1,175.5,11600.0,0.78,4.8,2492760.0000000005,273.6,3173760.0000000005
PRD-3193,Health & Fitness,Asia-Pacific,128000.0,97000.0,96.29,34.45,28800.0,0.78,4.6,1555992.0,61.84,1780992.0
PRD-3089,Health & Fitness,Middle East,143000.0,82000.0,137.61,49.92,5400.0,0.6,4.2,248526.0000000001,87.69000000000001,473526.00000000006
PRD-2540,Consumer Electronics,Europe,416000.0,244000.0,508.98,204.75,11900.0,0.86,4.7,2960337.0,304.23,3620337.0
PRD-3174,Kitchen Appliances,North America,207000.0,144000.0,209.25,95.23,12100.0,0.83,4.7,1028642.0,114.02,1379642.0
PRD-2004,Kitchen Appliances,North America,233000.0,141000.0,243.75,97.9,14600.0,0.83,4.8,1755410.0,145.85,2129410.0
PRD-1394,Wearable Tech,North America,288000.0,231000.0,278.07,113.85,15300.0,0.93,4.0,1993566.0,164.22,2512566.0
PRD-2922,Smart Home,Europe,158000.0,120000.0,136.05,62.06,14500.0,0.81,4.1,794855.0000000002,73.99000000000001,1072855.0000000002
PRD-2417,Gaming Gear,Asia-Pacific,189000.0,176000.0,178.19,65.28,23800.0,1.0,4.3,2322258.0,112.91,2687258.0
PRD-1944,Kitchen Appliances,North America,240000.0,162000.0,236.85,89.89,12100.0,0.83,4.1,1376215.9999999998,146.95999999999998,1778215.9999999998
PRD-2467,Office Equipment,Latin America,93000.0,62000.0,73.01,28.0,6200.0,0.6,3.6,124062.00000000006,45.010000000000005,279062.00000000006
PRD-1397,Gaming Gear,Asia-Pacific,231000.0,138000.0,161.99,61.2,19600.0,0.74,4.5,1606484.0000000002,100.79,1975484.0000000002
PRD-1831,Smart Home,North America,341000.0,189000.0,290.16,101.85,22900.0,0.95,5.0,3782299.000000001,188.31000000000003,4312299.000000001
PRD-1132,Wearable Tech,Asia-Pacific,280000.0,186000.0,274.45,92.12,18800.0,0.8,4.3,2961803.9999999995,182.32999999999998,3427803.9999999995
PRD-1178,Home Automation,Europe,294000.0,189000.0,236.61,87.36,16300.0,0.77,5.0,1949775.0,149.25,2432775.0
PRD-1593,Outdoor Tech,North America,174000.0,124000.0,164.85,66.56,13600.0,0.77,4.6,1038744.0,98.28999999999999,1336744.0
PRD-2880,Consumer Electronics,Latin America,152000.0,109000.0,145.59,66.34,7700.0,0.61,4.5,349225.0,79.25,610225.0
PRD-2643,Outdoor Tech,North America,163000.0,125000.0,164.85,66.56,12000.0,0.77,4.2,891480.0,98.28999999999999,1179480.0
PRD-2311,Smart Home,North America,267000.0,198000.0,298.53,111.3,28300.0,0.95,5.0,4833608.999999999,187.22999999999996,5298608.999999999
PRD-3197,Gaming Gear,Asia-Pacific,237000.0,162000.0,172.79,73.44,21100.0,0.74,4.6,1697284.9999999998,99.35,2096284.9999999998
PRD-2261,Consumer Electronics,North America,260000.0,157000.0,215.99,81.59,14100.0,0.84,4.7,1478040.0,134.4,1895040.0
PRD-3185,Kitchen Appliances,Europe,228000.0,166000.0,279.72,100.98,15400.0,0.84,4.6,2358596.0,178.74,2752596.0
PRD-2801,Consumer Electronics,North America,270000.0,193000.0,185.99,79.19,13800.0,0.84,4.4,1010840.0000000002,106.80000000000001,1473840.0000000002
PRD-2394,Kitchen Appliances,North America,224000.0,157000.0,216.15,84.55,13800.0,0.83,4.4,1435080.0000000002,131.60000000000002,1816080.0000000002
PRD-3116,Gaming Gear,North America,350000.0,245000.0,324.57,133.65,17200.0,0.89,4.8,2688824.0,190.92,3283824.0
PRD-2595,Personal Audio,Europe,104000.0,84000.0,82.35,26.77,36400.0,0.79,4.4,1835112.0,55.58,2023112.0
PRD-3179,Health & Fitness,Middle East,116000.0,77000.0,129.27,51.48,7300.0,0.6,3.6,374867.0000000001,77.79000000000002,567867.0000000001
PRD-3399,Consumer Electronics,Asia-Pacific,350000.0,223000.0,309.43,126.88,19600.0,0.85,4.5,3004980.0,182.55,3577980.0
PRD-2222,Wearable Tech,Europe,239000.0,156000.0,240.45,81.84,16100.0,0.77,4.1,2158620.9999999995,158.60999999999999,2553620.9999999995
PRD-1779,Consumer Electronics,Asia-Pacific,310000.0,228000.0,319.0,112.24,20900.0,0.85,4.3,3783284.0,206.76,4321284.0
PRD-3009,Consumer Electronics,Asia-Pacific,363000.0,198000.0,347.71,119.56,20900.0,0.85,4.9,4207334.999999999,228.14999999999998,4768334.999999999
PRD-1963,Health & Fitness,Asia-Pacific,109000.0,109000.0,88.19,32.5,28800.0,0.78,5.0,1385872.0,55.69,1603872.0
PRD-2089,Smart Home,Middle East,155000.0,109000.0,214.62,88.0,7800.0,0.53,4.2,723636.0,126.62,987636.0
PRD-1699,Smart Home,Middle East,162000.0,97000.0,240.9,82.72,8200.0,0.53,4.6,1038076.0,158.18,1297076.0
PRD-2772,Smart Home,Europe,200000.0,109000.0,140.53,55.1,14000.0,0.81,4.0,887020.0,85.43,1196020.0
PRD-1425,Personal Audio,Europe,86000.0,83000.0,77.55,27.56,28400.0,0.79,4.5,1250715.9999999998,49.989999999999995,1419715.9999999998
PRD-2670,Consumer Electronics,Latin America,198000.0,116000.0,145.59,66.34,9400.0,0.61,3.7,430950.0,79.25,744950.0
PRD-2177,Gaming Gear,Asia-Pacific,214000.0,173000.0,194.39,69.36,26000.0,0.74,4.8,2863779.9999999995,125.02999999999999,3250779.9999999995
PRD-2777,Gaming Gear,Asia-Pacific,216000.0,181000.0,172.79,73.44,20500.0,0.74,5.0,1639674.9999999998,99.35,2036674.9999999998
PRD-1469,Health & Fitness,Middle East,127000.0,84000.0,141.78,54.6,5800.0,0.6,4.0,294644.00000000006,87.18,505644.00000000006
PRD-1221,Health & Fitness,North America,141000.0,104000.0,109.19,44.94,27000.0,0.8,4.2,1489750.0,64.25,1734750.0
PRD-1403,Outdoor Tech,Europe,167000.0,130000.0,198.45,68.82,8400.0,0.61,4.1,791892.0,129.63,1088892.0
PRD-3024,Kitchen Appliances,North America,189000.0,131000.0,216.15,84.55,11500.0,0.83,4.6,1193400.0000000002,131.60000000000002,1513400.0000000002
PRD-2794,Personal Audio,Asia-Pacific,96000.0,61000.0,64.19,22.26,39500.0,0.82,4.3,1499234.9999999998,41.92999999999999,1656234.9999999998
PRD-1201,Smart Home,North America,295000.0,229000.0,290.16,101.85,27000.0,0.95,4.9,4560370.000000001,188.31000000000003,5084370.000000001
PRD-2049,Consumer Electronics,Asia-Pacific,189000.0,251000.0,328.57,123.22,20600.0,0.85,4.7,3662210.0,205.35,4230210.0
PRD-2488,Home Automation,Asia-Pacific,202000.0,155000.0,195.51,76.0,18000.0,0.74,4.6,1794180.0,119.50999999999999,2151180.0
PRD-3474,Kitchen Appliances,North America,242000.0,125000.0,243.75,97.9,13200.0,0.83,4.9,1558220.0,145.85,1925220.0
PRD-1918,Home Automation,Asia-Pacific,232000.0,160000.0,201.5,82.84,16900.0,0.74,4.0,1613354.0,118.66,2005354.0
PRD-1144,Personal Audio,Asia-Pacific,74000.0,57000.0,58.79,21.0,38200.0,0.82,4.3,1312578.0,37.79,1443578.0
PRD-3388,Home Automation,Asia-Pacific,242000.0,143000.0,201.5,82.84,15400.0,0.74,4.1,1442364.0,118.66,1827364.0
PRD-2717,Gaming Gear,Asia-Pacific,223000.0,155000.0,167.39,67.32,25500.0,0.74,4.5,2173785.0,100.07,2551785.0
PRD-1867,Office Equipment,Latin America,92000.0,59000.0,81.95,26.32,8100.0,0.6,3.5,299603.0,55.63,450603.0
PRD-1930,Health & Fitness,Latin America,92000.0,68000.0,109.45,33.84,10000.0,0.74,4.6,596100.0,75.61,756100.0
PRD-3392,Wearable Tech,Europe,289000.0,159000.0,206.1,79.2,13500.0,0.77,4.0,1265150.0,126.89999999999999,1713150.0
PRD-2844,Kitchen Appliances,North America,209000.0,151000.0,243.75,97.9,15500.0,0.83,4.7,1900675.0,145.85,2260675.0
PRD-1962,Smart Home,Europe,189000.0,110000.0,158.47,63.8,14400.0,0.81,3.9,1064248.0,94.67,1363248.0
PRD-1299,Consumer Electronics,Asia-Pacific,287000.0,219000.0,309.43,126.88,25200.0,0.85,5.0,4094260.0,182.55,4600260.0
PRD-1649,Health & Fitness,Middle East,115000.0,72000.0,125.1,46.8,6700.0,0.6,3.9,337610.0,78.3,524610.0
PRD-2187,Office Equipment,Europe,95000.0,59000.0,80.99,36.38,11000.0,0.78,4.4,336709.99999999994,44.60999999999999,490709.99999999994
PRD-1959,Consumer Electronics,Asia-Pacific,281000.0,196000.0,347.71,119.56,23700.0,0.85,5.0,4930154.999999999,228.14999999999998,5407154.999999999
PRD-1907,Gaming Gear,Asia-Pacific,210000.0,157000.0,188.99,63.24,26200.0,0.74,4.4,2927650.0,125.75,3294650.0
PRD-2523,Outdoor Tech,North America,174000.0,124000.0,154.65,68.48,12600.0,0.77,3.9,787742.0,86.17,1085742.0
PRD-1675,Personal Audio,Latin America,66010.0,42010.0,45.99,19.06,21900.0,0.69,3.7,482767.0000000001,26.930000000000003,589767.0000000001
PRD-1100,Consumer Electronics,Europe,423959.9999999991,297000.0,464.07,193.05,9500.0,0.86,4.4,1821690.0,271.02,2574690.0
PRD-1850,Consumer Electronics,Europe,368000.0,249000.0,494.01,187.2,11700.0,0.86,4.9,2972677.0,306.81,3589677.0
PRD-2195,Kitchen Appliances,Europe,235000.0,141000.0,233.1,89.1,14100.0,0.84,4.6,1654400.0,144.0,2030400.0
PRD-1788,Office Equipment,North America,74000.0,45000.0,58.7,25.68,17900.0,0.73,4.0,472058.0,33.02,591058.0
PRD-3087,Office Equipment,Europe,113000.0,73000.0,83.66,32.3,14400.0,0.78,3.9,553584.0,51.36,739584.0
PRD-3367,Office Equipment,Latin America,80000.0,58000.0,75.25,30.52,8100.0,0.6,4.2,224313.0000000001,44.730000000000004,362313.00000000006
PRD-2108,Home Automation,Europe,294000.0,189000.0,222.27,90.09,14900.0,0.77,4.4,1486482.0,132.18,1969482.0
PRD-3241,Smart Home,North America,267000.0,198000.0,281.79,114.45,26300.0,0.95,4.5,3936042.000000001,167.34000000000003,4401042.000000001
PRD-2639,Health & Fitness,Middle East,153000.0,86000.0,150.12,53.04,7400.0,0.6,3.9,479392.0000000001,97.08000000000001,718392.0000000001
PRD-1340,Consumer Electronics,Europe,408000.0,302000.0,523.95,181.35,12900.0,0.86,5.0,3709540.0,342.6,4419540.0
PRD-2504,Wearable Tech,North America,358000.0,202000.0,287.04,124.2,16200.0,0.93,4.3,2078008.0000000005,162.84000000000003,2638008.0000000005
PRD-2841,Health & Fitness,North America,159000.0,102000.0,130.79,41.16,25500.0,0.8,4.4,2024565.0,89.63,2285565.0
PRD-2556,Consumer Electronics,Middle East,189000.0,154000.0,189.99,66.24,5400.0,0.5,3.6,238625.0000000001,123.75000000000001,668250.0000000001
PRD-3358,Home Automation,Asia-Pacific,209000.0,178000.0,219.45,71.44,14000.0,0.74,4.3,1685139.9999999998,148.01,2072139.9999999998
PRD-2368,Home Automation,Asia-Pacific,216000.0,153000.0,183.54,78.28,12500.0,0.74,4.3,946750.0,105.25999999999999,1315750.0
PRD-3022,Wearable Tech,Asia-Pacific,319000.0,201000.0,274.45,92.12,17600.0,0.8,3.8,2689007.9999999995,182.32999999999998,3209007.9999999995
PRD-2225,Kitchen Appliances,Europe,269000.0,154000.0,264.18,103.95,15300.0,0.84,4.4,2028519.0000000005,160.23000000000002,2451519.0000000005
PRD-2756,Gaming Gear,North America,305000.0,238000.0,335.04,145.8,20300.0,0.89,5.0,3298572.0,189.24,3841572.0
PRD-1212,Smart Home,Europe,173000.0,131000.0,149.5,53.36,11900.0,0.81,4.5,840066.0,96.14,1144066.0
PRD-3270,Consumer Electronics,Latin America,200000.0,122000.0,159.99,57.04,7200.0,0.61,4.1,419240.0000000001,102.95000000000002,741240.0000000001
PRD-1521,Health & Fitness,North America,165000.0,90000.0,127.19,46.2,28900.0,0.8,4.4,2085611.0,80.99,2340611.0
PRD-1312,Wearable Tech,Asia-Pacific,255000.0,219000.0,244.51,98.0,14100.0,0.8,4.2,1591790.9999999998,146.51,2065790.9999999998
PRD-2424,Kitchen Appliances,North America,187000.0,123000.0,243.75,97.9,15100.0,0.83,4.2,1892335.0,145.85,2202335.0
PRD-1787,Gaming Gear,Asia-Pacific,223000.0,155000.0,178.19,65.28,18300.0,0.74,5.0,1688253.0,112.91,2066253.0
PRD-3418,Home Automation,Asia-Pacific,202000.0,155000.0,183.54,78.28,16800.0,0.74,3.9,1411367.9999999998,105.25999999999999,1768367.9999999998
PRD-3127,Office Equipment,Latin America,91000.0,57000.0,81.95,26.32,8800.0,0.6,3.6,341544.0,55.63,489544.0
PRD-1001,Consumer Electronics,North America,250000.0,180000.0,199.99,79.99,15000.0,0.85,4.6,1370000.0000000002,120.00000000000001,1800000.0000000002
PRD-1563,Consumer Electronics,North America,205000.0,114000.0,180.15,70.4,12500.0,0.77,4.8,1052875.0,109.75,1371875.0
PRD-3263,Outdoor Tech,Europe,167000.0,130000.0,175.77,73.26,7100.0,0.61,3.8,430821.0,102.51,727821.0
PRD-2567,Gaming Gear,Asia-Pacific,206000.0,141000.0,172.79,73.44,24600.0,0.74,4.4,2097010.0,99.35,2444010.0
PRD-3097,Office Equipment,Latin America,78000.0,52000.0,73.01,28.0,8100.0,0.6,3.8,234581.0000000001,45.010000000000005,364581.00000000006
PRD-2189,Health & Fitness,Middle East,120000.0,89000.0,133.44,56.16,6600.0,0.6,3.6,301048.0,77.28,510048.0
PRD-1106,Gaming Gear,North America,322000.0,223000.0,376.92,137.7,19700.0,0.89,5.0,4167634.000000001,239.22000000000003,4712634.000000001
PRD-2045,Kitchen Appliances,Europe,216000.0,176000.0,240.87,98.01,13600.0,0.84,4.5,1550896.0000000002,142.86,1942896.0000000002
PRD-3192,Smart Home,Europe,162000.0,132000.0,140.53,55.1,14400.0,0.81,4.5,936192.0,85.43,1230192.0
PRD-2548,Home Automation,Asia-Pacific,196000.0,132000.0,201.5,82.84,14500.0,0.74,4.2,1392570.0,118.66,1720570.0
PRD-2529,Consumer Electronics,Asia-Pacific,340000.0,260000.0,338.14,134.2,25200.0,0.85,5.0,4539288.0,203.94,5139288.0
PRD-1324,Personal Audio,Asia-Pacific,93000.0,67000.0,64.19,22.26,43700.0,0.82,5.0,1672340.9999999998,41.92999999999999,1832340.9999999998
PRD-2112,Smart Home,Europe,203000.0,121000.0,153.99,58.58,14900.0,0.81,4.0,1097609.0000000002,95.41000000000001,1421609.0000000002
PRD-2280,Consumer Electronics,Latin America,189000.0,104000.0,164.79,62.62,10000.0,0.61,4.1,766699.9999999999,102.16999999999999,1021699.9999999999
PRD-3422,Wearable Tech,Europe,244000.0,173000.0,233.58,92.4,14800.0,0.77,4.9,1672464.0,141.18,2089464.0
PRD-2160,Consumer Electronics,Latin America,161000.0,102000.0,155.19,64.48,10400.0,0.61,3.8,680383.9999999999,90.71,943383.9999999999
PRD-3019,Smart Home,Middle East,155000.0,109000.0,201.48,90.64,7200.0,0.53,4.6,534047.9999999999,110.83999999999999,798047.9999999999
PRD-2103,Outdoor Tech,North America,213000.0,139000.0,154.65,68.48,12300.0,0.77,4.5,707891.0,86.17,1059891.0
PRD-1471,Smart Home,North America,301000.0,251000.0,298.53,111.3,26800.0,0.95,4.2,4465763.999999999,187.22999999999996,5017763.999999999
PRD-1081,Smart Home,North America,313000.0,227000.0,273.42,105.0,28300.0,0.95,4.6,4226286.0,168.42000000000002,4766286.0
PRD-3432,Smart Home,Europe,196000.0,134000.0,158.47,63.8,13100.0,0.81,4.0,910177.0,94.67,1240177.0
PRD-2535,Personal Audio,Europe,106000.0,72000.0,79.95,24.38,30100.0,0.79,4.8,1494657.0000000002,55.57000000000001,1672657.0000000002
PRD-1388,Home Automation,Europe,308000.0,178000.0,236.61,87.36,20100.0,0.77,4.8,2513925.0,149.25,2999925.0
PRD-1770,Consumer Electronics,Latin America,168000.0,125000.0,174.39,60.76,7300.0,0.61,4.2,536499.0,113.63,829499.0
PRD-2157,Office Equipment,Europe,113000.0,73000.0,89.0,31.28,15500.0,0.78,4.6,708660.0,57.72,894660.0
PRD-1229,Health & Fitness,Middle East,143000.0,82000.0,125.1,46.8,6500.0,0.6,3.5,283950.0,78.3,508950.0
PRD-3184,Personal Audio,Asia-Pacific,93000.0,67000.0,56.99,19.11,37000.0,0.82,5.0,1241560.0,37.88,1401560.0
PRD-1883,Outdoor Tech,Europe,181000.0,135000.0,204.12,75.48,10200.0,0.61,4.4,996127.9999999998,128.64,1312127.9999999998
PRD-1285,Personal Audio,Latin America,68000.0,51000.0,51.99,17.95,15200.0,0.69,4.1,398408.0000000001,34.040000000000006,517408.0000000001
PRD-2664,Consumer Electronics,North America,229000.0,126000.0,223.05,92.56,13600.0,0.83,5.0,1419664.0000000002,130.49,1774664.0000000002
PRD-3017,Gaming Gear,Asia-Pacific,191000.0,184000.0,194.39,69.36,18300.0,0.74,4.7,1913048.9999999995,125.02999999999999,2288048.9999999995
PRD-1329,Consumer Electronics,Asia-Pacific,333000.0,237000.0,347.71,119.56,18300.0,0.85,5.0,3605145.0,228.14999999999998,4175144.9999999995
PRD-3426,Gaming Gear,Middle East,195000.0,132000.0,172.89,77.04,5600.0,0.5,4.4,209759.99999999988,95.84999999999998,536759.9999999999
PRD-1894,Personal Audio,Asia-Pacific,82000.0,65000.0,62.39,20.37,46600.0,0.82,4.8,1811132.0,42.019999999999996,1958131.9999999998
PRD-1170,Consumer Electronics,Latin America,166000.0,120000.0,159.99,57.04,9500.0,0.61,3.8,692025.0000000001,102.95000000000002,978025.0000000001
PRD-2582,Wearable Tech,Europe,273000.0,161000.0,233.58,92.4,13900.0,0.77,3.9,1528402.0,141.18,1962402.0
PRD-3208,Home Automation,Asia-Pacific,262000.0,164000.0,183.54,78.28,13400.0,0.74,4.2,984483.9999999998,105.25999999999999,1410483.9999999998
PRD-1518,Office Equipment,North America,72000.0,128000.0,70.31,23.52,18100.0,0.73,3.6,719899.0000000001,46.790000000000006,846899.0000000001
PRD-2990,Consumer Electronics,Europe,388000.0,304969.99999999936,464.07,193.05,13200.0,0.86,5.0,2870463.9999999995,271.02,3577463.9999999995
PRD-2606,Gaming Gear,North America,385000.0,215000.0,345.51,129.6,19500.0,0.89,4.9,3610245.0,215.91,4210245.0
PRD-1012,Wearable Tech,Asia-Pacific,280000.0,190000.0,249.5,98.0,16800.0,0.79,4.3,2075200.0,151.5,2545200.0
PRD-1056,Gaming Gear,Middle East,215000.0,116000.0,207.09,70.56,5400.0,0.5,3.7,324344.0,136.53,737262.0
PRD-1628,Home Automation,Europe,275000.0,181000.0,215.1,81.9,18400.0,0.77,4.3,1994880.0,133.2,2450880.0
PRD-1572,Smart Home,Europe,196000.0,134000.0,145.02,60.32,10000.0,0.81,4.3,517000.0000000001,84.70000000000002,847000.0000000001
PRD-3288,Office Equipment,North America,88000.0,43000.0,66.44,24.24,17800.0,0.73,3.9,620160.0,42.2,751160.0
PRD-1845,Personal Audio,Europe,95000.0,74000.0,77.55,27.56,29400.0,0.79,3.9,1300705.9999999998,49.989999999999995,1469705.9999999998
PRD-1657,Office Equipment,Latin America,87000.0,63000.0,81.95,26.32,6500.0,0.6,3.5,211595.0,55.63,361595.0
PRD-3356,Gaming Gear,North America,308000.0,250000.0,366.45,125.55,23600.0,0.89,5.0,5127239.999999999,240.89999999999998,5685239.999999999
PRD-1864,Personal Audio,Asia-Pacific,96000.0,61000.0,55.19,21.63,42800.0,0.82,5.0,1279368.0,33.56,1436368.0
PRD-3150,Consumer Electronics,Latin America,156000.0,121000.0,150.39,58.9,7700.0,0.61,3.8,427472.9999999999,91.48999999999998,704472.9999999999
PRD-2934,Kitchen Appliances,North America,233000.0,141000.0,229.95,81.88,13500.0,0.83,4.1,1624945.0,148.07,1998945.0
PRD-1255,Personal Audio,Latin America,80000.0,48000.0,45.99,19.06,21300.0,0.69,4.3,445609.0000000001,26.930000000000003,573609.0000000001
PRD-3439,Smart Home,Middle East,172000.0,96000.0,201.48,90.64,7400.0,0.53,4.0,552215.9999999999,110.83999999999999,820215.9999999999
PRD-2088,Office Equipment,North America,86000.0,128000.0,68.37,26.4,19200.0,0.73,4.2,665824.0000000001,41.970000000000006,805824.0000000001
PRD-1444,Personal Audio,Asia-Pacific,88000.0,68000.0,55.19,21.63,41600.0,0.82,4.5,1240096.0,33.56,1396096.0
PRD-1869,Consumer Electronics,Europe,347000.0,212000.0,299.86,115.9,17800.0,0.85,4.8,2715488.0,183.96,3274488.0
PRD-2966,Gaming Gear,North America,322000.0,223000.0,335.04,145.8,16400.0,0.89,4.7,2558536.0,189.24,3103536.0
PRD-1943,Outdoor Tech,Europe,175000.0,116000.0,170.1,66.6,8200.0,0.61,3.8,557700.0,103.5,848700.0
PRD-1911,Health & Fitness,North America,159000.0,102000.0,112.79,39.9,27400.0,0.8,4.0,1736186.0000000005,72.89000000000001,1997186.0000000005
PRD-1922,Wearable Tech,Europe,278000.0,179000.0,206.1,79.2,14900.0,0.77,3.9,1433809.9999999998,126.89999999999999,1890809.9999999998
PRD-2824,Personal Audio,Asia-Pacific,82000.0,65000.0,58.79,21.0,43300.0,0.82,4.1,1489307.0,37.79,1636307.0
PRD-3473,Outdoor Tech,Europe,177000.0,122000.0,175.77,73.26,8900.0,0.61,3.5,613339.0,102.51,912339.0
PRD-1900,Health & Fitness,Latin America,110000.0,63000.0,97.51,36.0,9000.0,0.74,3.7,380590.0,61.510000000000005,553590.0
PRD-3096,Gaming Gear,Middle East,197000.0,139000.0,201.39,79.2,7000.0,0.5,4.4,519329.9999999999,122.18999999999998,855329.9999999999
PRD-2142,Smart Home,Europe,173000.0,131000.0,140.53,55.1,10900.0,0.81,3.8,627187.0000000001,85.43,931187.0000000001
PRD-1742,Wearable Tech,Europe,221000.0,149000.0,233.58,92.4,13100.0,0.77,4.0,1479458.0,141.18,1849458.0
PRD-1591,Smart Home,North America,282000.0,253000.0,256.68,108.15,46995.99999999991,0.95,4.5,3252515.0,148.53,6980315.879999987
PRD-2091,Health & Fitness,North America,146000.0,120000.0,123.59,42.42,20600.0,0.8,5.0,1406102.0,81.17,1672102.0
PRD-2030,Consumer Electronics,Europe,423959.9999999991,297000.0,538.92,198.9,13100.0,0.86,4.8,3701262.0,340.02,4454262.0
PRD-1538,Home Automation,Europe,245000.0,194000.0,229.44,98.28,20800.0,0.77,4.9,2289128.0,131.16,2728128.0
PRD-1825,Personal Audio,Latin America,71000.0,46000.0,54.99,17.39,22600.0,0.69,3.8,732760.0,37.6,849760.0
PRD-1722,Smart Home,Europe,155000.0,108000.0,140.53,55.1,10500.0,0.81,4.4,634015.0000000001,85.43,897015.0000000001
PRD-1013,Outdoor Tech,Europe,190000.0,130000.0,189.0,74.0,8500.0,0.68,4.0,657500.0,115.0,977500.0
PRD-2403,Outdoor Tech,North America,185000.0,123000.0,180.15,70.4,13200.0,0.77,4.7,1140700.0,109.75,1448700.0
PRD-2846,Gaming Gear,North America,343000.0,220000.0,314.1,121.5,17400.0,0.89,4.4,2788240.0000000005,192.60000000000002,3351240.0000000005
PRD-2534,Wearable Tech,North America,304000.0,218000.0,322.92,117.3,17800.0,0.93,4.1,3138036.0,205.62,3660036.0
PRD-1065,Personal Audio,Europe,103000.0,304969.99999999936,79.95,24.38,33600.0,0.79,4.7,1684152.0000000002,55.57000000000001,1867152.0000000002
PRD-1048,Home Automation,Asia-Pacific,225000.0,136000.0,219.45,71.44,14600.0,0.74,4.3,1799946.0,148.01,2160946.0
PRD-1452,Smart Home,Europe,207000.0,133000.0,136.05,62.06,10600.0,0.78,4.0,444294.0000000001,73.99000000000001,784294.0000000001
PRD-1422,Smart Home,Europe,182000.0,124000.0,149.5,53.36,14600.0,0.81,4.2,1097644.0,96.14,1403644.0
PRD-1837,Office Equipment,Latin America,79000.0,55000.0,73.01,28.0,7400.0,0.6,3.5,199074.0000000001,45.010000000000005,333074.00000000006
PRD-1500,Consumer Electronics,Latin America,165000.0,114000.0,169.59,68.2,7400.0,0.61,3.8,471286.0,101.39,750286.0
PRD-2385,Personal Audio,Europe,99000.0,65000.0,82.35,26.77,28700.0,0.79,4.7,1431146.0,55.58,1595146.0
PRD-3016,Kitchen Appliances,Latin America,147000.0,78000.0,122.55,49.14,9000.0,0.69,4.3,435690.0,73.41,660690.0
PRD-2505,Personal Audio,Europe,93000.0,66000.0,87.15,25.97,41300.0,0.79,3.9,2367734.0000000005,61.18000000000001,2526734.0000000005
PRD-2453,Outdoor Tech,Europe,215000.0,131000.0,198.45,68.82,7300.0,0.61,3.7,600299.0,129.63,946299.0
PRD-1030,Health & Fitness,Latin America,189000.0,68000.0,99.5,36.0,11200.0,0.67,4.2,538200.0,63.5,711200.0
PRD-2355,Personal Audio,Europe,86000.0,83000.0,72.75,28.36,39900.0,0.79,4.9,1602161.0,44.39,1771161.0
PRD-3467,Gaming Gear,Asia-Pacific,242000.0,178000.0,178.19,65.28,20900.0,0.74,5.0,1939819.0,112.91,2359819.0
PRD-1798,Home Automation,Asia-Pacific,246000.0,158000.0,189.53,69.16,17700.0,0.74,4.8,1726549.0,120.37,2130549.0
PRD-2358,Office Equipment,North America,189000.0,43000.0,70.31,23.52,19000.0,0.73,3.5,758010.0000000001,46.790000000000006,889010.0000000001
PRD-2158,Home Automation,Asia-Pacific,205000.0,163000.0,183.54,78.28,15400.0,0.74,4.6,1253003.9999999998,105.25999999999999,1621003.9999999998
PRD-3075,Personal Audio,Europe,81000.0,64000.0,84.75,29.15,29400.0,0.79,4.5,1489640.0,55.6,1634640.0
PRD-2620,Health & Fitness,Latin America,105000.0,67000.0,91.54,37.08,10200.0,0.74,4.4,383492.0000000001,54.46000000000001,555492.0000000001
PRD-3466,Kitchen Appliances,Latin America,137000.0,75000.0,138.03,57.24,10200.0,0.69,4.6,612057.9999999999,80.78999999999999,824057.9999999999
PRD-3176,Gaming Gear,North America,340000.0,285000.0,335.04,145.8,20900.0,0.89,4.4,3330116.0,189.24,3955116.0
PRD-2855,Kitchen Appliances,Europe,230000.0,174000.0,264.18,103.95,13200.0,0.84,4.6,1711036.0000000005,160.23000000000002,2115036.0000000005
PRD-1495,Personal Audio,Latin America,189000.0,49000.0,51.99,17.95,19400.0,0.69,3.8,540376.0000000001,34.040000000000006,660376.0000000001
PRD-3157,Office Equipment,Latin America,104000.0,61000.0,75.25,30.52,6400.0,0.6,5.0,121272.0,44.730000000000004,286272.0
PRD-1966,Kitchen Appliances,Latin America,155000.0,77000.0,122.55,49.14,10300.0,0.69,3.6,524123.0,73.41,756123.0
PRD-1107,Office Equipment,Europe,120000.0,73000.0,89.0,31.28,11600.0,0.78,3.9,476552.0,57.72,669552.0
PRD-1164,Kitchen Appliances,North America,189000.0,131000.0,243.75,97.9,13800.0,0.83,4.9,1692730.0,145.85,2012730.0
PRD-3376,Kitchen Appliances,Latin America,122000.0,81000.0,118.68,55.62,7600.0,0.69,4.1,276256.00000000006,63.06000000000001,479256.00000000006
PRD-1744,Personal Audio,Asia-Pacific,75000.0,60000.0,64.19,22.26,44900.0,0.82,4.7,1747656.9999999998,41.92999999999999,1882656.9999999998
PRD-1713,Outdoor Tech,North America,163000.0,125000.0,175.05,64.64,13000.0,0.77,3.8,1147330.0000000002,110.41000000000001,1435330.0000000002
PRD-3453,Outdoor Tech,North America,174000.0,124000.0,180.15,70.4,11700.0,0.77,4.3,986075.0,109.75,1284075.0
PRD-2295,Personal Audio,Europe,88000.0,71000.0,87.15,25.97,33600.0,0.79,4.2,1896648.0,61.18000000000001,2055648.0000000002
PRD-3222,Smart Home,Europe,187000.0,104000.0,158.47,63.8,10400.0,0.81,4.3,693568.0,94.67,984568.0
PRD-1817,Gaming Gear,Asia-Pacific,187000.0,168000.0,161.99,61.2,20200.0,0.74,5.0,1680958.0000000002,100.79,2035958.0000000002
PRD-1665,Personal Audio,Europe,104000.0,84000.0,87.15,25.97,39200.0,0.79,4.0,2210256.0000000005,61.18000000000001,2398256.0000000005
PRD-1432,Wearable Tech,Asia-Pacific,238000.0,162000.0,259.48,95.06,20200.0,0.8,4.5,2921284.0000000005,164.42000000000002,3321284.0000000005
PRD-1820,Consumer Electronics,Europe,423959.9999999991,304969.99999999936,538.92,198.9,10700.0,0.86,5.0,2888214.0,340.02,3638214.0
PRD-1490,Consumer Electronics,Europe,423959.9999999991,241000.0,508.98,204.75,8800.0,0.86,5.0,1996224.0,304.23,2677224.0
PRD-2083,Health & Fitness,Asia-Pacific,102000.0,81000.0,93.59,31.53,27400.0,0.78,4.3,1517444.0,62.06,1700444.0
PRD-2494,Personal Audio,Asia-Pacific,82000.0,68000.0,55.19,21.63,36100.0,0.82,4.1,1061516.0,33.56,1211516.0
PRD-3319,Smart Home,Middle East,182000.0,95000.0,234.33,93.28,7800.0,0.53,3.7,823190.0,141.05,1100190.0
PRD-1887,Office Equipment,Europe,111000.0,67000.0,86.33,35.36,15600.0,0.78,4.2,617132.0,50.97,795132.0
PRD-1410,Consumer Electronics,Latin America,200000.0,122000.0,145.59,66.34,8600.0,0.61,4.4,359550.0,79.25,681550.0
PRD-2927,Gaming Gear,Asia-Pacific,233000.0,146000.0,167.39,67.32,21300.0,0.74,5.0,1752491.0,100.07,2131491.0
PRD-1932,Smart Home,Europe,189000.0,138000.0,140.53,55.1,13300.0,0.81,4.1,834219.0,85.43,1136219.0
PRD-1188,Office Equipment,North America,73000.0,58000.0,66.44,24.24,15400.0,0.73,3.6,518880.0,42.2,649880.0
PRD-2013,Outdoor Tech,North America,192000.0,109000.0,164.85,66.56,13900.0,0.77,4.0,1065231.0,98.28999999999999,1366231.0
PRD-1835,Kitchen Appliances,Europe,204000.0,128000.0,240.87,98.01,10700.0,0.84,4.8,1188602.0000000002,142.86,1528602.0000000002
PRD-3161,Consumer Electronics,North America,225000.0,198000.0,179.99,71.99,17700.0,0.84,4.2,1488600.0000000002,108.00000000000001,1911600.0000000002
PRD-1096,Consumer Electronics,Latin America,151000.0,91000.0,134.16,52.38,8800.0,0.69,3.9,477664.0,81.78,719664.0
PRD-1751,Consumer Electronics,North America,285000.0,191000.0,185.99,79.19,15800.0,0.84,4.8,1211440.0000000002,106.80000000000001,1687440.0000000002
PRD-1275,Personal Audio,Europe,107000.0,76000.0,79.95,24.38,41300.0,0.79,4.4,2112041.0000000005,55.57000000000001,2295041.0000000005
PRD-2238,Consumer Electronics,North America,68000.0,43000.0,66.44,24.24,13300.0,0.73,4.3,450260.0,42.2,561260.0
PRD-2542,Wearable Tech,Asia-Pacific,300000.0,128000.0,266.97,103.88,14100.0,0.8,4.8,1805569.0000000005,163.09000000000003,2299569.0000000005
PRD-2367,Office Equipment,Europe,119000.0,70000.0,89.0,31.28,12800.0,0.78,4.3,549816.0,57.72,738816.0
PRD-2740,Health & Fitness,Latin America,99000.0,67000.0,97.51,36.0,9600.0,0.74,4.7,424496.0,61.510000000000005,590496.0
PRD-1175,Kitchen Appliances,Europe,209000.0,152000.0,264.18,103.95,11600.0,0.84,4.8,1497668.0000000002,160.23000000000002,1858668.0000000002
PRD-3490,Health & Fitness,Latin America,108000.0,77000.0,103.48,34.92,11900.0,0.74,4.1,630864.0,68.56,815864.0
PRD-3173,Outdoor Tech,Europe,205000.0,139000.0,187.11,71.04,8200.0,0.61,4.4,607774.0000000001,116.07000000000001,951774.0000000001
PRD-3336,Gaming Gear,Middle East,174000.0,142000.0,184.29,74.88,6400.0,0.5,3.9,384224.0,109.41,700224.0
PRD-3160,Health & Fitness,Latin America,109000.0,59000.0,97.51,36.0,10000.0,0.74,4.1,447100.0,61.510000000000005,615100.0
PRD-1047,Office Equipment,Europe,123000.0,62000.0,86.33,35.36,14800.0,0.78,4.3,569356.0,50.97,754356.0
PRD-1777,Office Equipment,Latin America,82000.0,63000.0,70.78,25.48,6100.0,0.6,3.8,131330.0,45.3,276330.0
PRD-1098,Office Equipment,North America,89000.0,46000.0,70.31,23.52,17600.0,0.73,4.2,688504.0000000001,46.790000000000006,823504.0000000001
PRD-2827,Office Equipment,Latin America,77000.0,47000.0,70.78,25.48,8200.0,0.6,3.5,247460.0,45.3,371460.0
PRD-2349,Consumer Electronics,Asia-Pacific,370000.0,221000.0,309.43,126.88,22400.0,0.85,4.9,3498120.0000000005,182.55,4089120.0000000005
PRD-1321,Smart Home,North America,276000.0,231000.0,306.9,98.7,25700.0,0.95,5.0,4843740.0,208.2,5350740.0
PRD-1694,Wearable Tech,North America,339000.0,204000.0,322.92,117.3,16700.0,0.93,4.2,2890854.0,205.62,3433854.0
PRD-2679,Consumer Electronics,Asia-Pacific,366000.0,209000.0,328.57,123.22,17200.0,0.85,4.9,2957020.0,205.35,3532020.0
PRD-2746,Kitchen Appliances,Latin America,144000.0,96000.0,118.68,55.62,9100.0,0.69,3.9,333846.0000000001,63.06000000000001,573846.0000000001
PRD-1298,Home Automation,Europe,278000.0,191000.0,250.95,84.63,15400.0,0.77,4.3,2092328.0,166.32,2561328.0
PRD-3084,Kitchen Appliances,North America,251000.0,154000.0,223.05,92.56,14100.0,0.83,4.2,1434909.0000000002,130.49,1839909.0000000002
PRD-2791,Smart Home,North America,288000.0,207000.0,306.9,98.7,23100.0,0.95,4.2,4314420.0,208.2,4809420.0
PRD-3245,Kitchen Appliances,Europe,221000.0,142000.0,233.1,89.1,12400.0,0.84,4.2,1422600.0,144.0,1785600.0
PRD-2736,Gaming Gear,Middle East,172000.0,135000.0,207.09,70.56,5500.0,0.5,3.5,443915.0,136.53,750915.0
PRD-1103,Outdoor Tech,Europe,196000.0,147000.0,170.1,66.6,7700.0,0.61,3.9,453950.0,103.5,796950.0
PRD-1052,Wearable Tech,Europe,270000.0,152000.0,226.71,84.48,12800.0,0.77,4.2,1398544.0000000002,142.23000000000002,1820544.0000000002
PRD-3349,Smart Home,Middle East,153000.0,103000.0,214.62,88.0,8400.0,0.53,4.6,807608.0,126.62,1063608.0
PRD-2482,Wearable Tech,Asia-Pacific,308000.0,163000.0,259.48,95.06,18000.0,0.8,4.4,2488560.0000000005,164.42000000000002,2959560.0000000005
PRD-2274,Kitchen Appliances,North America,238000.0,155000.0,250.65,87.22,14500.0,0.83,4.1,1976735.0,163.43,2369735.0
PRD-2901,Health & Fitness,North America,155000.0,119000.0,109.19,44.94,19800.0,0.8,4.0,998150.0,64.25,1272150.0
PRD-2363,Outdoor Tech,Europe,194000.0,140000.0,170.1,66.6,8500.0,0.61,4.3,545750.0,103.5,879750.0
PRD-2040,Consumer Electronics,Latin America,172000.0,101000.0,145.59,66.34,7200.0,0.61,4.6,297600.0,79.25,570600.0
PRD-3007,Office Equipment,Latin America,96000.0,128000.0,77.48,27.16,6100.0,0.6,3.5,154952.00000000006,50.32000000000001,306952.00000000006
PRD-2728,Home Automation,Asia-Pacific,246000.0,158000.0,219.45,71.44,16500.0,0.74,4.1,2038165.0,148.01,2442165.0
PRD-3156,Gaming Gear,Middle East,191000.0,119000.0,207.09,70.56,5700.0,0.5,4.0,468221.0,136.53,778221.0
PRD-1741,Smart Home,North America,307000.0,205000.0,306.9,98.7,26500.0,0.95,4.6,5005300.0,208.2,5517300.0
PRD-2256,Gaming Gear,Middle East,218000.0,130000.0,201.39,79.2,6700.0,0.5,4.5,470672.9999999999,122.18999999999998,818672.9999999999
PRD-1937,Gaming Gear,Asia-Pacific,239000.0,170000.0,172.79,73.44,19100.0,0.74,5.0,1488585.0,99.35,1897585.0
PRD-1799,Health & Fitness,Middle East,126000.0,80000.0,150.12,53.04,7000.0,0.6,4.0,473560.0000000001,97.08000000000001,679560.0000000001
PRD-3330,Consumer Electronics,Latin America,194000.0,105000.0,164.79,62.62,8800.0,0.61,3.7,600095.9999999999,102.16999999999999,899095.9999999999
PRD-2749,Smart Home,Middle East,152000.0,98000.0,240.9,82.72,7300.0,0.53,4.2,904714.0,158.18,1154714.0
PRD-1506,Gaming Gear,Middle East,201000.0,153000.0,189.99,66.24,5500.0,0.5,4.0,326625.0000000001,123.75000000000001,680625.0000000001
PRD-3240,Consumer Electronics,Latin America,175000.0,113000.0,174.39,60.76,10100.0,0.61,4.3,859663.0,113.63,1147663.0
PRD-1588,Home Automation,Asia-Pacific,235000.0,167000.0,189.53,69.16,14300.0,0.74,4.0,1319291.0,120.37,1721291.0
PRD-1856,Gaming Gear,North America,354000.0,258000.0,324.57,133.65,23800.0,0.89,4.4,3931896.0,190.92,4543896.0
PRD-2916,Gaming Gear,Middle East,215000.0,116000.0,184.29,74.88,6300.0,0.5,4.5,358283.0,109.41,689283.0
PRD-3056,Gaming Gear,North America,361000.0,283000.0,314.1,121.5,21900.0,0.89,5.0,3573940.000000001,192.60000000000002,4217940.000000001
PRD-3264,Kitchen Appliances,North America,231000.0,133000.0,243.75,97.9,15900.0,0.83,4.1,1955015.0,145.85,2319015.0
PRD-3242,Wearable Tech,Europe,268000.0,198000.0,212.97,87.12,12900.0,0.77,3.9,1157465.0,125.85,1623465.0
PRD-2448,Office Equipment,North America,72000.0,55000.0,66.44,24.24,16800.0,0.73,4.0,581960.0,42.2,708960.0
PRD-1241,Consumer Electronics,North America,233000.0,169000.0,197.99,76.79,17400.0,0.84,4.9,1706880.0,121.2,2108880.0
PRD-3239,Consumer Electronics,Middle East,154000.0,90000.0,133.44,56.16,5700.0,0.6,4.3,196496.0,77.28,440496.0
PRD-2627,Gaming Gear,Asia-Pacific,200000.0,166000.0,178.19,65.28,19600.0,0.74,5.0,1847036.0,112.91,2213036.0
PRD-2633,Outdoor Tech,Europe,198000.0,113000.0,175.77,73.26,8400.0,0.61,3.6,550084.0,102.51,861084.0
PRD-3209,Health & Fitness,Middle East,135000.0,83000.0,145.95,48.36,7900.0,0.6,3.5,552960.9999999999,97.58999999999999,770960.9999999999
PRD-2709,Consumer Electronics,Asia-Pacific,310000.0,228000.0,299.86,115.9,19100.0,0.85,4.7,2975636.0,183.96,3513636.0
PRD-2744,Wearable Tech,North America,320000.0,206000.0,322.92,117.3,21800.0,0.93,4.9,3956516.0,205.62,4482516.0
PRD-3419,Health & Fitness,Middle East,142000.0,78000.0,145.95,48.36,6600.0,0.6,4.2,424093.9999999999,97.58999999999999,644093.9999999999
PRD-1165,Personal Audio,Latin America,72000.0,51000.0,48.99,18.5,16200.0,0.69,3.8,370938.00000000006,30.490000000000002,493938.00000000006
PRD-2296,Kitchen Appliances,Latin America,154000.0,73000.0,130.29,58.86,8000.0,0.69,3.6,344439.9999999999,71.42999999999999,571439.9999999999
PRD-3098,Home Automation,Europe,286000.0,161000.0,215.1,81.9,16600.0,0.77,4.4,1764120.0,133.2,2211120.0
PRD-3110,Consumer Electronics,Europe,364000.0,304969.99999999936,494.01,187.2,12700.0,0.86,4.2,3210487.0,306.81,3896487.0
PRD-2886,Gaming Gear,Middle East,187000.0,147000.0,201.39,79.2,5700.0,0.5,3.6,362482.9999999999,122.18999999999998,696482.9999999999
PRD-2267,Gaming Gear,Asia-Pacific,237000.0,162000.0,183.59,71.4,22900.0,0.74,5.0,2170151.0,112.19,2569151.0
PRD-1536,Gaming Gear,Middle East,168000.0,122000.0,172.89,77.04,6000.0,0.5,3.8,285099.9999999999,95.84999999999998,575099.9999999999
PRD-1852,Wearable Tech,Asia-Pacific,266000.0,198000.0,259.48,95.06,13800.0,0.8,3.9,1804996.0,164.42000000000002,2268996.0
PRD-1270,Health & Fitness,Latin America,95000.0,75000.0,97.51,36.0,10800.0,0.74,4.6,494308.0,61.510000000000005,664308.0
PRD-1797,Office Equipment,Europe,99000.0,72000.0,91.67,34.34,11900.0,0.78,3.7,511227.0,57.33,682227.0
PRD-1205,Kitchen Appliances,Europe,242000.0,165000.0,240.87,98.01,12800.0,0.84,4.6,1421608.0000000002,142.86,1828608.0000000002
PRD-2721,Health & Fitness,North America,168000.0,101000.0,123.59,42.42,26700.0,0.8,4.1,1898239.0,81.17,2167239.0
PRD-1204,Personal Audio,Europe,98000.0,67000.0,60.59,22.89,45800.0,0.82,5.0,1561660.0000000002,37.7,1726660.0000000002
PRD-2776,Kitchen Appliances,Latin America,120000.0,77000.0,134.16,52.38,10000.0,0.69,3.7,620800.0,81.78,817800.0
PRD-1109,Health & Fitness,Europe,151000.0,82000.0,145.95,48.36,6900.0,0.6,4.2,440370.9999999999,97.58999999999999,673370.9999999999
PRD-1804,Personal Audio,Asia-Pacific,72000.0,51000.0,65.99,19.74,35300.0,0.82,4.3,1509625.0,46.25,1632625.0
PRD-2694,Kitchen Appliances,North America,191000.0,138000.0,250.65,87.22,14900.0,0.83,4.6,2106107.0,163.43,2435107.0
PRD-1290,Consumer Electronics,Latin America,156000.0,121000.0,169.59,68.2,9100.0,0.61,4.1,645649.0,101.39,922649.0
PRD-1121,Consumer Electronics,North America,248000.0,167000.0,185.99,79.19,12000.0,0.84,4.6,866600.0000000002,106.80000000000001,1281600.0000000002
PRD-2550,Consumer Electronics,Latin America,154000.0,115000.0,169.59,68.2,9900.0,0.61,4.5,734761.0,101.39,1003761.0
PRD-3411,Health & Fitness,North America,189000.0,99000.0,127.19,46.2,27200.0,0.8,5.0,1963928.0,80.99,2202928.0
PRD-1524,Kitchen Appliances,North America,218000.0,135000.0,236.85,89.89,11600.0,0.83,4.7,1351735.9999999998,146.95999999999998,1704735.9999999998
PRD-2861,Consumer Electronics,North America,263000.0,166000.0,191.99,86.39,16500.0,0.84,5.0,1313400.0000000002,105.60000000000001,1742400.0000000002
PRD-3086,Consumer Electronics,North America,301000.0,225000.0,355.98,141.75,23800.0,0.89,5.0,4572674.0,214.23000000000002,5098674.0
PRD-3014,Wearable Tech,North America,326000.0,227000.0,269.1,103.5,21700.0,0.93,4.2,3040520.0000000005,165.60000000000002,3593520.0000000005
PRD-2857,Office Equipment,Latin America,89000.0,51000.0,79.72,29.68,8900.0,0.6,3.5,305356.0,50.04,445356.0
PRD-1141,Smart Home,North America,304000.0,194000.0,281.79,114.45,22400.0,0.95,4.2,3250416.000000001,167.34000000000003,3748416.000000001
PRD-2451,Health & Fitness,North America,165000.0,90000.0,119.99,38.64,27000.0,0.8,4.8,1941450.0,81.35,2196450.0
PRD-2239,Smart Home,Middle East,168000.0,119000.0,208.05,80.08,8100.0,0.53,4.3,749557.0000000001,127.97000000000001,1036557.0000000001
PRD-2215,Personal Audio,Latin America,68000.0,51000.0,48.99,18.5,21500.0,0.69,3.5,536535.0,30.490000000000002,655535.0
PRD-1277,Gaming Gear,Asia-Pacific,179000.0,136000.0,188.99,63.24,20700.0,0.74,5.0,2288025.0,125.75,2603025.0
PRD-2021,Consumer Electronics,North America,213000.0,153000.0,191.99,86.39,15600.0,0.84,4.1,1281360.0000000002,105.60000000000001,1647360.0000000002
PRD-2092,Wearable Tech,Asia-Pacific,319000.0,201000.0,237.03,89.18,19000.0,0.8,4.5,2289150.0,147.85,2809150.0
PRD-2835,Personal Audio,Europe,92000.0,86000.0,75.15,25.18,32900.0,0.79,3.9,1466013.0000000002,49.970000000000006,1644013.0000000002
PRD-2405,Kitchen Appliances,Europe,247000.0,181000.0,233.1,89.1,11600.0,0.84,4.3,1242400.0,144.0,1670400.0
PRD-1431,Health & Fitness,North America,149000.0,98000.0,109.19,44.94,22300.0,0.8,5.0,1185775.0,64.25,1432775.0
PRD-3293,Outdoor Tech,Europe,194000.0,140000.0,198.45,68.82,7800.0,0.61,3.6,677114.0,129.63,1011114.0
PRD-2914,Personal Audio,Asia-Pacific,91000.0,61000.0,55.19,21.63,37400.0,0.82,4.6,1103144.0,33.56,1255144.0
PRD-2614,Personal Audio,Asia-Pacific,77000.0,69000.0,58.79,21.0,34000.0,0.82,4.4,1138860.0,37.79,1284860.0
PRD-1712,Wearable Tech,Europe,265000.0,189000.0,206.1,79.2,11700.0,0.77,4.2,1030730.0,126.89999999999999,1484730.0
PRD-3480,Consumer Electronics,Latin America,154000.0,115000.0,159.99,57.04,9200.0,0.61,3.8,678140.0000000001,102.95000000000002,947140.0000000001
PRD-1157,Gaming Gear,Asia-Pacific,191000.0,184000.0,178.19,65.28,21800.0,0.74,5.0,2086438.0,112.91,2461438.0
PRD-1719,Consumer Electronics,Asia-Pacific,320000.0,262000.0,309.43,126.88,25800.0,0.85,4.7,4127790.0,182.55,4709790.0
PRD-1486,Kitchen Appliances,Latin America,146000.0,74000.0,118.68,55.62,8300.0,0.69,4.6,303398.00000000006,63.06000000000001,523398.00000000006
PRD-2464,Personal Audio,Asia-Pacific,97000.0,64000.0,60.59,22.89,46995.99999999991,0.82,4.3,1708920.0000000002,37.7,1771749.199999997
PRD-2221,Smart Home,North America,329000.0,213000.0,256.68,108.15,21300.0,0.95,4.7,2621689.0,148.53,3163689.0
PRD-1990,Health & Fitness,Latin America,89000.0,58000.0,91.54,37.08,12000.0,0.74,4.2,506520.0000000001,54.46000000000001,653520.0000000001
PRD-2398,Home Automation,Asia-Pacific,248000.0,166000.0,207.48,73.72,13900.0,0.74,4.1,1445263.9999999998,133.76,1859263.9999999998
PRD-1455,Personal Audio,Europe,99000.0,65000.0,87.15,25.97,31500.0,0.79,4.3,1763170.0000000002,61.18000000000001,1927170.0000000002
PRD-1427,Gaming Gear,Asia-Pacific,195000.0,150000.0,183.59,71.4,21600.0,0.74,4.3,2078304.0,112.19,2423304.0
PRD-2061,Health & Fitness,North America,171000.0,111000.0,109.19,44.94,28400.0,0.8,4.1,1542700.0,64.25,1824700.0
PRD-3283,Health & Fitness,Asia-Pacific,189000.0,90000.0,90.89,35.43,24900.0,0.78,5.0,1186954.0,55.46,1380954.0
PRD-2551,Smart Home,North America,326000.0,202000.0,273.42,105.0,25700.0,0.95,4.7,3800394.0,168.42000000000002,4328394.0
PRD-1021,Smart Home,North America,310000.0,220000.0,279.0,105.0,26000.0,0.91,4.4,3994000.0,174.0,4524000.0
PRD-1857,Office Equipment,Europe,96000.0,62000.0,94.34,37.4,14400.0,0.78,4.4,661936.0000000001,56.940000000000005,819936.0000000001
PRD-2993,Outdoor Tech,Europe,163000.0,117000.0,170.1,66.6,7100.0,0.61,4.5,454850.0,103.5,734850.0
PRD-2076,Gaming Gear,Middle East,176000.0,149000.0,184.29,74.88,5900.0,0.5,3.5,320519.0,109.41,645519.0
PRD-3124,Personal Audio,Asia-Pacific,95000.0,58000.0,55.19,21.63,46600.0,0.82,4.3,1410896.0,33.56,1563896.0
PRD-1977,Office Equipment,Europe,123000.0,62000.0,80.99,36.38,13700.0,0.78,3.6,426156.9999999999,44.60999999999999,611156.9999999999
PRD-1609,Smart Home,Middle East,144000.0,105000.0,208.05,80.08,6300.0,0.53,4.1,557211.0000000001,127.97000000000001,806211.0000000001
PRD-3051,Health & Fitness,North America,167000.0,96000.0,130.79,41.16,20800.0,0.8,4.1,1601304.0,89.63,1864304.0
PRD-1639,Smart Home,Middle East,167000.0,113000.0,234.33,93.28,6900.0,0.53,3.9,693245.0000000001,141.05,973245.0000000001
PRD-1548,Office Equipment,North America,83000.0,44000.0,64.5,22.08,13000.0,0.73,3.5,424460.0,42.42,551460.0
PRD-1790,Consumer Electronics,Europe,380000.0,291000.0,479.04,210.6,9700.0,0.86,4.2,1932868.0000000005,268.44000000000005,2603868.0000000005
PRD-1262,Consumer Electronics,Europe,283000.0,196000.0,226.71,84.48,16000.0,0.77,3.9,1796680.0000000005,142.23000000000002,2275680.0000000005
PRD-2871,Health & Fitness,North America,134000.0,110000.0,119.99,38.64,27700.0,0.8,4.2,2009395.0,81.35,2253395.0
PRD-2445,Personal Audio,Europe,96000.0,77000.0,84.75,29.15,35000.0,0.79,4.3,1773000.0,55.6,1946000.0
PRD-3094,Personal Audio,Asia-Pacific,83000.0,53000.0,60.59,22.89,42800.0,0.82,4.5,1477560.0000000002,37.7,1613560.0000000002
PRD-3109,Smart Home,Middle East,173000.0,128000.0,234.33,93.28,6200.0,0.53,4.0,600510.0000000001,141.05,874510.0000000001
PRD-2707,Office Equipment,Latin America,82000.0,63000.0,81.95,26.32,8600.0,0.6,4.2,333418.0,55.63,478418.0
PRD-1667,Gaming Gear,Asia-Pacific,235000.0,154000.0,167.39,67.32,19400.0,0.74,4.9,1552357.9999999998,100.07,1941357.9999999998
PRD-2708,Home Automation,Europe,297000.0,198000.0,243.78,95.55,17700.0,0.77,4.8,2128671.0000000005,148.23000000000002,2623671.0000000005
PRD-1376,Gaming Gear,North America,329000.0,248000.0,314.1,121.5,19500.0,0.89,5.0,3178700.0000000005,192.60000000000002,3755700.0000000005
PRD-2338,Home Automation,Asia-Pacific,255000.0,141000.0,201.5,82.84,17400.0,0.74,4.5,1668684.0,118.66,2064684.0
PRD-2779,Smart Home,Middle East,175000.0,107000.0,221.19,95.92,7900.0,0.53,4.0,707633.0,125.27,989633.0
PRD-3196,Kitchen Appliances,Latin America,134000.0,93000.0,134.16,52.38,10300.0,0.69,4.2,615334.0,81.78,842334.0
PRD-2377,Office Equipment,Latin America,83000.0,49000.0,77.48,27.16,7300.0,0.6,4.2,235336.0000000001,50.32000000000001,367336.00000000006
PRD-1023,Outdoor Tech,North America,185000.0,125000.0,169.95,64.0,11800.0,0.74,4.3,940209.9999999998,105.94999999999999,1250209.9999999998
PRD-1752,Smart Home,Europe,180000.0,118000.0,158.47,63.8,11600.0,0.81,4.2,800172.0,94.67,1098172.0
PRD-2634,Kitchen Appliances,North America,198000.0,160000.0,243.75,97.9,12400.0,0.83,5.0,1450540.0,145.85,1808540.0
PRD-2216,Gaming Gear,North America,399000.0,265000.0,314.1,121.5,20700.0,0.89,5.0,3322820.0000000005,192.60000000000002,3986820.0000000005
PRD-1745,Kitchen Appliances,Europe,252000.0,147000.0,256.41,95.04,12500.0,0.84,4.3,1618125.0,161.37,2017125.0
PRD-1230,Consumer Electronics,Latin America,161000.0,102000.0,164.79,62.62,7500.0,0.61,4.5,503274.9999999999,102.16999999999999,766274.9999999999
PRD-1234,Personal Audio,Asia-Pacific,83000.0,53000.0,55.19,21.63,46995.99999999991,0.82,4.8,1528576.0,33.56,1577185.7599999972
PRD-2809,Smart Home,Middle East,147000.0,128000.0,201.48,90.64,8600.0,0.53,3.8,690223.9999999999,110.83999999999999,953223.9999999999
PRD-1237,Office Equipment,Latin America,78000.0,52000.0,81.95,26.32,6200.0,0.6,4.1,214906.0,55.63,344906.0
PRD-1832,Wearable Tech,Europe,250000.0,191000.0,219.84,95.04,17000.0,0.77,4.5,1680600.0,124.8,2121600.0
PRD-2268,Office Equipment,North America,79000.0,47000.0,60.63,22.8,14700.0,0.73,4.1,430101.0,37.83,556101.0
PRD-2970,Consumer Electronics,Latin America,172000.0,101000.0,169.59,68.2,10100.0,0.61,3.9,751039.0,101.39,1024039.0
PRD-2164,Personal Audio,Asia-Pacific,83000.0,53000.0,64.19,22.26,46200.0,0.82,4.1,1801165.9999999998,41.92999999999999,1937165.9999999998
PRD-2100,Consumer Electronics,Latin America,166000.0,120000.0,150.39,58.9,8800.0,0.61,4.2,519111.9999999999,91.48999999999998,805111.9999999999
PRD-1193,Outdoor Tech,Europe,189000.0,138000.0,198.45,68.82,10000.0,0.61,4.4,941300.0,129.63,1296300.0
PRD-2418,Office Equipment,North America,86000.0,51000.0,58.7,25.68,15400.0,0.73,4.2,371508.00000000006,33.02,508508.00000000006
PRD-2860,Health & Fitness,Latin America,92000.0,68000.0,103.48,34.92,9100.0,0.74,3.9,463896.0,68.56,623896.0
PRD-1502,Wearable Tech,Europe,252000.0,200000.0,206.1,79.2,14500.0,0.77,4.5,1388049.9999999998,126.89999999999999,1840049.9999999998
PRD-1351,Smart Home,North America,319000.0,249000.0,281.79,114.45,28100.0,0.95,5.0,4134254.000000001,167.34000000000003,4702254.000000001
PRD-2615,Kitchen Appliances,Europe,259000.0,171000.0,233.1,89.1,14500.0,0.84,4.0,1658000.0,144.0,2088000.0
PRD-1704,Kitchen Appliances,North America,198000.0,160000.0,209.25,95.23,13500.0,0.83,4.6,1181270.0,114.02,1539270.0
PRD-3368,Home Automation,Europe,292000.0,179000.0,222.27,90.09,16500.0,0.77,4.8,1709970.0,132.18,2180970.0
PRD-1445,Kitchen Appliances,Europe,214000.0,168000.0,271.95,92.07,11500.0,0.84,4.1,1686620.0,179.88,2068620.0
PRD-2218,Home Automation,Asia-Pacific,198000.0,140000.0,189.53,69.16,18200.0,0.74,4.2,1852734.0,120.37,2190734.0
PRD-3057,Office Equipment,Europe,98000.0,68000.0,91.67,34.34,13100.0,0.78,4.1,585023.0,57.33,751023.0
PRD-2081,Consumer Electronics,North America,283000.0,182000.0,197.99,76.79,12200.0,0.84,4.8,1013640.0,121.2,1478640.0
PRD-2702,Wearable Tech,Europe,257000.0,163000.0,247.32,89.76,13200.0,0.77,4.2,1659792.0,157.56,2079792.0
PRD-3025,Personal Audio,Latin America,72000.0,51000.0,53.49,19.61,20900.0,0.69,3.5,585092.0,33.88,708092.0
PRD-2479,Smart Home,Middle East,149000.0,121000.0,234.33,93.28,7300.0,0.53,3.8,759665.0000000001,141.05,1029665.0000000001
PRD-1596,Gaming Gear,Middle East,222000.0,143000.0,178.59,68.4,7100.0,0.5,4.5,417349.0,110.19,782349.0
PRD-1611,Health & Fitness,North America,189000.0,116000.0,119.99,38.64,25500.0,0.8,4.9,1823425.0,81.35,2074424.9999999998
PRD-1094,Wearable Tech,North America,336000.0,193000.0,296.01,110.4,21300.0,0.93,4.9,3424492.9999999995,185.60999999999999,3953492.9999999995
PRD-3412,Wearable Tech,Asia-Pacific,308000.0,163000.0,244.51,98.0,16600.0,0.8,4.5,1961066.0,146.51,2432066.0
PRD-2851,Smart Home,North America,279000.0,242000.0,256.68,108.15,27800.0,0.95,4.9,3608134.0,148.53,4129134.0
PRD-1627,Office Equipment,Latin America,103000.0,58000.0,73.01,28.0,8900.0,0.6,3.7,239589.0000000001,45.010000000000005,400589.00000000006
PRD-2046,Gaming Gear,Middle East,209000.0,138000.0,201.39,79.2,5400.0,0.5,3.7,312825.9999999999,122.18999999999998,659825.9999999999
PRD-2907,Office Equipment,Europe,123000.0,62000.0,94.34,37.4,12600.0,0.78,4.0,532444.0000000001,56.940000000000005,717444.0000000001
PRD-1265,Kitchen Appliances,Europe,235000.0,141000.0,248.64,106.92,15200.0,0.84,4.2,1778143.9999999995,141.71999999999997,2154143.9999999995
PRD-1640,Consumer Electronics,Europe,348000.0,266000.0,494.01,187.2,9200.0,0.86,5.0,2208652.0,306.81,2822652.0
PRD-3231,Health & Fitness,North America,153000.0,113000.0,116.39,43.68,24000.0,0.8,4.0,1479040.0000000002,72.71000000000001,1745040.0000000002
PRD-3163,Health & Fitness,Asia-Pacific,112000.0,89000.0,85.49,29.58,26300.0,0.78,4.8,1269433.0,55.91,1470433.0
PRD-1510,Health & Fitness,Latin America,114000.0,76000.0,109.45,33.84,9600.0,0.74,4.1,535856.0,75.61,725856.0
PRD-1009,Smart Home,Middle East,165000.0,110000.0,219.0,88.0,7200.0,0.58,4.2,668200.0,131.0,943200.0
PRD-1037,Gaming Gear,Asia-Pacific,204000.0,182000.0,167.39,67.32,22900.0,0.74,4.7,1905603.0,100.07,2291603.0
PRD-3389,Consumer Electronics,Middle East,123000.0,98000.0,129.27,51.48,6000.0,0.6,4.4,245740.0000000001,77.79000000000002,466740.0000000001
PRD-3295,Personal Audio,Latin America,74000.0,42010.0,54.99,17.39,20700.0,0.69,3.9,663320.0,37.6,778320.0
PRD-3228,Office Equipment,North America,90000.0,51000.0,64.5,22.08,14900.0,0.78,4.3,491058.0,42.42,632058.0
PRD-1765,Personal Audio,Latin America,73000.0,42010.0,53.49,19.61,19200.0,0.78,4.2,538496.0,33.88,650496.0
PRD-3435,Personal Audio,Europe,93000.0,66000.0,82.35,26.77,38500.0,0.79,4.3,1980830.0,55.58,2139830.0
PRD-2547,Office Equipment,Europe,109000.0,60000.0,97.01,33.32,14600.0,0.78,4.2,760874.0000000001,63.690000000000005,929874.0000000001
PRD-2129,Health & Fitness,Middle East,124000.0,76000.0,129.27,51.48,8200.0,0.6,4.0,437878.0000000001,77.79000000000002,637878.0000000001
PRD-1786,Kitchen Appliances,Latin America,189000.0,89000.0,138.03,57.24,9000.0,0.69,3.7,513109.9999999999,80.78999999999999,727109.9999999999
PRD-3277,Office Equipment,Latin America,98000.0,62000.0,79.72,29.68,9100.0,0.6,3.7,295364.0,50.04,455364.0
PRD-1879,Smart Home,Middle East,147000.0,116000.0,214.62,88.0,6200.0,0.53,4.5,522044.0,126.62,785044.0
PRD-2770,Health & Fitness,Latin America,113000.0,73000.0,109.45,33.84,10600.0,0.74,4.5,615466.0,75.61,801466.0
PRD-2929,Smart Home,Middle East,188000.0,117000.0,214.62,88.0,8200.0,0.53,4.1,733284.0,126.62,1038284.0
PRD-1889,Health & Fitness,Middle East,140000.0,74000.0,141.78,54.6,6100.0,0.6,3.5,317798.0,87.18,531798.0
PRD-1266,Gaming Gear,Middle East,224000.0,150000.0,207.09,70.56,6100.0,0.5,4.5,458833.0,136.53,832833.0
PRD-1181,Consumer Electronics,North America,189000.0,196000.0,191.99,86.39,14700.0,0.84,4.2,1116320.0000000002,105.60000000000001,1552320.0000000002
PRD-2003,Outdoor Tech,Europe,169000.0,137000.0,175.77,73.26,9800.0,0.61,4.5,698598.0,102.51,1004598.0
PRD-1325,Kitchen Appliances,Europe,228000.0,166000.0,256.41,95.04,12100.0,0.84,4.9,1558577.0,161.37,1952577.0
PRD-3068,Home Automation,Europe,248000.0,204000.0,236.61,87.36,15100.0,0.77,4.6,1801675.0,149.25,2253675.0
PRD-3353,Outdoor Tech,Europe,188000.0,121000.0,204.12,75.48,9400.0,0.61,4.3,900215.9999999998,128.64,1209215.9999999998
PRD-1561,Smart Home,North America,335000.0,235000.0,281.79,114.45,23100.0,0.95,4.7,3295554.000000001,167.34000000000003,3865554.000000001
PRD-3105,Personal Audio,Europe,94000.0,70000.0,77.55,27.56,32600.0,0.79,4.3,1465673.9999999998,49.989999999999995,1629673.9999999998
PRD-1010,Consumer Electronics,Europe,400000.0,280000.0,499.0,195.0,11000.0,0.84,4.7,2664000.0,304.0,3344000.0
PRD-2272,Wearable Tech,Asia-Pacific,294000.0,175000.0,259.48,95.06,14300.0,0.8,4.4,1882206.0,164.42000000000002,2351206.0
PRD-1642,Wearable Tech,Asia-Pacific,252000.0,209000.0,259.48,95.06,17000.0,0.8,4.2,2334140.0000000005,164.42000000000002,2795140.0000000005
PRD-1363,Health & Fitness,Asia-Pacific,108000.0,105000.0,98.99,30.55,24400.0,0.78,4.7,1456936.0,68.44,1669936.0
PRD-3378,Office Equipment,North America,72000.0,55000.0,62.57,24.96,15500.0,0.73,4.4,455955.0,37.61,582955.0
PRD-1999,Smart Home,Middle East,188000.0,117000.0,227.76,85.36,5800.0,0.53,3.7,520919.9999999999,142.39999999999998,825919.9999999999
PRD-1166,Gaming Gear,North America,312000.0,263000.0,314.1,121.5,23400.0,0.89,4.6,3931840.000000001,192.60000000000002,4506840.000000001
PRD-1370,Consumer Electronics,Europe,340000.0,238000.0,479.04,210.6,9400.0,0.86,4.8,1945336.0000000005,268.44000000000005,2523336.0000000005
PRD-3139,Smart Home,Middle East,145000.0,110000.0,214.62,88.0,6800.0,0.53,3.8,606016.0,126.62,861016.0
PRD-1294,Personal Audio,Asia-Pacific,81000.0,62000.0,56.99,19.11,39900.0,0.82,4.4,1368412.0,37.88,1511412.0
PRD-3101,Consumer Electronics,North America,233000.0,169000.0,215.99,81.59,15000.0,0.78,4.4,1614000.0,134.4,2016000.0
PRD-3066,Gaming Gear,Middle East,170000.0,128000.0,178.59,68.4,6500.0,0.5,3.5,418235.0,110.19,716235.0
PRD-1702,Wearable Tech,Asia-Pacific,244000.0,181000.0,266.97,103.88,20000.0,0.8,3.8,2836800.0000000005,163.09000000000003,3261800.0000000005
PRD-3393,Outdoor Tech,North America,179000.0,143000.0,175.05,64.64,9600.0,0.78,4.7,737936.0,110.41000000000001,1059936.0
PRD-3312,Smart Home,Europe,207000.0,133000.0,149.5,53.36,13800.0,0.81,4.8,986732.0,96.14,1326732.0
PRD-2820,Consumer Electronics,Latin America,158000.0,127000.0,174.39,60.76,9800.0,0.61,3.8,828574.0,113.63,1113574.0
PRD-3409,Smart Home,Middle East,149000.0,121000.0,221.19,95.92,6800.0,0.53,4.2,581836.0,125.27,851836.0
PRD-3201,Health & Fitness,North America,132000.0,105000.0,127.19,46.2,21800.0,0.8,4.2,1528582.0,80.99,1765582.0
PRD-2132,Wearable Tech,Europe,291000.0,168000.0,206.1,79.2,12200.0,0.77,4.7,1089180.0,126.89999999999999,1548180.0
PRD-3437,Gaming Gear,Asia-Pacific,212000.0,165000.0,194.39,69.36,18900.0,0.74,5.0,1986066.9999999995,125.02999999999999,2363066.9999999995
PRD-2726,Gaming Gear,North America,364000.0,218000.0,366.45,125.55,18500.0,0.89,5.0,3874650.0,240.89999999999998,4456650.0
PRD-2025,Personal Audio,Europe,86000.0,86000.0,84.75,29.15,34000.0,0.79,4.9,1718400.0,55.6,1890400.0
PRD-1399,Smart Home,Middle East,186000.0,111000.0,208.05,80.08,7600.0,0.53,4.4,675572.0000000001,127.97000000000001,972572.0000000001
PRD-1968,Office Equipment,North America,91000.0,53000.0,64.5,22.08,13400.0,0.73,3.9,424428.0,42.42,568428.0
PRD-1146,Gaming Gear,Middle East,176000.0,149000.0,195.69,72.72,6400.0,0.5,4.2,462008.0,122.97,787008.0
PRD-2402,Wearable Tech,Europe,296000.0,186000.0,212.97,87.12,12000.0,0.77,4.0,1028200.0,125.85,1510200.0
PRD-1964,Wearable Tech,North America,346000.0,225000.0,269.1,103.5,16600.0,0.93,4.6,2177960.0000000005,165.60000000000002,2748960.0000000005
PRD-2935,Personal Audio,Latin America,66010.0,42010.0,45.99,19.06,15800.0,0.69,4.1,321494.00000000006,26.930000000000003,425494.00000000006
PRD-3317,Gaming Gear,Asia-Pacific,225000.0,163000.0,183.59,71.4,20000.0,0.74,4.9,1855800.0,112.19,2243800.0
PRD-1603,Health & Fitness,Asia-Pacific,131000.0,106000.0,90.89,35.43,33000.0,0.78,4.2,1593180.0,55.46,1830180.0
PRD-1534,Personal Audio,Asia-Pacific,97000.0,64000.0,64.19,22.26,35700.0,0.82,5.0,1335900.9999999998,41.92999999999999,1496900.9999999998
PRD-3035,Kitchen Appliances,Europe,209000.0,152000.0,233.1,89.1,14900.0,0.84,4.5,1784600.0,144.0,2145600.0
PRD-3276,Gaming Gear,Middle East,179000.0,120000.0,178.59,68.4,5400.0,0.5,4.3,296026.0,110.19,595026.0
PRD-3043,Health & Fitness,Asia-Pacific,119000.0,88000.0,98.99,30.55,27700.0,0.78,4.5,1688788.0,68.44,1895788.0
PRD-2491,Smart Home,North America,335000.0,235000.0,265.05,95.55,21100.0,0.95,5.0,3006450.0,169.5,3576450.0
PRD-3416,Gaming Gear,North America,298000.0,213000.0,376.92,137.7,18900.0,0.89,5.0,4010258.000000001,239.22000000000003,4521258.000000001
PRD-3427,Office Equipment,Latin America,77000.0,50000.0,77.48,27.16,6300.0,0.6,3.8,190016.0000000001,50.32000000000001,317016.00000000006
PRD-2113,Health & Fitness,Asia-Pacific,119000.0,88000.0,85.49,29.58,30000.0,0.78,5.0,1470300.0,55.91,1677300.0
PRD-2227,Office Equipment,Latin America,104000.0,61000.0,79.72,29.68,7000.0,0.6,4.1,185280.0,50.04,350280.0
PRD-2924,Wearable Tech,North America,291000.0,242000.0,287.04,124.2,16700.0,0.93,4.8,2186428.0000000005,162.84000000000003,2719428.0000000005
PRD-2923,Health & Fitness,Asia-Pacific,126000.0,87000.0,93.59,31.53,29100.0,0.78,4.2,1592946.0,62.06,1805946.0
PRD-1263,Outdoor Tech,North America,176000.0,130000.0,154.65,68.48,11600.0,0.77,4.6,693572.0,86.17,999572.0
PRD-2360,Consumer Electronics,Europe,423959.9999999991,283000.0,464.07,193.05,10500.0,0.86,4.8,2110710.0,271.02,2845710.0
PRD-1200,Consumer Electronics,Latin America,191000.0,129000.0,145.59,66.34,10300.0,0.61,4.7,496275.0,79.25,816275.0
PRD-1602,Smart Home,Europe,166000.0,107000.0,162.96,56.84,11100.0,0.81,4.1,904932.0,106.12,1177932.0
PRD-1371,Health & Fitness,North America,153000.0,113000.0,130.79,41.16,27900.0,0.8,4.3,2234677.0,89.63,2500677.0
PRD-2419,Smart Home,Middle East,153000.0,103000.0,227.76,85.36,6000.0,0.53,4.2,598399.9999999999,142.39999999999998,854399.9999999999
PRD-1615,Personal Audio,Latin America,67000.0,49000.0,54.99,17.39,18400.0,0.69,4.1,575840.0,37.6,691840.0
PRD-2039,Health & Fitness,Middle East,151000.0,82000.0,137.61,49.92,6300.0,0.6,3.5,319447.0000000001,87.69000000000001,552447.0000000001
PRD-3038,Home Automation,Europe,294000.0,189000.0,258.12,92.82,20700.0,0.77,4.8,2938710.0000000005,165.3,3421710.0000000005
PRD-1975,Personal Audio,Latin America,76000.0,50000.0,53.49,19.61,15600.0,0.69,3.9,402528.0,33.88,528528.0
PRD-2095,Personal Audio,Latin America,72000.0,51000.0,45.99,19.06,22400.0,0.69,5.0,480232.0000000001,26.930000000000003,603232.0000000001
PRD-2682,Smart Home,Europe,180000.0,118000.0,149.5,53.36,10600.0,0.81,4.6,721084.0,96.14,1019084.0
PRD-1703,Outdoor Tech,Europe,198000.0,113000.0,187.11,71.04,9100.0,0.61,4.3,745237.0,116.07000000000001,1056237.0
PRD-1389,Consumer Electronics,Asia-Pacific,323000.0,202000.0,290.29,130.54,22100.0,0.85,4.7,3005475.0000000005,159.75000000000003,3530475.0000000005
PRD-2884,Personal Audio,Asia-Pacific,79000.0,56000.0,60.59,22.89,33600.0,0.82,4.8,1131720.0,37.7,1266720.0
PRD-3244,Personal Audio,Asia-Pacific,90000.0,58000.0,58.79,21.0,44500.0,0.82,4.6,1533655.0,37.79,1681655.0
PRD-2698,Home Automation,Asia-Pacific,214000.0,146000.0,195.51,76.0,15100.0,0.74,4.3,1444600.9999999998,119.50999999999999,1804600.9999999998
PRD-2325,Personal Audio,Europe,102000.0,77000.0,79.95,24.38,36800.0,0.79,4.0,1865976.0,55.57000000000001,2044976.0000000002
PRD-1532,Wearable Tech,Europe,289000.0,159000.0,233.58,92.4,15800.0,0.77,4.3,1782644.0,141.18,2230644.0
PRD-1606,Kitchen Appliances,Latin America,137000.0,75000.0,126.42,54.0,7800.0,0.69,3.8,352876.0,72.42,564876.0
PRD-2019,Consumer Electronics,Asia-Pacific,373000.0,232000.0,290.29,130.54,18700.0,0.85,4.9,2382325.0000000005,159.75000000000003,2987325.0000000005
PRD-2370,Consumer Electronics,Latin America,170000.0,131000.0,155.19,64.48,8700.0,0.61,4.6,488177.0,90.71,789177.0
PRD-3082,Wearable Tech,Asia-Pacific,311000.0,173000.0,229.54,100.94,13800.0,0.8,4.5,1290680.0,128.6,1774680.0
PRD-2293,Health & Fitness,Asia-Pacific,108000.0,105000.0,93.59,31.53,33600.0,0.78,5.0,1872216.0,62.06,2085216.0
PRD-1828,Home Automation,Asia-Pacific,207000.0,171000.0,213.47,80.56,12800.0,0.74,4.6,1323248.0,132.91,1701248.0
PRD-1117,Office Equipment,Europe,84000.0,52000.0,77.48,27.16,6600.0,0.6,3.8,196112.0000000001,50.32000000000001,332112.00000000006
PRD-1493,Outdoor Tech,Europe,188000.0,121000.0,187.11,71.04,7200.0,0.61,3.5,526704.0,116.07000000000001,835704.0
PRD-2949,Consumer Electronics,Asia-Pacific,373000.0,232000.0,338.14,134.2,25800.0,0.85,5.0,4656652.0,203.94,5261652.0
PRD-2999,Health & Fitness,Middle East,128000.0,88000.0,145.95,48.36,6400.0,0.6,3.7,408575.9999999999,97.58999999999999,624575.9999999999
PRD-2553,Outdoor Tech,Europe,200000.0,134000.0,175.05,64.64,13700.0,0.77,4.8,1178617.0000000002,110.41000000000001,1512617.0000000002
PRD-3303,Outdoor Tech,North America,159000.0,113000.0,185.25,62.72,11200.0,0.77,4.2,1100336.0,122.53,1372336.0
PRD-2423,Outdoor Tech,Europe,188000.0,121000.0,175.77,73.26,10000.0,0.61,3.9,716100.0,102.51,1025100.0
PRD-1568,Home Automation,Europe,283000.0,209000.0,258.12,92.82,15200.0,0.77,4.7,2020560.0,165.3,2512560.0
PRD-1666,Kitchen Appliances,Latin America,133000.0,88000.0,130.29,58.86,46995.99999999991,0.69,4.5,457584.9999999999,71.42999999999999,3356924.2799999933
PRD-1567,Office Equipment,Latin America,77000.0,50000.0,70.78,25.48,7500.0,0.6,4.1,212750.0,45.3,339750.0
PRD-3230,Consumer Electronics,Europe,340000.0,238000.0,523.95,181.35,12100.0,0.86,4.5,3567460.0000000005,342.6,4145460.0000000005
PRD-2926,Kitchen Appliances,Latin America,132000.0,84000.0,130.29,58.86,10400.0,0.69,3.8,526871.9999999999,71.42999999999999,742871.9999999999
PRD-1987,Office Equipment,Latin America,86000.0,60000.0,70.78,25.48,7800.0,0.6,3.5,207340.0,45.3,353340.0
PRD-2825,Kitchen Appliances,Europe,271000.0,162000.0,233.1,89.1,12000.0,0.84,4.8,1295000.0,144.0,1728000.0
PRD-1612,Wearable Tech,Asia-Pacific,300000.0,194000.0,229.54,100.94,15500.0,0.8,4.4,1499300.0,128.6,1993300.0
PRD-2850,Consumer Electronics,Latin America,182000.0,100000.0,159.99,57.04,10600.0,0.61,4.7,809270.0000000002,102.95000000000002,1091270.0000000002
PRD-3257,Gaming Gear,Asia-Pacific,231000.0,138000.0,178.19,65.28,25100.0,0.74,5.0,2465041.0,112.91,2834041.0
PRD-3164,Wearable Tech,North America,352000.0,181000.0,322.92,117.3,14900.0,0.93,4.3,2530738.0,205.62,3063738.0
PRD-1016,Gaming Gear,North America,350000.0,250000.0,349.0,135.0,20500.0,0.9,4.9,3787000.0,214.0,4387000.0
PRD-1210,Health & Fitness,Latin America,98000.0,64000.0,94.53,32.76,13300.0,0.74,3.9,659541.0,61.77,821541.0
PRD-3018,Office Equipment,North America,86000.0,54000.0,64.5,22.08,17900.0,0.73,3.5,619318.0,42.42,759318.0
PRD-2067,Office Equipment,Europe,101000.0,58000.0,94.34,37.4,11700.0,0.78,4.1,507198.0,56.940000000000005,666198.0
PRD-2575,Personal Audio,Latin America,77000.0,42010.0,47.49,16.84,18600.0,0.69,4.3,454090.0,30.650000000000002,570090.0
PRD-1956,Gaming Gear,Middle East,187000.0,147000.0,172.89,77.04,6200.0,0.5,4.3,260269.99999999988,95.84999999999998,594269.9999999999
PRD-1447,Office Equipment,Latin America,83000.0,49000.0,81.95,26.32,7900.0,0.6,3.8,307477.0,55.63,439477.0
PRD-2474,Wearable Tech,North America,314000.0,185000.0,313.95,106.95,14600.0,0.93,4.5,2523200.0,207.0,3022200.0
PRD-1941,Health & Fitness,North America,134000.0,110000.0,127.19,46.2,19600.0,0.8,4.9,1343404.0,80.99,1587404.0
PRD-3324,Kitchen Appliances,North America,224000.0,157000.0,250.65,87.22,12600.0,0.83,4.8,1678218.0,163.43,2059218.0
PRD-1772,Wearable Tech,Europe,257000.0,163000.0,212.97,87.12,14400.0,0.77,4.9,1392240.0,125.85,1812240.0
PRD-2301,Health & Fitness,North America,153000.0,113000.0,123.59,42.42,26000.0,0.8,4.7,1844420.0,81.17,2110420.0
PRD-2640,Consumer Electronics,Latin America,173000.0,107000.0,159.99,57.04,8600.0,0.61,3.9,605370.0000000001,102.95000000000002,885370.0000000001
PRD-1626,Gaming Gear,Middle East,189000.0,154000.0,201.39,79.2,5400.0,0.5,4.3,292387.9999999999,122.18999999999998,659825.9999999999
PRD-1517,Gaming Gear,Asia-Pacific,218000.0,139000.0,172.79,73.44,18500.0,0.74,4.8,1480975.0,99.35,1837975.0
PRD-1459,Smart Home,Middle East,182000.0,95000.0,214.62,88.0,6000.0,0.53,4.0,482720.0,126.62,759720.0
PRD-1018,Home Automation,Asia-Pacific,230000.0,155000.0,199.5,76.0,15400.0,0.76,4.4,1516900.0,123.5,1901900.0
PRD-3335,Kitchen Appliances,Europe,247000.0,181000.0,271.95,92.07,10600.0,0.84,4.7,1478728.0,179.88,1906728.0
PRD-1271,Consumer Electronics,North America,268000.0,184000.0,179.99,71.99,12600.0,0.84,4.4,908800.0000000002,108.00000000000001,1360800.0000000002
PRD-3207,Office Equipment,Europe,107000.0,74000.0,89.0,31.28,13700.0,0.78,4.2,609764.0,57.72,790764.0
PRD-3306,Gaming Gear,Middle East,207000.0,131000.0,201.39,79.2,5900.0,0.5,4.1,382920.9999999999,122.18999999999998,720920.9999999999
PRD-1324,Personal Audio,Asia-Pacific,93000.0,67000.0,64.19,22.26,43700.0,0.82,4.2,1672340.9999999998,41.92999999999999,1832340.9999999998
PRD-2706,Gaming Gear,Middle East,205000.0,124000.0,184.29,74.88,5400.0,0.5,3.7,218050.0,109.41,590814.0
PRD-2397,Office Equipment,Europe,100000.0,75000.0,80.99,36.38,14100.0,0.78,4.1,454000.9999999999,44.60999999999999,629000.9999999999
PRD-2229,Consumer Electronics,Asia-Pacific,287000.0,219000.0,290.29,130.54,23400.0,0.85,5.0,3232150.0000000005,159.75000000000003,3738150.0000000005
PRD-2369,Health & Fitness,Middle East,150000.0,77000.0,145.95,48.36,7500.0,0.6,3.5,504924.9999999999,97.58999999999999,731924.9999999999
PRD-2982,Smart Home,Europe,153000.0,102000.0,140.53,55.1,11600.0,0.81,4.8,735988.0000000001,85.43,990988.0000000001
PRD-1454,Wearable Tech,North America,278000.0,200000.0,287.04,124.2,18600.0,0.93,4.7,2550824.0000000005,162.84000000000003,3028824.0000000005
PRD-3444,Kitchen Appliances,North America,211000.0,158000.0,216.15,84.55,11900.0,0.83,5.0,1197040.0000000002,131.60000000000002,1566040.0000000002
PRD-2259,Consumer Electronics,Asia-Pacific,333000.0,237000.0,328.57,123.22,25400.0,0.85,4.4,4645890.0,205.35,5215890.0
PRD-2430,Consumer Electronics,Latin America,165000.0,114000.0,159.99,57.04,10300.0,0.61,4.2,781385.0000000002,102.95000000000002,1060385.0000000002
PRD-2388,Office Equipment,North America,74000.0,47000.0,64.5,22.08,13900.0,0.78,4.4,468638.0,42.42,589638.0
PRD-1792,Wearable Tech,Asia-Pacific,274000.0,167000.0,252.0,106.82,17600.0,0.8,4.3,2114168.0,145.18,2555168.0
PRD-1057,Office Equipment,Latin America,86000.0,60000.0,75.25,30.52,8400.0,0.6,4.2,229732.0000000001,44.730000000000004,375732.00000000006
PRD-1584,Kitchen Appliances,North America,211000.0,158000.0,243.75,97.9,14200.0,0.83,4.3,1702070.0,145.85,2071070.0
PRD-3455,Kitchen Appliances,Europe,233000.0,182000.0,233.1,89.1,15300.0,0.84,5.0,1788200.0,144.0,2203200.0
PRD-1530,Consumer Electronics,Latin America,189000.0,123000.0,155.19,64.48,8200.0,0.61,4.7,431822.0,90.71,743822.0
PRD-1335,Personal Audio,Europe,105000.0,65000.0,82.35,26.77,33300.0,0.79,4.0,1680814.0,55.58,1850814.0
PRD-1706,Gaming Gear,North America,326000.0,235000.0,335.04,145.8,23000.0,0.89,5.0,3791520.0,189.24,4352520.0
PRD-1717,Office Equipment,Latin America,85000.0,54000.0,68.54,28.84,7800.0,0.6,4.2,170660.0,39.7,309660.0
PRD-2130,Consumer Electronics,Latin America,191000.0,129000.0,169.59,68.2,9600.0,0.61,4.0,653344.0,101.39,973344.0
PRD-1972,Wearable Tech,Asia-Pacific,249000.0,200000.0,274.45,92.12,19800.0,0.8,4.2,3161133.9999999995,182.32999999999998,3610133.9999999995
PRD-2487,Office Equipment,Europe,112000.0,70000.0,94.34,37.4,12100.0,0.78,4.6,506974.0000000001,56.940000000000005,688974.0000000001
PRD-2638,Home Automation,Asia-Pacific,221000.0,169000.0,189.53,69.16,12300.0,0.74,4.7,1090551.0,120.37,1480551.0
PRD-3374,Wearable Tech,North America,368000.0,233000.0,322.92,117.3,18900.0,0.93,4.0,3285218.0,205.62,3886218.0
PRD-2242,Wearable Tech,Asia-Pacific,255000.0,219000.0,229.54,100.94,19700.0,0.8,4.6,2059420.0,128.6,2533420.0
PRD-1496,Gaming Gear,North America,308000.0,250000.0,335.04,145.8,18500.0,0.89,4.6,2942940.0,189.24,3500940.0
PRD-1063,Health & Fitness,Asia-Pacific,126000.0,87000.0,85.49,29.58,33600.0,0.78,4.5,1665576.0,55.91,1878576.0
PRD-1254,Kitchen Appliances,North America,213000.0,165000.0,229.95,81.88,11800.0,0.83,4.3,1369226.0,148.07,1747226.0
PRD-1813,Health & Fitness,Asia-Pacific,137000.0,101000.0,90.89,35.43,27700.0,0.78,5.0,1298242.0,55.46,1536242.0
PRD-3398,Home Automation,Europe,245000.0,194000.0,250.95,84.63,18000.0,0.77,4.6,2554760.0,166.32,2993760.0
PRD-2906,Gaming Gear,North America,333000.0,260000.0,324.57,133.65,21100.0,0.89,5.0,3435411.9999999995,190.92,4028411.9999999995
PRD-2831,Consumer Electronics,North America,228000.0,128000.0,209.99,74.39,15200.0,0.84,4.2,1626120.0000000002,135.60000000000002,2061120.0000000002
PRD-3386,Gaming Gear,Europe,357000.0,270000.0,335.04,145.8,17000.0,0.89,5.0,2590080.0,189.24,3217080.0
PRD-3143,Outdoor Tech,Europe,179000.0,129000.0,204.12,75.48,7500.0,0.61,3.5,656799.9999999999,128.64,964799.9999999999
PRD-2904,Kitchen Appliances,North America,202000.0,129000.0,250.65,87.22,12200.0,0.83,4.3,1662846.0,163.43,1993846.0
PRD-2997,Office Equipment,Europe,101000.0,58000.0,89.0,31.28,16300.0,0.78,4.5,781836.0,57.72,940836.0
PRD-1068,Office Equipment,North America,78000.0,57000.0,62.57,24.96,16200.0,0.73,4.4,474282.0,37.61,609282.0
PRD-2616,Gaming Gear,Middle East,183000.0,134000.0,195.69,72.72,5800.0,0.5,4.3,396226.0,122.97,713226.0
PRD-2976,Gaming Gear,Middle East,209000.0,138000.0,189.99,66.24,5400.0,0.5,4.1,259375.0000000001,123.75000000000001,668250.0000000001
PRD-3078,Office Equipment,North America,84000.0,46000.0,66.44,24.24,14200.0,0.73,4.2,469240.0,42.2,599240.0
PRD-2304,Kitchen Appliances,North America,200000.0,167000.0,229.95,81.88,15800.0,0.83,5.0,1972506.0,148.07,2339506.0
PRD-3100,Health & Fitness,Latin America,112000.0,69000.0,94.53,32.76,12500.0,0.74,4.5,591125.0,61.77,772125.0
PRD-1060,Health & Fitness,Latin America,89000.0,58000.0,97.51,36.0,12900.0,0.74,3.8,646479.0000000001,61.510000000000005,793479.0000000001
PRD-3044,Wearable Tech,North America,272000.0,179000.0,304.98,120.75,15800.0,0.93,4.0,2459834.0000000005,184.23000000000002,2910834.0000000005
PRD-2074,Personal Audio,Asia-Pacific,74000.0,57000.0,55.19,21.63,34900.0,0.82,4.7,1040244.0,33.56,1171244.0
PRD-1278,Office Equipment,North America,82000.0,54000.0,62.57,24.96,13100.0,0.73,4.1,356691.0,37.61,492691.0
PRD-1827,Office Equipment,Europe,114000.0,128000.0,83.66,32.3,13100.0,0.78,4.6,501816.0,51.36,672816.0
PRD-3461,Consumer Electronics,North America,265000.0,175000.0,209.99,74.39,12800.0,0.84,4.4,1295680.0000000002,135.60000000000002,1735680.0000000002
PRD-1638,Office Equipment,North America,92000.0,56000.0,60.63,22.8,17300.0,0.73,3.9,506459.0,37.83,654459.0
PRD-1135,Personal Audio,Latin America,66010.0,304969.99999999936,53.49,19.61,22200.0,0.69,4.0,643136.0,33.88,752136.0
PRD-1326,Gaming Gear,Middle East,218000.0,130000.0,172.89,77.04,5400.0,0.5,4.1,102494.99999999988,95.84999999999998,517589.9999999999
PRD-2056,Kitchen Appliances,Latin America,127000.0,98000.0,141.9,50.76,8900.0,0.69,4.1,586146.0000000001,91.14000000000001,811146.0000000001
PRD-3395,Kitchen Appliances,Europe,240000.0,157000.0,279.72,100.98,12900.0,0.84,4.3,1908746.0,178.74,2305746.0
PRD-2964,Kitchen Appliances,North America,196000.0,152000.0,209.25,95.23,14800.0,0.83,5.0,1339496.0,114.02,1687496.0
PRD-2058,Office Equipment,North America,75000.0,50000.0,60.63,22.8,17800.0,0.73,4.4,548374.0,37.83,673374.0
PRD-3061,Smart Home,North America,295000.0,229000.0,256.68,108.15,22900.0,0.95,4.6,2877337.0,148.53,3401337.0
PRD-1834,Personal Audio,Asia-Pacific,84000.0,56000.0,60.59,22.89,39100.0,0.82,4.1,1334070.0,37.7,1474070.0
PRD-1433,Outdoor Tech,Europe,194000.0,140000.0,181.44,79.92,9200.0,0.61,3.9,599984.0,101.52,933984.0
PRD-1905,Personal Audio,Europe,92000.0,86000.0,79.95,24.38,35700.0,0.79,4.6,1805849.0,55.57000000000001,1983849.0000000002
PRD-1385,Kitchen Appliances,Europe,221000.0,142000.0,264.18,103.95,14500.0,0.84,4.5,1960335.0000000005,160.23000000000002,2323335.0000000005
PRD-1183,Health & Fitness,Asia-Pacific,119000.0,88000.0,90.89,35.43,32200.0,0.78,4.8,1578812.0,55.46,1785812.0
PRD-1854,Kitchen Appliances,North America,216000.0,128000.0,250.65,87.22,14100.0,0.83,4.7,1960363.0,163.43,2304363.0
PRD-1552,Wearable Tech,Asia-Pacific,308000.0,163000.0,274.45,92.12,19300.0,0.8,4.8,3047968.9999999995,182.32999999999998,3518968.9999999995
PRD-1658,Home Automation,Europe,314000.0,196000.0,243.78,95.55,20000.0,0.77,4.1,2454600.0000000005,148.23000000000002,2964600.0000000005
PRD-1908,Office Equipment,North America,69000.0,45000.0,62.57,24.96,17100.0,0.73,4.3,529131.0,37.61,643131.0
PRD-1616,Gaming Gear,North America,396000.0,253000.0,355.98,141.75,17400.0,0.89,4.9,3078602.0000000005,214.23000000000002,3727602.0000000005
PRD-3334,Personal Audio,Asia-Pacific,73000.0,54000.0,55.19,21.63,38600.0,0.82,5.0,1168416.0,33.56,1295416.0
PRD-3320,Consumer Electronics,Europe,384000.0,304969.99999999936,494.01,187.2,10600.0,0.86,5.0,2563186.0,306.81,3252186.0
PRD-1202,Wearable Tech,Europe,291000.0,168000.0,219.84,95.04,13300.0,0.77,4.3,1200840.0,124.8,1659840.0
PRD-2007,Office Equipment,Europe,105000.0,68000.0,91.67,34.34,14900.0,0.78,4.5,681217.0,57.33,854217.0
PRD-3258,Office Equipment,North America,77000.0,55000.0,58.7,25.68,16300.0,0.73,4.1,406226.0,33.02,538226.0
PRD-2847,Office Equipment,Europe,127000.0,72000.0,91.67,34.34,15700.0,0.78,4.4,701081.0,57.33,900081.0
PRD-3083,Outdoor Tech,Europe,184000.0,148000.0,198.45,68.82,9400.0,0.61,3.9,886522.0,129.63,1218522.0
PRD-1692,Smart Home,Europe,185000.0,136000.0,153.99,58.58,14500.0,0.81,4.6,1062445.0000000002,95.41000000000001,1383445.0000000002
PRD-2425,Personal Audio,Latin America,71000.0,49000.0,48.99,18.5,17900.0,0.69,4.2,425771.0,30.490000000000002,545771.0
PRD-2678,Home Automation,Europe,259000.0,183000.0,215.1,81.9,16100.0,0.77,5.0,1702520.0,133.2,2144520.0
PRD-2340,Consumer Electronics,Latin America,200000.0,122000.0,169.59,68.2,7900.0,0.61,3.7,478981.0,101.39,800981.0
PRD-1974,Kitchen Appliances,North America,202000.0,129000.0,216.15,84.55,13300.0,0.83,5.0,1419280.0000000002,131.60000000000002,1750280.0000000002
PRD-2705,Kitchen Appliances,Europe,189000.0,160000.0,271.95,92.07,12700.0,0.84,4.5,1913476.0,179.88,2284476.0
PRD-2390,Consumer Electronics,Europe,384000.0,304969.99999999936,523.95,181.35,11400.0,0.86,4.6,3216640.0000000005,342.6,3905640.0000000005
PRD-2646,Gaming Gear,Middle East,211000.0,128000.0,178.59,68.4,6300.0,0.5,4.1,339197.0,110.19,694197.0
PRD-2516,Gaming Gear,North America,347000.0,233000.0,366.45,125.55,22300.0,0.89,4.4,4792069.999999999,240.89999999999998,5372069.999999999
PRD-1080,Consumer Electronics,Latin America,201000.0,128000.0,169.59,68.2,7100.0,0.61,4.4,390869.0,101.39,719869.0
PRD-3430,Health & Fitness,Latin America,111000.0,66000.0,100.5,39.24,9900.0,0.74,4.5,429474.0,61.26,606474.0
PRD-2968,Home Automation,Asia-Pacific,219000.0,161000.0,201.5,82.84,14900.0,0.74,4.7,1388034.0,118.66,1768034.0
PRD-1295,Kitchen Appliances,Europe,269000.0,154000.0,279.72,100.98,11000.0,0.84,4.0,1543140.0,178.74,1966140.0
PRD-1826,Gaming Gear,North America,305000.0,238000.0,355.98,141.75,21900.0,0.89,4.6,4148637.0,214.23000000000002,4691637.0
PRD-3268,Home Automation,Asia-Pacific,255000.0,141000.0,189.53,69.16,16200.0,0.74,4.9,1553994.0,120.37,1949994.0
PRD-1353,Outdoor Tech,North America,196000.0,121000.0,180.15,70.4,9900.0,0.77,4.0,769525.0,109.75,1086525.0
PRD-1077,Office Equipment,Europe,105000.0,68000.0,97.01,33.32,16000.0,0.78,4.1,846040.0000000001,63.690000000000005,1019040.0000000001
PRD-1969,Smart Home,Middle East,165000.0,108000.0,201.48,90.64,8100.0,0.53,3.9,624803.9999999999,110.83999999999999,897803.9999999999
PRD-3442,Wearable Tech,Asia-Pacific,260000.0,179000.0,274.45,92.12,18100.0,0.8,4.4,2861172.9999999995,182.32999999999998,3300172.9999999995
PRD-2172,Smart Home,Europe,198000.0,103000.0,158.47,63.8,12000.0,0.81,4.7,835040.0,94.67,1136040.0
PRD-3471,Health & Fitness,North America,135000.0,116000.0,130.79,41.16,21600.0,0.8,4.6,1685008.0,89.63,1936008.0
PRD-2622,Smart Home,Europe,185000.0,136000.0,145.02,60.32,13500.0,0.81,3.9,822450.0000000002,84.70000000000002,1143450.0000000002
PRD-3048,Office Equipment,North America,73000.0,58000.0,58.7,25.68,12800.0,0.73,4.4,291656.00000000006,33.02,422656.00000000006
PRD-3063,Outdoor Tech,North America,181000.0,110000.0,164.85,66.56,12400.0,0.77,4.7,927796.0,98.28999999999999,1218796.0
PRD-2433,Outdoor Tech,North America,211000.0,133000.0,164.85,66.56,9400.0,0.77,4.5,579925.9999999999,98.28999999999999,923925.9999999999
PRD-2324,Wearable Tech,North America,288000.0,231000.0,322.92,117.3,21300.0,0.93,4.4,3860706.0,205.62,4379706.0
PRD-3090,Consumer Electronics,Latin America,161000.0,102000.0,145.59,66.34,9700.0,0.61,4.2,505725.0,79.25,768725.0
PRD-2514,Kitchen Appliances,North America,211000.0,158000.0,229.95,81.88,13100.0,0.83,4.7,1570717.0,148.07,1939717.0
PRD-2153,Outdoor Tech,Europe,184000.0,148000.0,170.1,66.6,10100.0,0.61,3.5,713350.0,103.5,1045350.0
PRD-2741,Consumer Electronics,North America,278000.0,164000.0,179.99,71.99,17300.0,0.84,4.8,1426400.0000000002,108.00000000000001,1868400.0000000002
PRD-2828,Home Automation,Europe,281000.0,200000.0,258.12,92.82,16800.0,0.77,5.0,2296040.0,165.3,2777040.0
PRD-3405,Personal Audio,Europe,109000.0,304969.99999999936,72.75,28.36,35400.0,0.79,4.5,1379406.0,44.39,1571406.0
PRD-2205,Personal Audio,Europe,107000.0,76000.0,75.15,25.18,38500.0,0.79,4.8,1740845.0000000002,49.970000000000006,1923845.0000000002
PRD-2913,Outdoor Tech,North America,167000.0,138000.0,169.95,58.88,11900.0,0.77,4.6,1016733.0,111.07,1321733.0
PRD-3269,Health & Fitness,Middle East,131000.0,97000.0,150.12,53.04,6300.0,0.6,4.1,383604.0000000001,97.08000000000001,611604.0000000001
PRD-1307,Gaming Gear,Asia-Pacific,208000.0,149000.0,172.79,73.44,22700.0,0.74,5.0,1898245.0,99.35,2255245.0
PRD-1849,Smart Home,Middle East,175000.0,304969.99999999936,234.33,93.28,8500.0,0.53,4.7,916925.0,141.05,1198925.0
PRD-1231,Smart Home,North America,338000.0,246000.0,265.05,95.55,29400.0,0.95,4.7,4399300.0,169.5,4983300.0
PRD-2525,Kitchen Appliances,Europe,233000.0,182000.0,248.64,106.92,11000.0,0.84,4.6,1143919.9999999998,141.71999999999997,1558919.9999999998
PRD-3500,Consumer Electronics,Europe,348000.0,266000.0,538.92,198.9,12000.0,0.86,4.9,3466240.0,340.02,4080240.0
PRD-2204,Wearable Tech,North America,307000.0,229000.0,304.98,120.75,14700.0,0.93,4.1,2172181.0000000005,184.23000000000002,2708181.0000000005
PRD-2277,Consumer Electronics,Europe,107000.0,74000.0,94.34,37.4,14800.0,0.78,3.8,661712.0000000001,56.940000000000005,842712.0000000001
PRD-2973,Outdoor Tech,North America,161000.0,128000.0,175.05,64.64,14000.0,0.77,4.2,1265740.0000000002,110.41000000000001,1545740.0000000002
PRD-3457,Office Equipment,Latin America,90000.0,54000.0,70.78,25.48,7000.0,0.6,3.6,173100.0,45.3,317100.0
PRD-2785,Personal Audio,Latin America,81000.0,50000.0,47.49,16.84,22800.0,0.69,4.0,567820.0,30.650000000000002,698820.0
PRD-1566,Gaming Gear,Middle East,195000.0,132000.0,195.69,72.72,6500.0,0.5,3.6,472305.0,122.97,799305.0
PRD-1668,Office Equipment,North America,78000.0,44000.0,68.37,26.4,18700.0,0.73,3.7,662839.0000000001,41.970000000000006,784839.0000000001
PRD-3456,Gaming Gear,Middle East,222000.0,143000.0,195.69,72.72,6100.0,0.5,4.2,385117.0,122.97,750117.0
PRD-1814,Wearable Tech,North America,320000.0,206000.0,278.07,113.85,15800.0,0.93,4.5,2068676.0,164.22,2594676.0
PRD-3167,Gaming Gear,Asia-Pacific,208000.0,149000.0,188.99,63.24,19100.0,0.74,4.8,2044825.0,125.75,2401825.0
PRD-1795,Personal Audio,Latin America,66010.0,43000.0,48.99,18.5,20900.0,0.69,4.0,533241.0,30.490000000000002,637241.0
PRD-1179,Consumer Electronics,Asia-Pacific,307000.0,216000.0,290.29,130.54,17400.0,0.85,5.0,2256650.0000000005,159.75000000000003,2779650.0000000005
PRD-1138,Home Automation,Asia-Pacific,251000.0,174000.0,207.48,73.72,12500.0,0.74,4.8,1247000.0,133.76,1672000.0
PRD-2466,Gaming Gear,Middle East,168000.0,122000.0,201.39,79.2,5500.0,0.5,4.2,382044.9999999999,122.18999999999998,672044.9999999999
PRD-1529,Health & Fitness,Middle East,123000.0,98000.0,145.95,48.36,7100.0,0.6,3.6,471888.9999999999,97.58999999999999,692888.9999999999
PRD-3491,Consumer Electronics,North America,223000.0,189000.0,191.99,86.39,14100.0,0.84,4.2,1076960.0000000002,105.60000000000001,1488960.0000000002
PRD-2527,Office Equipment,Latin America,90000.0,54000.0,75.25,30.52,7600.0,0.6,3.5,195948.0000000001,44.730000000000004,339948.00000000006
PRD-2285,Kitchen Appliances,Europe,262000.0,179000.0,271.95,92.07,12300.0,0.84,4.0,1771524.0,179.88,2212524.0
PRD-1414,Personal Audio,Asia-Pacific,189000.0,63000.0,60.59,22.89,37800.0,0.82,4.7,1286060.0,37.7,1425060.0
PRD-1892,Wearable Tech,Europe,242000.0,165000.0,226.71,84.48,13600.0,0.77,4.1,1527328.0000000002,142.23000000000002,1934328.0000000002
PRD-1161,Health & Fitness,North America,146000.0,120000.0,130.79,41.16,22500.0,0.8,4.6,1750675.0,89.63,2016675.0
PRD-3013,Health & Fitness,Asia-Pacific,102000.0,81000.0,88.19,32.5,25200.0,0.78,4.7,1220388.0,55.69,1403388.0
PRD-3316,Kitchen Appliances,Latin America,126000.0,94000.0,141.9,50.76,9800.0,0.69,4.5,673172.0000000001,91.14000000000001,893172.0000000001
PRD-1259,Health & Fitness,Middle East,120000.0,89000.0,141.78,54.6,7100.0,0.6,4.3,409978.0,87.18,618978.0
PRD-1395,Personal Audio,Europe,102000.0,77000.0,84.75,29.15,39600.0,0.79,4.7,2022760.0,55.6,2201760.0
PRD-3372,Smart Home,Europe,202000.0,115000.0,153.99,58.58,10900.0,0.81,4.4,722969.0000000001,95.41000000000001,1039969.0000000001
PRD-1343,Consumer Electronics,Europe,173000.0,150000.0,192.78,77.7,6900.0,0.61,4.5,471052.0,115.08,794052.0
PRD-1355,Kitchen Appliances,Europe,262000.0,179000.0,233.1,89.1,13300.0,0.84,4.7,1474200.0,144.0,1915200.0
PRD-1920,Consumer Electronics,Latin America,182000.0,100000.0,169.59,68.2,7700.0,0.61,4.3,498703.0,101.39,780703.0
PRD-1247,Gaming Gear,Asia-Pacific,214000.0,173000.0,167.39,67.32,18700.0,0.74,4.4,1484308.9999999998,100.07,1871308.9999999998
PRD-2271,Health & Fitness,North America,132000.0,105000.0,109.19,44.94,23800.0,0.8,4.9,1292150.0,64.25,1529150.0
PRD-2386,Kitchen Appliances,Latin America,126000.0,94000.0,122.55,49.14,10500.0,0.69,4.1,550805.0,73.41,770805.0
PRD-2059,Smart Home,Middle East,183000.0,100000.0,234.33,93.28,7100.0,0.53,4.4,718455.0000000001,141.05,1001455.0000000001
PRD-2170,Health & Fitness,Latin America,112000.0,69000.0,100.5,39.24,13400.0,0.74,4.1,639884.0,61.26,820884.0
PRD-2611,Smart Home,North America,316000.0,238000.0,281.79,114.45,30400.0,0.95,4.3,4533136.000000001,167.34000000000003,5087136.000000001
PRD-1072,Wearable Tech,Asia-Pacific,288000.0,215000.0,266.97,103.88,15800.0,0.8,4.7,2073822.0000000005,163.09000000000003,2576822.0000000005
PRD-2650,Health & Fitness,Latin America,120000.0,72000.0,103.48,34.92,11200.0,0.74,4.4,575872.0,68.56,767872.0
PRD-3001,Smart-Home,North America,304000.0,194000.0,306.9,98.7,28900.0,0.95,5.0,5518980.0,208.2,6016980.0
PRD-3243,Outdoor Tech,North America,165000.0,131000.0,180.15,70.4,13900.0,0.77,4.6,1229525.0,109.75,1525525.0
PRD-1976,Gaming Gear,North America,333000.0,260000.0,345.51,129.6,22800.0,0.89,4.4,4329748.0,215.91,4922748.0
PRD-3278,Home Automation,Europe,261000.0,192000.0,236.61,87.36,18900.0,0.77,4.3,2367825.0,149.25,2820825.0
PRD-2173,Health & Fitness,Asia-Pacific,115000.0,104000.0,88.19,32.5,23500.0,0.78,4.8,1089715.0,55.69,1308715.0
PRD-1973,Outdoor Tech,Europe,201000.0,126000.0,192.78,77.7,9000.0,0.61,3.6,708720.0,115.08,1035720.0
PRD-2097,Office Equipment,Europe,117000.0,63000.0,86.33,35.36,13000.0,0.78,3.9,482610.0,50.97,662610.0
PRD-1858,Home Automation,Asia-Pacific,239000.0,135000.0,195.51,76.0,14200.0,0.74,4.4,1323041.9999999998,119.50999999999999,1697041.9999999998
PRD-2071,Smart Home,North America,304000.0,194000.0,265.05,95.55,30900.0,0.95,4.6,4739550.0,169.5,5237550.0
PRD-3053,Outdoor Tech,Europe,217000.0,138000.0,175.77,73.26,8700.0,0.61,4.1,536837.0,102.51,891837.0
PRD-2625,Personal Audio,Europe,87000.0,67000.0,75.15,25.18,39600.0,0.79,4.2,1824812.0,49.970000000000006,1978812.0000000002
PRD-2134,Personal Audio,Asia-Pacific,98000.0,67000.0,56.99,19.11,42400.0,0.82,4.3,1441112.0,37.88,1606112.0
PRD-1466,Gaming Gear,North America,368000.0,230000.0,366.45,125.55,16600.0,0.89,4.8,3400939.9999999995,240.89999999999998,3998939.9999999995
PRD-2208,Office Equipment,North America,82000.0,54000.0,58.7,25.68,18400.0,0.73,3.5,471568.0,33.02,607568.0
PRD-3285,Personal Audio,Europe,86000.0,83000.0,84.75,29.15,37100.0,0.79,4.2,1893760.0,55.6,2062760.0
PRD-2109,Consumer Electronics,Asia-Pacific,307000.0,216000.0,338.14,134.2,24500.0,0.85,4.3,4473530.0,203.94,4996530.0
PRD-2948,Home Automation,Europe,264000.0,202000.0,222.27,90.09,15900.0,0.77,4.3,1635662.0,132.18,2101662.0
PRD-1176,Gaming Gear,Middle East,203000.0,117000.0,178.59,68.4,6900.0,0.5,4.0,440311.0,110.19,760311.0
PRD-2371,Smart Home,North America,353000.0,233000.0,306.9,98.7,22400.0,0.95,4.8,4077680.0,208.2,4663680.0
PRD-3171,Health & Fitness,North America,158000.0,97000.0,112.79,39.9,19600.0,0.8,4.4,1173644.0000000002,72.89000000000001,1428644.0000000002
PRD-2684,Wearable Tech,North America,330000.0,237000.0,313.95,106.95,18600.0,0.93,4.2,3283200.0,207.0,3850200.0
PRD-2156,Gaming Gear,North America,301000.0,225000.0,376.92,137.7,17000.0,0.89,4.6,3540740.0000000005,239.22000000000003,4066740.0000000005
PRD-2938,Home Automation,Asia-Pacific,258000.0,149000.0,219.45,71.44,13600.0,0.74,4.9,1605935.9999999998,148.01,2012935.9999999998
PRD-3226,Kitchen Appliances,Latin America,154000.0,73000.0,122.55,49.14,11100.0,0.69,4.0,587851.0,73.41,814851.0
PRD-2345,Consumer Electronics,Europe,254000.0,155000.0,279.72,100.98,14700.0,0.84,4.7,2218478.0,178.74,2627478.0
PRD-3172,Wearable Tech,Asia-Pacific,255000.0,219000.0,266.97,103.88,18300.0,0.8,3.9,2510547.0000000005,163.09000000000003,2984547.0000000005
PRD-1901,Consumer Electronics,North America,228000.0,207000.0,179.99,71.99,16400.0,0.84,4.9,1336200.0000000002,108.00000000000001,1771200.0000000002
PRD-1540,Health & Fitness,Latin America,97000.0,61000.0,100.5,39.24,10600.0,0.74,3.9,491356.0,61.26,649356.0
PRD-1092,Smart Home,Europe,184000.0,130000.0,140.53,55.1,12500.0,0.81,4.2,753875.0,85.43,1067875.0
PRD-1913,Outdoor Tech,Europe,207000.0,146000.0,187.11,71.04,7500.0,0.61,4.0,517525.0,116.07000000000001,870525.0
PRD-3129,Consumer Electronics,Asia-Pacific,343000.0,200000.0,299.86,115.9,19800.0,0.85,5.0,3099408.0,183.96,3642408.0
PRD-1757,Gaming Gear,Asia-Pacific,193000.0,142000.0,194.39,69.36,25300.0,0.74,4.3,2828258.9999999995,125.02999999999999,3163258.9999999995
PRD-1782,Smart Home,Europe,205000.0,127000.0,145.02,60.32,12800.0,0.81,4.0,752160.0000000002,84.70000000000002,1084160.0000000002
PRD-1760,Consumer Electronics,Europe,423959.9999999991,269000.0,523.95,181.35,13200.0,0.86,4.4,3805320.0,342.6,4522320.0
PRD-1794,Kitchen Appliances,North America,222000.0,149000.0,243.75,97.9,11500.0,0.83,5.0,1306275.0,145.85,1677275.0
PRD-2115,Personal Audio,Europe,97000.0,81000.0,79.95,24.38,29100.0,0.79,4.3,1439087.0000000002,55.57000000000001,1617087.0000000002
PRD-2315,Kitchen Appliances,Europe,221000.0,142000.0,248.64,106.92,13500.0,0.84,4.9,1550219.9999999995,141.71999999999997,1913219.9999999995
PRD-2711,Consumer Electronics,North America,243000.0,205000.0,197.99,76.79,15900.0,0.84,5.0,1479080.0,121.2,1927080.0
PRD-2727,Office Equipment,Europe,99000.0,72000.0,86.33,35.36,16400.0,0.78,4.1,664908.0,50.97,835908.0
PRD-2354,Wearable Tech,North America,333000.0,183000.0,296.01,110.4,15500.0,0.93,4.2,2360955.0,185.60999999999999,2876955.0
PRD-2002,Wearable Tech,Asia-Pacific,288000.0,215000.0,252.0,106.82,14400.0,0.8,4.0,1587592.0,145.18,2090592.0
PRD-3037,Office Equipment,Latin America,81000.0,61000.0,70.78,25.48,6800.0,0.6,4.2,166040.0,45.3,308040.0
PRD-1815,Personal Audio,Europe,82000.0,68000.0,84.75,29.15,40600.0,0.79,4.1,2107360.0,55.6,2257360.0
PRD-2729,Health & Fitness,Middle East,126000.0,80000.0,141.78,54.6,6500.0,0.6,4.4,360670.0,87.18,566670.0
PRD-2902,Wearable Tech,Asia-Pacific,249000.0,200000.0,259.48,95.06,18500.0,0.8,4.6,2592770.0000000005,164.42000000000002,3041770.0000000005
PRD-1970,Consumer Electronics,Europe,344000.0,252000.0,523.95,181.35,11100.0,0.86,4.4,3206860.0000000005,342.6,3802860.0000000005
PRD-1168,Home Automation,Asia-Pacific,212000.0,138000.0,189.53,69.16,13900.0,0.74,4.6,1323143.0,120.37,1673143.0
PRD-3402,Smart Home,Europe,171000.0,125000.0,140.53,55.1,12000.0,0.81,4.2,729160.0000000001,85.43,1025160.0000000001
PRD-3425,Kitchen Appliances,Europe,274000.0,170000.0,256.41,95.04,14100.0,0.84,4.4,1831317.0,161.37,2275317.0
PRD-1350,Consumer Electronics,Latin America,151000.0,104000.0,174.39,60.76,10700.0,0.61,3.7,960841.0,113.63,1215841.0
PRD-3487,Office Equipment,Latin America,103000.0,58000.0,79.72,29.68,7700.0,0.6,3.5,224308.0,50.04,385308.0
PRD-1053,Outdoor Tech,North America,167000.0,138000.0,154.65,68.48,13800.0,0.77,3.8,884146.0,86.17,1189146.0
PRD-3145,Personal Audio,Latin America,68000.0,51000.0,45.99,19.06,20000.0,0.69,3.8,419600.0000000001,26.930000000000003,538600.0000000001
PRD-2619,Consumer Electronics,Asia-Pacific,376000.0,244000.0,319.0,112.24,22100.0,0.85,5.0,3949396.0,206.76,4569396.0
PRD-1984,Personal Audio,Asia-Pacific,91000.0,61000.0,58.79,21.0,40700.0,0.82,4.2,1386053.0,37.79,1538053.0
PRD-3333,Outdoor Tech,North America,185000.0,123000.0,169.95,58.88,12300.0,0.77,4.0,1058161.0,111.07,1366161.0
PRD-2281,Smart Home,North America,319000.0,249000.0,265.05,95.55,26000.0,0.95,4.3,3839000.0,169.5,4407000.0
PRD-3321,Health & Fitness,North America,170000.0,106000.0,109.19,44.94,20600.0,0.8,4.5,1047550.0,64.25,1323550.0
PRD-3365,Kitchen Appliances,Europe,206000.0,144000.0,248.64,106.92,11700.0,0.78,4.5,1308123.9999999998,141.71999999999997,1658123.9999999998
PRD-3122,Wearable Tech,Europe,283000.0,196000.0,247.32,89.76,13600.0,0.77,4.7,1663816.0,157.56,2142816.0
PRD-1876,Kitchen Appliances,Latin America,140000.0,83000.0,130.29,58.86,7700.0,0.69,4.2,327011.0,71.42999999999999,550011.0
PRD-1008,Office Equipment,North America,80000.0,50000.0,64.5,24.0,16000.0,0.7,3.9,518000.0,40.5,648000.0
PRD-1739,Health & Fitness,Middle East,130000.0,93000.0,145.95,48.36,5800.0,0.6,4.4,343021.9999999999,97.58999999999999,566021.9999999999
PRD-1112,Wearable Tech,Europe,263000.0,180000.0,233.58,92.4,15400.0,0.77,4.9,1731172.0,141.18,2174172.0
PRD-1315,Personal Audio,Latin America,78000.0,42010.0,47.49,16.84,16900.0,0.69,3.9,398985.00000000006,30.650000000000002,517985.00000000006
PRD-2006,Gaming Gear,North America,382000.0,280000.0,314.1,121.5,24600.0,0.89,4.5,4075960.000000001,192.60000000000002,4737960.000000001
PRD-3234,Kitchen Appliances,North America,200000.0,167000.0,216.15,84.55,14600.0,0.83,4.3,1554360.0000000002,131.60000000000002,1921360.0000000002
PRD-2867,Gaming Gear,Asia-Pacific,239000.0,170000.0,161.99,61.2,26400.0,0.74,4.6,2251856.0,100.79,2660856.0
PRD-2758,Home Automation,Asia-Pacific,207000.0,171000.0,201.5,82.84,17900.0,0.74,3.9,1746014.0,118.66,2124014.0
PRD-1102,Wearable Tech,Asia-Pacific,189000.0,171000.0,244.51,98.0,17300.0,0.8,4.5,2122623.0,146.51,2534623.0
PRD-1197,Office Equipment,Europe,98000.0,68000.0,83.66,32.3,15300.0,0.78,4.4,619808.0,51.36,785808.0
PRD-1487,Gaming Gear,Asia-Pacific,189000.0,176000.0,188.99,63.24,25500.0,0.74,5.0,2841625.0,125.75,3206625.0
PRD-1610,Consumer Electronics,Europe,416000.0,128000.0,538.92,198.9,12800.0,0.86,4.3,3692256.0,340.02,4352256.0
PRD-1577,Gaming Gear,Asia-Pacific,212000.0,165000.0,178.19,65.28,22400.0,0.78,4.4,2152184.0,112.91,2529184.0
PRD-2353,Health & Fitness,Asia-Pacific,104000.0,90000.0,96.29,34.45,27200.0,0.78,4.7,1488048.0,61.84,1682048.0
PRD-2456,Gaming Gear,North America,357000.0,270000.0,355.98,141.75,18700.0,0.89,4.8,3379101.0000000005,214.23000000000002,4006101.0000000005
PRD-2107,Office Equipment,Latin America,81000.0,61000.0,75.25,30.52,7400.0,0.6,3.8,189002.0000000001,44.730000000000004,331002.00000000006
PRD-3069,Consumer Electronics,Asia-Pacific,353000.0,235000.0,290.29,130.54,24700.0,0.85,4.5,3357825.000000001,159.75000000000003,3945825.000000001
PRD-1839,Consumer Electronics,Asia-Pacific,300000.0,265000.0,328.57,123.22,24700.0,0.85,5.0,4507145.0,205.35,5072145.0
PRD-3117,Office Equipment,Europe,95000.0,59000.0,94.34,37.4,15600.0,0.78,3.7,734264.0000000001,56.940000000000005,888264.0000000001
PRD-2798,Home Automation,Europe,242000.0,185000.0,229.44,98.28,15200.0,0.77,4.2,1566632.0,131.16,1993632.0
PRD-2470,Health & Fitness,Latin America,97000.0,61000.0,94.53,32.76,9700.0,0.74,4.3,441169.0,61.77,599169.0
PRD-2888,Home Automation,Europe,272000.0,172000.0,215.1,81.9,20000.0,0.77,4.7,2220000.0,133.2,2664000.0
PRD-3065,Kitchen Appliances,Europe,242000.0,165000.0,264.18,103.95,10700.0,0.84,4.3,1307461.0000000002,160.23000000000002,1714461.0000000002
PRD-1322,Wearable Tech,Europe,276000.0,170000.0,233.58,92.4,12600.0,1.0,4.6,1332868.0,141.18,1778868.0
PRD-2972,Wearable Tech,Europe,263000.0,180000.0,206.1,79.2,13100.0,0.77,4.6,1219390.0,126.89999999999999,1662390.0
PRD-2244,Kitchen Appliances,North America,207000.0,144000.0,223.05,92.56,13200.0,0.83,4.3,1371468.0000000002,130.49,1722468.0000000002
PRD-3126,Gaming Gear,Middle East,224000.0,150000.0,184.29,74.88,5400.0,0.5,4.2,183991.0,109.41,590814.0
PRD-2339,Health & Fitness,Middle East,131000.0,97000.0,129.27,51.48,6900.0,0.6,3.7,308751.0000000001,77.79000000000002,536751.0000000001
PRD-1884,Kitchen Appliances,North America,246000.0,139000.0,229.95,81.88,15300.0,0.83,4.5,1880471.0,148.07,2265471.0
PRD-2699,Health & Fitness,Europe,149000.0,73000.0,125.1,46.8,5800.0,0.6,3.5,232140.0,78.3,454140.0
PRD-1989,Consumer Electronics,Asia-Pacific,327000.0,214000.0,319.0,112.24,25600.0,0.85,5.0,4752056.0,206.76,5293056.0
PRD-2498,Home Automation,Europe,283000.0,209000.0,243.78,95.55,21000.0,0.78,5.0,2620830.0000000005,148.23000000000002,3112830.0000000005
PRD-2217,Office Equipment,Europe,110000.0,64000.0,91.67,34.34,12300.0,0.78,4.2,531159.0,57.33,705159.0
PRD-1693,Health & Fitness,Asia-Pacific,107000.0,100000.0,85.49,29.58,29100.0,0.78,4.7,1419981.0,55.91,1626981.0
PRD-2939,Health & Fitness,Middle East,132000.0,75000.0,141.78,54.6,8000.0,0.6,4.1,490440.0,87.18,697440.0
PRD-2121,Health & Fitness,North America,167000.0,96000.0,112.79,39.9,22800.0,0.8,4.8,1398892.0000000002,72.89000000000001,1661892.0000000002
PRD-2669,Health & Fitness,Middle East,130000.0,93000.0,137.61,49.92,8000.0,0.6,3.7,478520.0000000001,87.69000000000001,701520.0000000001
PRD-1330,Health & Fitness,Latin America,91000.0,65000.0,100.5,39.24,12800.0,0.74,4.2,628128.0,61.26,784128.0
PRD-2956,Kitchen Appliances,Europe,151000.0,91000.0,118.68,55.62,11200.0,0.69,3.6,464272.0000000001,63.06000000000001,706272.0000000001
PRD-3382,Wearable Tech,Asia-Pacific,269000.0,207000.0,266.97,103.88,15100.0,0.8,4.7,1986659.0000000005,163.09000000000003,2462659.0000000005
PRD-1701,Health & Fitness,North America,152000.0,108000.0,112.79,39.9,22100.0,0.8,4.3,1350869.0000000002,72.89000000000001,1610869.0000000002
PRD-1152,Smart Home,Europe,178000.0,112000.0,145.02,60.32,14800.0,0.81,3.8,963560.0000000002,84.70000000000002,1253560.0000000002
PRD-1215,Personal Audio,Europe,81000.0,64000.0,77.55,27.56,35000.0,0.79,4.8,1604649.9999999998,49.989999999999995,1749649.9999999998
PRD-2762,Wearable Tech,Europe,250000.0,191000.0,206.1,79.2,15800.0,0.77,4.9,1564019.9999999998,126.89999999999999,2005019.9999999998
PRD-1653,Outdoor Tech,North America,168000.0,144000.0,169.95,58.88,10900.0,0.77,4.2,898663.0,111.07,1210663.0
PRD-1042,Wearable Tech,Asia-Pacific,249000.0,200000.0,237.03,89.18,14300.0,0.8,3.8,1665255.0,147.85,2114255.0
PRD-2489,Health & Fitness,Middle East,142000.0,78000.0,125.1,46.8,7100.0,0.6,3.8,335930.0,78.3,555930.0
PRD-1069,Smart Home,Middle East,188000.0,117000.0,240.9,82.72,6400.0,0.53,4.4,707352.0,158.18,1012352.0
PRD-3391,Smart Home,North America,291000.0,218000.0,273.42,105.0,27300.0,0.95,4.6,4088866.0,168.42000000000002,4597866.0
PRD-1925,Kitchen Appliances,Europe,230000.0,174000.0,279.72,100.98,14300.0,0.84,4.2,2151982.0,178.74,2555982.0
PRD-1334,Wearable Tech,North America,298000.0,197000.0,269.1,103.5,19500.0,0.93,4.4,2734200.0000000005,165.60000000000002,3229200.0000000005
PRD-3055,Personal Audio,Latin America,66010.0,42010.0,48.99,18.5,22600.0,0.69,3.5,588074.0,30.490000000000002,689074.0
PRD-3107,Gaming Gear,Asia-Pacific,214000.0,173000.0,183.59,71.4,24200.0,0.74,5.0,2327998.0,112.19,2714998.0
PRD-2334,Kitchen Appliances,North America,231000.0,133000.0,209.25,95.23,17000.0,0.83,4.8,1574340.0,114.02,1938340.0
PRD-3259,Smart Home,Middle East,186000.0,111000.0,227.76,85.36,6500.0,0.53,4.1,628599.9999999999,142.39999999999998,925599.9999999999
PRD-2688,Office Equipment,North America,87000.0,56000.0,60.63,22.8,15200.0,0.73,3.5,432016.0,37.83,575016.0
PRD-1208,Home Automation,Europe,248000.0,204000.0,215.1,81.9,17900.0,0.77,4.9,1932280.0,133.2,2384280.0
PRD-1769,Health & Fitness,Middle East,149000.0,73000.0,133.44,56.16,6400.0,0.6,4.2,272592.0,77.28,494592.0
PRD-3041,Consumer Electronics,North America,240000.0,196000.0,209.99,74.39,12300.0,0.84,5.0,1231880.0000000002,135.60000000000002,1667880.0000000002
PRD-1720,Health & Fitness,Latin America,120000.0,72000.0,109.45,33.84,12100.0,0.74,3.8,722881.0,75.61,914881.0
PRD-1776,Gaming Gear,Middle East,205000.0,124000.0,195.69,72.72,5400.0,0.5,4.4,335038.0,122.97,664038.0
PRD-1995,Personal Audio,Europe,103000.0,80000.0,75.15,25.18,30800.0,0.79,4.0,1356076.0000000002,49.970000000000006,1539076.0000000002
PRD-3300,Consumer Electronics,Latin America,170000.0,131000.0,145.59,66.34,8000.0,0.61,3.9,333000.0,79.25,634000.0
PRD-1341,Health & Fitness,North America,132000.0,105000.0,116.39,43.68,25700.0,0.8,4.5,1631647.0000000002,72.71000000000001,1868647.0000000002
PRD-3337,Office Equipment,Latin America,95000.0,53000.0,81.95,26.32,7400.0,0.6,3.5,263662.0,55.63,411662.0
PRD-1898,Home Automation,Europe,281000.0,200000.0,222.27,90.09,18200.0,0.77,4.7,1924676.0,132.18,2405676.0
PRD-1791,Health & Fitness,North America,168000.0,101000.0,130.79,41.16,28700.0,0.8,4.8,2303381.0,89.63,2572381.0
PRD-1099,Smart Home,Middle East,160000.0,125000.0,221.19,95.92,7100.0,0.53,4.2,604417.0,125.27,889417.0
PRD-2807,Gaming Gear,Asia-Pacific,181000.0,144000.0,194.39,69.36,22400.0,0.74,5.0,2475671.9999999995,125.02999999999999,2800671.9999999995
PRD-1222,Wearable Tech,Asia-Pacific,311000.0,173000.0,259.48,95.06,16500.0,0.8,4.8,2228930.0000000005,164.42000000000002,2712930.0000000005
PRD-1526,Gaming Gear,North America,357000.0,270000.0,376.92,137.7,20300.0,0.89,4.4,4229166.000000001,239.22000000000003,4856166.000000001
PRD-1718,Home Automation,Europe,305000.0,168000.0,250.95,84.63,15900.0,0.77,4.8,2171488.0,166.32,2644488.0
PRD-3030,Consumer Electronics,Latin America,166000.0,120000.0,174.39,60.76,8100.0,0.61,4.6,634403.0,113.63,920403.0
PRD-2420,Consumer Electronics,Europe,423959.9999999991,241000.0,479.04,210.6,12400.0,0.86,4.4,2647656.0000000005,268.44000000000005,3328656.0000000005
PRD-2812,Wearable Tech,Asia-Pacific,305000.0,213000.0,274.45,92.12,13900.0,0.8,4.1,2016387.0,182.32999999999998,2534387.0
PRD-1430,Consumer Electronics,Europe,423959.9999999991,283000.0,494.01,187.2,11300.0,0.86,4.4,2731953.0,306.81,3466953.0
PRD-3168,Office Equipment,North America,68000.0,43000.0,62.57,24.96,18600.0,0.73,3.6,588546.0,37.61,699546.0
PRD-3036,Gaming Gear,Middle East,203000.0,117000.0,195.69,72.72,6000.0,0.5,3.7,417820.0,122.97,737820.0
PRD-1915,Personal Audio,Latin America,78000.0,43000.0,51.99,17.95,20000.0,0.69,4.3,559800.0000000001,34.040000000000006,680800.0000000001
PRD-1688,Home Automation,Europe,267000.0,211000.0,222.27,90.09,14400.0,0.77,5.0,1425392.0,132.18,1903392.0
PRD-2309,Health & Fitness,Middle East,154000.0,90000.0,141.78,54.6,6300.0,0.6,3.9,305234.0,87.18,549234.0
PRD-2373,Outdoor Tech,North America,159000.0,113000.0,159.75,60.8,12200.0,0.77,3.8,935190.0,98.95,1207190.0
PRD-2452,Wearable Tech,Asia-Pacific,269000.0,207000.0,229.54,100.94,16500.0,0.8,5.0,1645900.0,128.6,2121900.0
PRD-3377,Gaming Gear,Asia-Pacific,218000.0,139000.0,188.99,63.24,24000.0,0.74,4.5,2661000.0,125.75,3018000.0
PRD-3081,Health & Fitness,North America,141000.0,104000.0,119.99,38.64,23000.0,0.8,5.0,1626049.9999999998,81.35,1871049.9999999998
PRD-1344,Kitchen Appliances,North America,238000.0,155000.0,216.15,84.55,15600.0,0.83,4.8,1659960.0000000005,131.60000000000002,2052960.0000000005
PRD-1655,Kitchen Appliances,Europe,226000.0,158000.0,271.95,92.07,14400.0,0.84,4.9,2206272.0,179.88,2590272.0
PRD-3339,Consumer Electronics,Asia-Pacific,360000.0,258000.0,299.86,115.9,24500.0,0.85,4.9,3889020.0,183.96,4507020.0
PRD-3406,Kitchen Appliances,Latin America,141000.0,88000.0,134.16,52.38,8500.0,0.69,3.9,466130.0,81.78,695130.0
PRD-2868,Office Equipment,North America,80000.0,49000.0,66.44,24.24,17300.0,0.73,3.5,601060.0,42.2,730060.0
PRD-1679,Health & Fitness,Middle East,134000.0,79000.0,141.78,54.6,7300.0,0.6,3.7,423414.0,87.18,636414.0
PRD-1289,Health & Fitness,Middle East,139000.0,96000.0,129.27,51.48,7800.0,0.6,4.1,371762.0000000001,77.79000000000002,606762.0000000001
PRD-2649,Consumer Electronics,Asia-Pacific,320000.0,262000.0,290.29,130.54,24100.0,0.85,5.0,3267975.0000000005,159.75000000000003,3849975.0000000005
PRD-1214,Wearable Tech,North America,317000.0,195000.0,313.95,106.95,20400.0,0.93,4.1,3710800.0,207.0,4222800.0
PRD-3360,Consumer Electronics,Latin America,165000.0,114000.0,150.39,58.9,9600.0,0.61,4.6,599303.9999999998,91.48999999999998,878303.9999999998
PRD-3095,Kitchen Appliances,Europe,276000.0,178000.0,240.87,98.01,11900.0,0.84,4.1,1246034.0000000002,142.86,1700034.0000000002
PRD-1453,Health & Fitness,Asia-Pacific,121000.0,98000.0,93.59,31.53,31900.0,0.78,4.4,1760714.0,62.06,1979714.0
PRD-2253,Outdoor Tech,North America,170000.0,111000.0,185.25,62.72,12700.0,0.77,4.6,1275131.0,122.53,1556131.0
PRD-2566,Kitchen Appliances,Latin America,157000.0,82000.0,134.16,52.38,7900.0,0.69,4.0,407062.0,81.78,646062.0
PRD-3463,Health & Fitness,Asia-Pacific,131000.0,106000.0,98.99,30.55,28600.0,0.78,5.0,1720384.0,68.44,1957384.0
PRD-1373,Outdoor Tech,Europe,200000.0,120000.0,175.77,73.26,7700.0,0.61,4.3,469327.0,102.51,789327.0
PRD-3141,Health & Fitness,North America,137000.0,121000.0,123.59,42.42,27400.0,0.8,4.6,1966058.0,81.17,2224058.0
PRD-3438,Office Equipment,North America,70000.0,48000.0,64.5,22.08,18400.0,0.73,4.0,662528.0,42.42,780528.0
PRD-1802,Wearable Tech,Europe,294000.0,177000.0,240.45,81.84,15700.0,0.77,4.7,2019177.0,158.60999999999999,2490177.0
PRD-2174,Wearable Tech,North America,362000.0,212000.0,269.1,103.5,20600.0,0.93,4.3,2837360.0000000005,165.60000000000002,3411360.0000000005
PRD-3423,Outdoor Tech,North America,205000.0,114000.0,159.75,60.8,10600.0,0.77,4.5,729870.0,98.95,1048870.0
PRD-1004,Wearable Tech,North America,320000.0,210000.0,299.0,115.0,18200.0,0.88,4.5,2818800.0,184.0,3348800.0
PRD-2531,Consumer Electronics,North America,265000.0,175000.0,179.99,71.99,14000.0,0.84,5.0,1072000.0000000002,108.00000000000001,1512000.0000000002
PRD-1261,Smart Home,North America,285000.0,196000.0,298.53,111.3,21100.0,0.95,4.5,3469552.999999999,187.22999999999996,3950552.999999999
PRD-1604,Wearable Tech,North America,304000.0,218000.0,278.07,113.85,19300.0,0.93,4.8,2647446.0,164.22,3169446.0
PRD-2411,Consumer Electronics,North America,280000.0,173000.0,209.99,74.39,14700.0,0.84,4.8,1540320.0000000002,135.60000000000002,1993320.0000000002
PRD-1629,Consumer Electronics,Asia-Pacific,284000.0,207000.0,328.57,123.22,20000.0,0.85,5.0,3616000.0,205.35,4107000.0
PRD-1775,Kitchen Appliances,Europe,211000.0,160000.0,233.1,89.1,13700.0,0.84,4.1,1601800.0,144.0,1972800.0
PRD-2549,Health & Fitness,Middle East,138000.0,92000.0,129.27,51.48,5600.0,0.6,3.5,205624.0000000001,77.79000000000002,435624.0000000001
PRD-2207,Gaming Gear,Asia-Pacific,179000.0,136000.0,178.19,65.28,18900.0,0.74,4.6,1818999.0,112.91,2133999.0
PRD-2364,Kitchen Appliances,North America,194000.0,145000.0,236.85,89.89,12500.0,0.83,4.6,1497999.9999999998,146.95999999999998,1836999.9999999998
PRD-2859,Consumer Electronics,Asia-Pacific,337000.0,248000.0,290.29,130.54,20000.0,0.85,4.8,2610000.0000000005,159.75000000000003,3195000.0000000005
PRD-1731,Health & Fitness,North America,189000.0,117000.0,127.19,46.2,24300.0,0.8,4.1,1678056.9999999998,80.99,1968056.9999999998
PRD-2257,Office Equipment,Latin America,88000.0,48000.0,73.01,28.0,7700.0,0.6,3.9,210577.0000000001,45.010000000000005,346577.00000000006
PRD-2811,Health & Fitness,North America,138000.0,93000.0,116.39,43.68,23300.0,0.8,4.6,1463143.0000000002,72.71000000000001,1694143.0000000002
PRD-2151,Health & Fitness,North America,141000.0,104000.0,127.19,46.2,25000.0,0.8,4.6,1779749.9999999998,80.99,2024749.9999999998
PRD-2449,Smart Home,Middle East,177000.0,112000.0,208.05,80.08,6700.0,0.53,4.0,568399.0000000001,127.97000000000001,857399.0000000001
PRD-2700,Consumer Electronics,Latin America,168000.0,125000.0,164.79,62.62,10200.0,0.61,4.6,749133.9999999999,102.16999999999999,1042133.9999999999
PRD-1650,Consumer Electronics,Latin America,179000.0,124000.0,164.79,62.62,7700.0,0.61,3.9,483708.9999999999,102.16999999999999,786708.9999999999
PRD-2330,Consumer Electronics,Europe,396000.0,260000.0,508.98,204.75,9500.0,0.86,5.0,2234185.0,304.23,2890185.0
PRD-1998,Office Equipment,North America,78000.0,57000.0,58.7,25.68,14900.0,0.73,3.7,356998.00000000006,33.02,491998.00000000006
PRD-2310,Consumer Electronics,Latin America,175000.0,113000.0,150.39,58.9,7100.0,0.61,3.9,361578.9999999999,91.48999999999998,649578.9999999999
PRD-1895,Kitchen Appliances,Europe,271000.0,162000.0,248.64,106.92,13100.0,0.84,4.4,1423531.9999999995,141.71999999999997,1856531.9999999995
PRD-2500,Health & Fitness,Latin America,111000.0,66000.0,106.47,38.16,10800.0,0.74,4.1,560748.0,68.31,737748.0
PRD-2724,Kitchen Appliances,North America,222000.0,149000.0,229.95,81.88,16200.0,0.83,4.4,2027734.0,148.07,2398734.0
PRD-1280,Consumer Electronics,Europe,420000.0,258000.0,508.98,204.75,10900.0,0.86,4.3,2638107.0,304.23,3316107.0
PRD-1661,Consumer Electronics,North America,258000.0,203000.0,197.99,76.79,17900.0,0.84,4.3,1708480.0,121.2,2169480.0
PRD-1619,Health & Fitness,Middle East,138000.0,92000.0,137.61,49.92,6100.0,0.6,4.1,304909.0000000001,87.69000000000001,534909.0000000001
PRD-3195,Personal Audio,Europe,105000.0,65000.0,72.75,28.36,42000.0,0.79,4.8,1694380.0,44.39,1864380.0
PRD-1207,Office Equipment,Latin America,94000.0,48000.0,73.01,28.0,8700.0,0.6,3.5,249587.0000000001,45.010000000000005,391587.00000000006
PRD-3488,Home Automation,Europe,275000.0,181000.0,236.61,87.36,15600.0,0.77,5.0,1872300.0,149.25,2328300.0
PRD-1811,Consumer Electronics,North America,278000.0,164000.0,191.99,86.39,12300.0,0.84,4.4,856880.0,105.60000000000001,1298880.0
PRD-3493,Health & Fitness,Asia-Pacific,110000.0,85000.0,90.89,35.43,31100.0,0.78,4.8,1529806.0,55.46,1724806.0
PRD-2443,Health & Fitness,Asia-Pacific,118000.0,84000.0,90.89,35.43,23200.0,0.78,5.0,1084672.0,55.46,1286672.0
PRD-3299,Health & Fitness,Middle East,150000.0,77000.0,137.61,49.92,6900.0,0.6,3.9,378061.0000000001,87.69000000000001,605061.0000000001
PRD-1149,Consumer Electronics,Asia-Pacific,363000.0,198000.0,319.0,112.24,24300.0,0.85,5.0,4463268.0,206.76,5024268.0
PRD-1748,Home Automation,Europe,259000.0,183000.0,229.44,98.28,17500.0,0.77,4.4,1853300.0,131.16,2295300.0
PRD-2078,Home Automation,Europe,256000.0,174000.0,243.78,95.55,20500.0,0.77,4.6,2608715.0000000005,148.23000000000002,3038715.0000000005
PRD-1228,Home Automation,Asia-Pacific,205000.0,163000.0,195.51,76.0,16600.0,0.74,4.2,1615865.9999999998,119.50999999999999,1983865.9999999998
PRD-3052,Wearable Tech,Asia-Pacific,272000.0,217000.0,252.0,106.82,19200.0,1.0,4.7,2298456.0,145.18,2787456.0
PRD-3045,Personal Audio,Europe,97000.0,81000.0,75.15,25.18,40600.0,0.79,4.7,1850782.0,49.970000000000006,2028782.0000000002
PRD-2991,Health & Fitness,North America,171000.0,111000.0,127.19,46.2,26500.0,0.8,4.5,1864235.0,80.99,2146235.0
PRD-3394,Personal Audio,Asia-Pacific,97000.0,64000.0,56.99,19.11,46200.0,0.82,4.7,1589056.0000000002,37.88,1750056.0000000002
PRD-2668,Home Automation,Asia-Pacific,253000.0,133000.0,213.47,80.56,13700.0,0.74,4.5,1434867.0,132.91,1820867.0
PRD-1122,Smart Home,Europe,153000.0,102000.0,158.47,63.8,13600.0,0.81,4.0,1032512.0,94.67,1287512.0
PRD-1663,Health & Fitness,Asia-Pacific,127000.0,92000.0,93.59,31.53,26600.0,0.78,4.9,1431796.0,62.06,1650796.0
PRD-1364,Wearable Tech,North America,342000.0,214000.0,304.98,120.75,21100.0,0.93,4.2,3331253.0000000005,184.23000000000002,3887253.0000000005
PRD-2469,Consumer Electronics,Asia-Pacific,350000.0,223000.0,328.57,123.22,21300.0,0.85,5.0,3800955.0,205.35,4373955.0
PRD-1698,Office Equipment,North America,90000.0,48000.0,62.57,24.96,13600.0,0.73,3.5,373496.0,37.61,511496.0
PRD-2681,Consumer Electronics,North America,285000.0,191000.0,215.99,81.59,14600.0,0.84,4.1,1486240.0,134.4,1962240.0
PRD-1413,Outdoor Tech,North America,191000.0,141000.0,185.25,62.72,12000.0,0.77,4.7,1138360.0,122.53,1470360.0
PRD-2635,Personal Audio,Latin America,75000.0,46000.0,48.99,18.5,22000.0,0.69,3.9,549780.0,30.490000000000002,670780.0
PRD-2659,Smart Home,Middle East,185000.0,106000.0,208.05,80.08,8300.0,0.53,3.7,771151.0,127.97000000000001,1062151.0
PRD-1002,Smart Home,Europe,180000.0,120000.0,149.5,58.0,12500.0,0.75,4.3,843750.0,91.5,1143750.0
PRD-1979,Health & Fitness,Middle East,155000.0,94000.0,133.44,56.16,7900.0,0.6,3.9,361512.0,77.28,610512.0
PRD-2079,Consumer Electronics,Asia-Pacific,363000.0,198000.0,299.86,115.9,22600.0,0.85,4.4,3596496.0,183.96,4157496.0
PRD-1041,Health & Fitness,North America,155000.0,119000.0,123.59,42.42,23800.0,0.8,4.3,1657846.0,81.17,1931846.0
PRD-2594,Wearable Tech,North America,294000.0,187000.0,269.1,103.5,21100.0,1.0,4.8,3013160.0000000005,165.60000000000002,3494160.0000000005
PRD-2233,Health & Fitness,Asia-Pacific,112000.0,89000.0,90.89,35.43,28600.0,0.78,4.4,1385156.0,55.46,1586156.0
PRD-2849,Health & Fitness,Middle East,117000.0,81000.0,150.12,53.04,6100.0,0.6,3.6,394188.0000000001,97.08000000000001,592188.0000000001
PRD-1116,Gaming Gear,Middle East,189000.0,138000.0,172.89,77.04,5800.0,0.5,4.4,208929.99999999988,95.84999999999998,555929.9999999999
PRD-1185,Personal Audio,Europe,97000.0,81000.0,84.75,29.15,31900.0,0.79,3.9,1595640.0,55.6,1773640.0
PRD-1078,Home Automation,Asia-Pacific,258000.0,149000.0,201.5,82.84,16000.0,0.74,4.1,1491560.0,118.66,1898560.0
PRD-2005,Personal Audio,Latin America,66010.0,42010.0,48.99,18.5,17300.0,0.69,3.7,423477.0,30.490000000000002,527477.0
PRD-2961,Health & Fitness,North America,150000.0,103000.0,112.79,39.9,24300.0,0.8,4.7,1518227.0000000005,72.89000000000001,1771227.0000000005
PRD-1633,Health & Fitness,Asia-Pacific,110000.0,85000.0,82.79,33.48,24100.0,0.78,5.0,993371.0000000002,49.31000000000001,1188371.0000000002
PRD-2111,Consumer Electronics,North America,240000.0,196000.0,179.99,71.99,13500.0,0.84,4.6,1022000.0000000002,108.00000000000001,1458000.0000000002
PRD-2009,Health & Fitness,Middle East,132000.0,75000.0,150.12,53.04,5700.0,0.6,3.7,346356.0000000001,97.08000000000001,553356.0000000001
PRD-1386,Gaming Gear,Middle East,213000.0,151000.0,178.59,68.4,5800.0,0.5,3.7,275102.0,110.19,639102.0
PRD-2154,Kitchen Appliances,North America,251000.0,154000.0,236.85,89.89,15200.0,0.83,4.9,1828791.9999999995,146.95999999999998,2233791.9999999995
PRD-2792,Wearable Tech,Europe,286000.0,128000.0,233.58,92.4,17100.0,0.77,4.7,1977178.0,141.18,2414178.0
PRD-2838,Office Equipment,North America,69000.0,45000.0,58.7,25.68,15800.0,0.73,3.6,407716.00000000006,33.02,521716.00000000006
PRD-1721,Consumer Electronics,North America,250000.0,176000.0,203.99,83.99,14400.0,0.84,5.0,1302000.0000000002,120.00000000000001,1728000.0000000002
PRD-2435,Kitchen Appliances,Europe,206000.0,144000.0,264.18,103.95,12800.0,0.84,4.1,1700944.0000000002,160.23000000000002,2050944.0000000002
PRD-2441,Consumer Electronics,North America,238000.0,187000.0,191.99,86.39,16100.0,0.84,4.6,1275160.0000000002,105.60000000000001,1700160.0000000002
PRD-1058,Home Automation,Europe,311000.0,187000.0,222.27,90.09,17200.0,0.77,4.8,1775496.0,132.18,2273496.0
PRD-2830,Health & Fitness,Latin America,110000.0,63000.0,91.54,37.08,12700.0,0.74,4.1,518642.0000000001,54.46000000000001,691642.0000000001
PRD-1735,Personal Audio,Latin America,66010.0,304969.99999999936,47.49,16.84,17500.0,0.69,3.5,423375.0,30.650000000000002,536375.0
PRD-2429,Health & Fitness,Middle East,146000.0,91000.0,150.12,53.04,5900.0,0.6,4.2,335772.0000000001,97.08000000000001,572772.0000000001
PRD-2802,Smart Home,Europe,169000.0,119000.0,158.47,63.8,10000.0,0.81,3.8,658700.0,94.67,946700.0
PRD-3342,Smart Home,Europe,176000.0,106000.0,136.05,62.06,14900.0,0.81,4.6,820451.0000000002,73.99000000000001,1102451.0000000002
PRD-2214,Kitchen Appliances,North America,244000.0,132000.0,243.75,97.9,11900.0,0.83,4.5,1359615.0,145.85,1735615.0
PRD-3373,Health & Fitness,Asia-Pacific,118000.0,84000.0,85.49,29.58,32500.0,0.78,4.5,1615075.0,55.91,1817075.0
PRD-1361,Consumer Electronics,North America,218000.0,171000.0,209.99,74.39,16700.0,0.84,4.1,1875520.0000000005,135.60000000000002,2264520.0000000005
PRD-3079,Smart Home,Middle East,150000.0,127000.0,208.05,80.08,8500.0,0.53,4.2,810745.0,127.97000000000001,1087745.0
PRD-1727,Gaming Gear,Asia-Pacific,229000.0,179000.0,172.79,73.44,23300.0,0.74,4.5,1906855.0,99.35,2314855.0
PRD-2683,Health & Fitness,Asia-Pacific,103000.0,86000.0,82.79,33.48,31900.0,0.78,4.7,1383989.0000000002,49.31000000000001,1572989.0000000002
PRD-2180,Consumer Electronics,Europe,364000.0,304969.99999999936,523.95,181.35,9000.0,0.86,4.9,2397400.0,342.6,3083400.0
PRD-1450,Health & Fitness,Latin America,118000.0,65000.0,106.47,38.16,12200.0,0.74,4.5,650382.0,68.31,833382.0
PRD-2565,Personal Audio,Europe,90000.0,78000.0,72.75,28.36,33300.0,0.79,4.6,1310187.0,44.39,1478187.0
PRD-1115,Kitchen Appliances,Europe,216000.0,176000.0,256.41,95.04,14700.0,0.84,4.1,1980139.0,161.37,2372139.0
PRD-2510,Consumer Electronics,Europe,360000.0,304969.99999999936,449.1,175.5,10900.0,0.86,4.9,2314240.0000000005,273.6,2982240.0000000005
PRD-2093,Outdoor Tech,Europe,190000.0,127000.0,204.12,75.48,8600.0,0.61,3.9,789303.9999999998,128.64,1106303.9999999998
PRD-3091,Smart Home,North America,338000.0,246000.0,290.16,101.85,25200.0,0.95,4.4,4161412.000000001,188.31000000000003,4745412.000000001
PRD-3106,Kitchen Appliances,Latin America,119000.0,72000.0,141.9,50.76,7700.0,0.69,3.7,510778.0000000001,91.14000000000001,701778.0000000001
PRD-2346,Gaming Gear,Middle East,179000.0,120000.0,189.99,66.24,5800.0,0.5,3.9,418750.0000000001,123.75000000000001,717750.0000000001
PRD-1508,Home Automation,Europe,292000.0,179000.0,250.95,84.63,19300.0,0.77,5.0,2738976.0,166.32,3209976.0
PRD-1206,Gaming Gear,Middle East,170000.0,128000.0,201.39,79.2,5400.0,0.5,3.8,312949.9999999999,122.18999999999998,659825.9999999999
PRD-1327,Office Equipment,Latin America,88000.0,48000.0,77.48,27.16,8300.0,0.6,3.5,281656.00000000006,50.32000000000001,417656.00000000006
PRD-1477,Office Equipment,Latin America,95000.0,53000.0,75.25,30.52,8600.0,0.6,3.6,236678.0000000001,44.730000000000004,384678.00000000006
PRD-3236,Gaming Gear,North America,329000.0,248000.0,345.51,129.6,24600.0,0.89,5.0,4734386.0,215.91,5311386.0
PRD-2571,Health & Fitness,North America,156000.0,91000.0,127.19,46.2,25700.0,0.8,4.0,1834443.0,80.99,2081442.9999999998
PRD-1733,Outdoor Tech,Europe,165000.0,124000.0,170.1,66.6,9900.0,0.61,4.1,735650.0,103.5,1024650.0
PRD-2085,Personal Audio,Europe,84000.0,75000.0,87.15,25.97,40300.0,0.79,4.5,2306554.0000000005,61.18000000000001,2465554.0000000005
PRD-3408,Office Equipment,North America,83000.0,44000.0,70.31,23.52,17000.0,0.73,4.2,668430.0000000001,46.790000000000006,795430.0000000001
PRD-3311,Consumer Electronics,North America,245000.0,158000.0,215.99,81.59,12200.0,0.84,4.3,1236680.0,134.4,1639680.0
PRD-1576,Kitchen Appliances,Latin America,161000.0,94000.0,138.03,57.24,10800.0,0.69,4.0,617531.9999999999,80.78999999999999,872531.9999999999
PRD-2858,Home Automation,Europe,234000.0,157000.0,236.61,87.36,18400.0,0.77,4.9,2355200.0,149.25,2746200.0
PRD-1449,Consumer Electronics,Asia-Pacific,314000.0,239000.0,299.86,115.9,17200.0,0.85,4.3,2611112.0,183.96,3164112.0
PRD-2223,Outdoor Tech,North America,202000.0,140000.0,164.85,66.56,11700.0,0.77,4.8,807993.0,98.28999999999999,1149993.0
PRD-1654,Personal Audio,Asia-Pacific,92000.0,64000.0,55.19,21.63,33600.0,0.82,4.2,971616.0,33.56,1127616.0
PRD-1054,Personal Audio,Asia-Pacific,91000.0,61000.0,62.39,20.37,44100.0,0.82,4.9,1701081.9999999998,42.019999999999996,1853081.9999999998
PRD-1369,Smart Home,Middle East,163000.0,102000.0,227.76,85.36,7000.0,0.53,4.6,731799.9999999999,142.39999999999998,996799.9999999999
PRD-1554,Kitchen Appliances,North America,249000.0,146000.0,216.15,84.55,12900.0,0.83,4.5,1302640.0000000002,131.60000000000002,1697640.0000000002
PRD-1796,Gaming Gear,North America,364000.0,128000.0,314.1,121.5,20100.0,0.89,4.8,3289260.0000000005,192.60000000000002,3871260.0000000005
PRD-1659,Consumer Electronics,Asia-Pacific,330000.0,225000.0,299.86,115.9,21900.0,0.85,5.0,3473724.0,183.96,4028724.0
PRD-2864,Wearable Tech,North America,301000.0,208000.0,278.07,113.85,20900.0,0.93,4.1,2923198.0,164.22,3432198.0
PRD-2159,Health & Fitness,Europe,143000.0,82000.0,145.95,48.36,6000.0,0.6,3.8,360539.9999999999,97.58999999999999,585539.9999999999
PRD-1705,Personal Audio,Latin America,75000.0,46000.0,51.99,17.95,15800.0,0.69,3.5,416832.0000000001,34.040000000000006,537832.0000000001
PRD-3421,Smart Home,North America,335000.0,235000.0,306.9,98.7,29600.0,0.95,4.4,5592720.0,208.2,6162720.0
PRD-2601,Health & Fitness,North America,131000.0,100000.0,116.39,43.68,27900.0,0.8,4.9,1797609.0000000002,72.71000000000001,2028609.0000000002
PRD-2116,Kitchen Appliances,Latin America,123000.0,85000.0,118.68,55.62,10600.0,0.69,3.7,460436.0000000001,63.06000000000001,668436.0000000001
PRD-1983,Outdoor Tech,North America,167000.0,138000.0,180.15,70.4,12900.0,0.77,4.2,1110775.0,109.75,1415775.0
PRD-1736,Gaming Gear,North America,375000.0,128000.0,376.92,137.7,16400.0,0.89,5.0,3293208.0000000005,239.22000000000003,3923208.0000000005
PRD-2461,Smart Home,North America,291000.0,218000.0,290.16,101.85,29400.0,0.95,4.2,5027314.000000001,188.31000000000003,5536314.000000001
PRD-2602,Wearable Tech,Asia-Pacific,291000.0,165000.0,274.45,92.12,17100.0,0.8,4.4,2661842.9999999995,182.32999999999998,3117842.9999999995
PRD-2689,Smart Home,Middle East,157000.0,114000.0,234.33,93.28,6000.0,0.53,4.6,575300.0000000001,141.05,846300.0000000001
PRD-3252,Smart Home,Europe,157000.0,114000.0,145.02,60.32,11500.0,0.81,4.1,703050.0000000002,84.70000000000002,974050.0000000002
PRD-2114,Wearable Tech,North America,272000.0,179000.0,322.92,117.3,17300.0,0.93,4.7,3106226.0,205.62,3557226.0
PRD-2292,Smart Home,Europe,187000.0,104000.0,136.05,62.06,11400.0,0.81,3.9,552486.0000000001,73.99000000000001,843486.0000000001
PRD-1511,Consumer Electronics,North America,238000.0,187000.0,203.99,83.99,17300.0,0.84,4.2,1651000.0000000002,120.00000000000001,2076000.0000000002
PRD-3212,Wearable Tech,Europe,231000.0,184000.0,233.58,92.4,11600.0,0.77,4.1,1222688.0,141.18,1637688.0
PRD-2317,Office Equipment,Latin America,86000.0,57000.0,75.25,30.52,9000.0,0.6,3.5,259570.0000000001,44.730000000000004,402570.00000000006
PRD-1409,Health & Fitness,Europe,189000.0,97000.0,137.61,49.92,7400.0,0.6,4.4,420906.0000000001,87.69000000000001,648906.0000000001
PRD-2877,Office Equipment,Europe,108000.0,57000.0,83.66,32.3,11300.0,0.78,4.2,415368.0,51.36,580368.0
PRD-3103,Health & Fitness,Asia-Pacific,115000.0,104000.0,82.79,33.48,32800.0,0.78,5.0,1398368.0000000002,49.31000000000001,1617368.0000000002
PRD-2889,Consumer Electronics,Asia-Pacific,281000.0,128000.0,328.57,123.22,21900.0,0.85,4.6,4020165.0,205.35,4497165.0
PRD-3247,Office Equipment,Latin America,86000.0,57000.0,70.78,25.48,8400.0,0.6,3.9,237520.0,45.3,380520.0
PRD-1180,Health & Fitness,Latin America,116000.0,58000.0,103.48,34.92,12300.0,0.74,4.1,669288.0,68.56,843288.0
PRD-1125,Personal Audio,Europe,100000.0,69000.0,82.35,26.77,39900.0,0.79,4.3,2048642.0,55.58,2217642.0
PRD-1982,Wearable Tech,Europe,270000.0,152000.0,212.97,87.12,11600.0,0.77,4.6,1037860.0,125.85,1459860.0
PRD-2128,Home Automation,Asia-Pacific,244000.0,150000.0,201.5,82.84,14000.0,0.74,4.8,1267240.0,118.66,1661240.0
PRD-1844,Wearable Tech,North America,365000.0,223000.0,313.95,106.95,17500.0,0.93,4.3,3034500.0,207.0,3622500.0
PRD-2022,Smart Home,Europe,184000.0,130000.0,162.96,56.84,11500.0,0.81,4.6,906380.0,106.12,1220380.0
PRD-1605,Personal Audio,Europe,106000.0,72000.0,84.75,29.15,32900.0,0.79,4.4,1651240.0,55.6,1829240.0
PRD-1504,Personal Audio,Asia-Pacific,85000.0,59000.0,56.99,19.11,46995.99999999991,0.82,4.1,1715908.0000000002,37.88,1780208.4799999967
PRD-2264,Wearable Tech,North America,298000.0,197000.0,313.95,106.95,18000.0,0.93,4.8,3231000.0,207.0,3726000.0
PRD-2269,Smart Home,Middle East,140000.0,94000.0,234.33,93.28,5800.0,0.53,4.1,584090.0000000001,141.05,818090.0000000001
PRD-2258,Home Automation,Europe,316000.0,205000.0,215.1,81.9,15600.0,0.77,4.5,1556919.9999999998,133.2,2077919.9999999998
PRD-1071,Health & Fitness,North America,129000.0,95000.0,112.79,39.9,26000.0,0.8,4.1,1671140.0000000005,72.89000000000001,1895140.0000000005
PRD-1305,Personal Audio,Europe,91000.0,82000.0,72.75,28.36,30100.0,0.79,4.2,1163139.0,44.39,1336139.0
PRD-1914,Kitchen Appliances,North America,209000.0,151000.0,209.25,95.23,16600.0,0.83,4.3,1532732.0,114.02,1892732.0
PRD-2790,Consumer Electronics,Latin America,187000.0,117000.0,155.19,64.48,9000.0,0.61,4.0,512390.0,90.71,816390.0
PRD-1564,Personal Audio,Asia-Pacific,82000.0,68000.0,58.79,21.0,39500.0,0.82,4.8,1342705.0,37.79,1492705.0
PRD-1384,Personal Audio,Asia-Pacific,90000.0,58000.0,65.99,19.74,34000.0,0.82,4.9,1424500.0,46.25,1572500.0
PRD-1440,Consumer Electronics,Latin America,170000.0,131000.0,164.79,62.62,9400.0,0.61,4.2,659397.9999999999,102.16999999999999,960397.9999999999
PRD-1725,Personal Audio,Europe,101000.0,73000.0,72.75,28.36,31200.0,0.79,4.7,1210968.0,44.39,1384968.0
PRD-3039,Consumer Electronics,Asia-Pacific,307000.0,216000.0,319.0,112.24,22800.0,0.85,4.7,4191128.0,206.76,4714128.0
PRD-1874,Wearable Tech,North America,310000.0,239000.0,287.04,124.2,19100.0,0.93,4.1,2561244.0000000005,162.84000000000003,3110244.0000000005
PRD-2400,Consumer Electronics,Latin America,194000.0,105000.0,174.39,60.76,9500.0,0.61,4.4,780485.0,113.63,1079485.0
PRD-1784,Wearable Tech,North America,275000.0,189000.0,304.98,120.75,21700.0,0.93,4.7,3533791.0000000005,184.23000000000002,3997791.0000000005
PRD-2932,Wearable Tech,Asia-Pacific,288000.0,215000.0,237.03,89.18,20000.0,0.8,4.4,2454000.0,147.85,2957000.0
PRD-2920,Health & Fitness,Latin America,89000.0,58000.0,106.47,38.16,11100.0,0.74,4.6,611241.0,68.31,758241.0
PRD-3414,Kitchen Appliances,North America,249000.0,146000.0,236.85,89.89,16500.0,0.83,4.2,2029839.9999999995,146.95999999999998,2424839.9999999995
PRD-2484,Kitchen Appliances,North America,249000.0,146000.0,250.65,87.22,11800.0,0.83,4.9,1533474.0,163.43,1928474.0
PRD-1888,Home Automation,Asia-Pacific,200000.0,147000.0,219.45,71.44,15600.0,0.74,4.2,1961956.0,148.01,2308956.0
PRD-2905,Personal Audio,Europe,76000.0,50000.0,50.49,20.17,21900.0,0.69,4.3,538008.0,30.32,664008.0
PRD-1345,Personal Audio,Latin America,66010.0,45000.0,53.49,19.61,18600.0,0.69,3.7,519168.0,33.88,630168.0
PRD-1104,Kitchen Appliances,North America,196000.0,152000.0,236.85,89.89,17000.0,0.83,4.2,2150319.9999999995,146.95999999999998,2498319.9999999995
PRD-1945,Personal Audio,Latin America,67000.0,47000.0,47.49,16.84,21700.0,0.69,4.1,551105.0,30.650000000000002,665105.0
PRD-1088,Home Automation,Europe,264000.0,202000.0,250.95,84.63,18700.0,0.77,4.6,2644184.0,166.32,3110184.0
PRD-1251,Health & Fitness,North America,162000.0,112000.0,123.59,42.42,29200.0,0.8,4.0,2096164.0,81.17,2370164.0
PRD-3232,Wearable Tech,Asia-Pacific,246000.0,190000.0,274.45,92.12,14400.0,0.8,4.6,2189552.0,182.32999999999998,2625552.0
PRD-2657,Gaming Gear,Asia-Pacific,229000.0,179000.0,161.99,61.2,21600.0,0.74,4.9,1769064.0,100.79,2177064.0
PRD-3144,Kitchen Appliances,North America,244000.0,132000.0,229.95,81.88,16600.0,0.83,4.9,2081962.0,148.07,2457962.0
PRD-1264,Personal Audio,Asia-Pacific,95000.0,58000.0,62.39,20.37,36100.0,0.78,4.6,1363921.9999999998,42.019999999999996,1516921.9999999998
PRD-2658,Office Equipment,North America,76000.0,52000.0,66.44,24.24,13800.0,0.73,3.7,454360.0,42.2,582360.0
PRD-1909,Smart Home,Middle East,170000.0,124000.0,240.9,82.72,6800.0,0.53,4.3,781624.0,158.18,1075624.0
PRD-3151,Smart Home,North America,329000.0,213000.0,298.53,111.3,29900.0,0.95,5.0,5056176.999999999,187.22999999999996,5598176.999999999
PRD-1405,Personal Audio,Latin America,66010.0,52000.0,54.99,17.39,22000.0,0.69,3.5,711200.0,37.6,827200.0
PRD-3214,Personal Audio,Asia-Pacific,78000.0,53000.0,64.19,22.26,40700.0,0.82,4.4,1575550.9999999998,41.92999999999999,1706550.9999999998
PRD-1045,Personal Audio,Latin America,76000.0,50000.0,45.99,19.06,17100.0,0.69,3.5,334503.00000000006,26.930000000000003,460503.00000000006
PRD-3313,Health & Fitness,Asia-Pacific,121000.0,98000.0,82.79,33.48,27400.0,0.78,4.9,1132094.0000000002,49.31000000000001,1351094.0000000002
PRD-2665,Personal Audio,Latin America,66010.0,50000.0,54.99,17.39,16000.0,0.69,3.7,488600.0,37.6,601600.0
PRD-2945,Kitchen Appliances,Europe,257000.0,163000.0,248.64,106.92,11400.0,0.84,4.0,1195607.9999999998,141.71999999999997,1615607.9999999998
PRD-2201,Consumer Electronics,North America,268000.0,184000.0,209.99,74.39,17600.0,0.84,5.0,1934560.0000000005,135.60000000000002,2386560.0000000005
PRD-2193,Outdoor Tech,North America,176000.0,130000.0,180.15,70.4,10600.0,0.77,3.9,857350.0,109.75,1163350.0
PRD-1173,Outdoor Tech,North America,213000.0,139000.0,164.85,66.56,13200.0,0.77,4.1,945428.0,98.28999999999999,1297428.0
PRD-2321,Consumer Electronics,North America,253000.0,185000.0,179.99,71.99,16800.0,0.84,4.3,1376400.0000000002,108.00000000000001,1814400.0000000002
PRD-2291,Consumer Electronics,North America,218000.0,171000.0,197.99,76.79,15500.0,0.84,4.5,1489600.0,121.2,1878600.0
PRD-2722,Wearable Tech,Asia-Pacific,274000.0,167000.0,237.03,89.18,16300.0,0.8,4.7,1968955.0,147.85,2409955.0
PRD-2782,Wearable Tech,Asia-Pacific,266000.0,198000.0,244.51,98.0,19300.0,0.8,4.3,2363643.0,146.51,2827643.0
PRD-1821,Health & Fitness,North America,143000.0,109000.0,119.99,38.64,20800.0,0.8,4.6,1440079.9999999998,81.35,1692079.9999999998
PRD-1406,Gaming Gear,North America,378000.0,268000.0,355.98,141.75,21300.0,0.89,5.0,3917099.0,214.23000000000002,4563099.0
PRD-2765,Kitchen Appliances,Europe,204000.0,136000.0,279.72,100.98,15000.0,0.84,4.1,2341100.0,178.74,2681100.0
PRD-1456,Kitchen Appliances,Latin America,126000.0,94000.0,130.29,58.86,11300.0,0.69,3.7,587158.9999999999,71.42999999999999,807158.9999999999
PRD-2940,Consumer Electronics,Latin America,201000.0,128000.0,150.39,58.9,9300.0,0.61,4.1,521856.99999999977,91.48999999999998,850856.9999999998
PRD-3238,Home Automation,Asia-Pacific,223000.0,177000.0,207.48,73.72,14800.0,0.74,4.0,1579647.9999999998,133.76,1979647.9999999998
PRD-1025,Kitchen Appliances,Europe,240000.0,160000.0,259.0,99.0,13200.0,0.82,4.5,1712000.0,160.0,2112000.0
PRD-1249,Smart Home,Middle East,173000.0,101000.0,214.62,88.0,7300.0,0.53,4.3,650326.0,126.62,924326.0
PRD-1287,Office Equipment,Europe,110000.0,64000.0,97.01,33.32,13400.0,0.78,3.8,679446.0000000001,63.690000000000005,853446.0000000001
PRD-2626,Kitchen Appliances,Latin America,153000.0,95000.0,138.03,57.24,9600.0,0.69,5.0,527583.9999999999,80.78999999999999,775583.9999999999
PRD-2647,Office Equipment,Latin America,85000.0,54000.0,79.72,29.68,7200.0,0.6,3.5,221288.0,50.04,360288.0
PRD-1209,Consumer Electronics,Asia-Pacific,353000.0,235000.0,328.57,123.22,19400.0,0.85,4.8,3395790.0,205.35,3983790.0
PRD-1947,Office Equipment,Europe,108000.0,57000.0,89.0,31.28,12400.0,0.78,3.8,550728.0,57.72,715728.0
PRD-1194,Kitchen Appliances,North America,220000.0,142000.0,223.05,92.56,15100.0,0.83,4.7,1608399.0000000002,130.49,1970399.0000000002
PRD-1512,Smart Home,Europe,202000.0,115000.0,140.53,55.1,12900.0,0.81,4.7,785047.0,85.43,1102047.0
PRD-2127,Office Equipment,Europe,98000.0,68000.0,97.01,33.32,14200.0,0.78,3.7,738398.0000000001,63.690000000000005,904398.0000000001
PRD-3361,Smart Home,North America,344000.0,200000.0,298.53,111.3,25000.0,0.95,4.8,4136749.999999999,187.22999999999996,4680749.999999999
PRD-2139,Consumer Electronics,Asia-Pacific,353000.0,235000.0,309.43,126.88,17600.0,0.85,5.0,2624880.0,182.55,3212880.0
PRD-3111,Health & Fitness,North America,162000.0,112000.0,109.19,44.94,25200.0,0.8,4.8,1345100.0,64.25,1619100.0
PRD-3134,Wearable Tech,North America,307000.0,229000.0,287.04,124.2,20700.0,0.93,4.5,2834788.0000000005,162.84000000000003,3370788.0000000005
PRD-1064,Wearable Tech,North America,291000.0,242000.0,322.92,117.3,19700.0,0.93,4.0,3517714.0,205.62,4050714.0
PRD-3210,Consumer Electronics,Latin America,151000.0,104000.0,155.19,64.48,9300.0,0.61,4.5,588603.0,90.71,843603.0
PRD-2773,Health & Fitness,Asia-Pacific,116000.0,128000.0,96.29,34.45,28000.0,0.78,5.0,1507520.0,61.84,1731520.0
PRD-1533,Consumer Electronics,North America,179000.0,143000.0,159.75,60.8,11400.0,0.77,3.9,806030.0,98.95,1128030.0
PRD-1613,Outdoor Tech,Europe,177000.0,122000.0,198.45,68.82,6800.0,0.61,3.8,582484.0,129.63,881484.0
PRD-2387,Gaming Gear,Asia-Pacific,225000.0,163000.0,194.39,69.36,21800.0,0.74,4.5,2337653.9999999995,125.02999999999999,2725653.9999999995
PRD-3355,Personal Audio,Latin America,71000.0,49000.0,45.99,19.06,16300.0,0.69,3.5,318959.00000000006,26.930000000000003,438959.00000000006
PRD-2052,Smart Home,Europe,153000.0,102000.0,149.5,53.36,12600.0,0.81,4.4,956364.0,96.14,1211364.0
PRD-1812,Smart Home,Europe,175000.0,137000.0,162.96,56.84,13900.0,0.81,3.8,1163068.0,106.12,1475068.0
PRD-1729,Smart Home,Middle East,185000.0,106000.0,221.19,95.92,5900.0,0.53,4.4,448093.0,125.27,739093.0
PRD-3229,Smart Home,Middle East,163000.0,102000.0,201.48,90.64,5800.0,0.53,4.3,377871.9999999999,110.83999999999999,642871.9999999999
PRD-2457,Office Equipment,Europe,97000.0,65000.0,83.66,32.3,16600.0,0.78,3.7,690576.0,51.36,852576.0
PRD-1187,Gaming Gear,Asia-Pacific,221000.0,147000.0,161.99,61.2,23800.0,0.74,4.8,2030802.0,100.79,2398802.0
PRD-1304,Wearable Tech,North America,352000.0,181000.0,296.01,110.4,17800.0,0.93,4.6,2770857.9999999995,185.60999999999999,3303857.9999999995
PRD-1672,Wearable Tech,Asia-Pacific,291000.0,165000.0,237.03,89.18,18500.0,0.8,4.0,2279225.0,147.85,2735225.0
PRD-2712,Smart Home,Europe,205000.0,127000.0,136.05,62.06,11800.0,0.81,4.4,541082.0000000001,73.99000000000001,873082.0000000001
PRD-1441,Smart Home,North America,353000.0,233000.0,265.05,95.55,24400.0,0.95,4.4,3549800.0,169.5,4135800.0
PRD-1083,Outdoor Tech,North America,192000.0,109000.0,175.05,64.64,10000.0,0.77,4.7,803100.0,110.41000000000001,1104100.0
PRD-3064,Personal Audio,Asia-Pacific,98000.0,67000.0,65.99,19.74,39100.0,0.82,4.4,1643375.0,46.25,1808375.0
PRD-3211,Smart Home,North America,319000.0,249000.0,306.9,98.7,23900.0,0.95,4.7,4407980.0,208.2,4975980.0
PRD-2444,Wearable Tech,North America,368000.0,233000.0,278.07,113.85,20400.0,0.93,4.7,2749088.0,164.22,3350088.0
PRD-2693,Outdoor Tech,Europe,192000.0,134000.0,181.44,79.92,9900.0,0.61,4.3,679048.0,101.52,1005048.0
PRD-1624,Personal Audio,Asia-Pacific,80000.0,59000.0,60.59,22.89,46995.99999999991,0.82,4.4,1632900.0000000002,37.7,1771749.199999997
PRD-3329,Health & Fitness,Middle East,127000.0,84000.0,125.1,46.8,7500.0,0.6,3.7,376250.0,78.3,587250.0
PRD-2654,Wearable Tech,North America,285000.0,221000.0,278.07,113.85,16900.0,0.93,4.4,2269318.0,164.22,2775318.0
PRD-2910,Consumer Electronics,Latin America,177000.0,118000.0,164.79,62.62,8500.0,0.61,4.3,573444.9999999999,102.16999999999999,868444.9999999999
PRD-1186,Kitchen Appliances,Latin America,123000.0,85000.0,126.42,54.0,11400.0,0.69,4.4,617588.0,72.42,825588.0
PRD-1246,Kitchen Appliances,Latin America,119000.0,72000.0,130.29,58.86,9200.0,0.69,4.0,466155.9999999999,71.42999999999999,657155.9999999999
PRD-3496,Kitchen Appliances,Latin America,157000.0,82000.0,126.42,54.0,11000.0,0.69,4.4,557620.0,72.42,796620.0
PRD-1949,Consumer Electronics,Middle East,136000.0,88000.0,145.95,48.36,7300.0,0.6,4.1,488406.9999999999,97.58999999999999,712406.9999999999
PRD-3397,Office Equipment,Latin America,93000.0,62000.0,68.54,28.84,8700.0,0.6,4.0,190390.0,39.7,345390.0
PRD-1926,Gaming Gear,Middle East,220000.0,136000.0,189.99,66.24,5700.0,0.5,5.0,349375.0000000001,123.75000000000001,705375.0000000001
PRD-1426,Kitchen Appliances,Latin America,150000.0,87000.0,141.9,50.76,10500.0,0.69,3.9,719970.0000000001,91.14000000000001,956970.0000000001
PRD-2745,Personal Audio,Europe,82000.0,68000.0,79.95,24.38,37800.0,0.79,4.5,1950546.0000000005,55.57000000000001,2100546.0000000005
PRD-1734,Kitchen Appliances,North America,229000.0,126000.0,236.85,89.89,14800.0,0.83,4.4,1820007.9999999995,146.95999999999998,2175007.9999999995
PRD-3224,Wearable Tech,North America,342000.0,214000.0,269.1,103.5,18200.0,0.93,5.0,2457920.0000000005,165.60000000000002,3013920.0000000005
PRD-1248,Office Equipment,North America,70000.0,50000.0,68.37,26.4,18200.0,0.73,4.3,643854.0000000001,41.970000000000006,763854.0000000001
PRD-1833,Outdoor Tech,North America,209000.0,126000.0,185.25,62.72,12400.0,0.77,4.1,1184372.0,122.53,1519372.0
PRD-1644,Kitchen Appliances,North America,205000.0,136000.0,250.65,87.22,16800.0,0.83,5.0,2404624.0,163.43,2745624.0
PRD-1955,Kitchen Appliances,Europe,264000.0,138000.0,256.41,95.04,15400.0,0.84,4.0,2083098.0,161.37,2485098.0
PRD-3233,Outdoor Tech,Europe,200000.0,120000.0,192.78,77.7,9800.0,0.61,4.0,807784.0,115.08,1127784.0
PRD-1217,Gaming Gear,Asia-Pacific,185000.0,160000.0,183.59,71.4,25700.0,0.74,4.6,2538283.0,112.19,2883283.0
PRD-2995,Personal Audio,Latin America,66010.0,128000.0,47.49,16.84,19200.0,0.69,3.7,479480.0,30.650000000000002,588480.0
PRD-3059,Health & Fitness,Middle East,124000.0,76000.0,150.12,53.04,7600.0,0.6,4.4,537808.0000000001,97.08000000000001,737808.0000000001
PRD-2198,Home Automation,Europe,239000.0,176000.0,258.12,92.82,19600.0,0.77,4.9,2824880.0,165.3,3239880.0
PRD-3034,Personal Audio,Asia-Pacific,86000.0,62000.0,58.79,21.0,35300.0,0.82,4.9,1185987.0,37.79,1333987.0
PRD-2598,Office Equipment,Europe,78000.0,44000.0,64.5,22.08,17400.0,0.73,4.1,616108.0,42.42,738108.0
PRD-1279,Smart Home,Middle East,145000.0,110000.0,240.9,82.72,8000.0,0.53,4.1,1010440.0,158.18,1265440.0
PRD-1416,Gaming Gear,Middle East,179000.0,120000.0,201.39,79.2,6300.0,0.5,3.5,470796.9999999999,122.18999999999998,769796.9999999999
PRD-1153,Health & Fitness,Asia-Pacific,102000.0,81000.0,98.99,30.55,29700.0,0.78,5.0,1849668.0,68.44,2032668.0
PRD-1479,Consumer Electronics,Asia-Pacific,360000.0,258000.0,338.14,134.2,19100.0,0.85,4.4,3277254.0,203.94,3895254.0
PRD-1557,Office Equipment,Europe,112000.0,70000.0,80.99,36.38,13200.0,0.78,4.2,406851.9999999999,44.60999999999999,588851.9999999999
PRD-1928,Home Automation,Europe,234000.0,157000.0,250.95,84.63,19800.0,0.77,4.5,2902136.0,166.32,3293136.0
PRD-3131,Consumer Electronics,North America,268000.0,184000.0,197.99,76.79,16400.0,0.84,4.4,1535680.0,121.2,1987680.0
PRD-1669,Smart Home,Middle East,190000.0,122000.0,214.62,88.0,7600.0,0.53,3.7,650312.0,126.62,962312.0
PRD-2507,Gaming Gear,Asia-Pacific,212000.0,165000.0,167.39,67.32,20700.0,0.74,4.4,1694448.9999999998,100.07,2071448.9999999998
PRD-3351,Health & Fitness,North America,144000.0,114000.0,123.59,42.42,22800.0,0.8,4.3,1592676.0,81.17,1850676.0
PRD-2783,Outdoor Tech,Europe,213000.0,125000.0,170.1,66.6,8800.0,0.61,3.7,572800.0,103.5,910800.0
PRD-1805,Kitchen Appliances,Europe,245000.0,173000.0,264.18,103.95,14900.0,0.84,5.0,1969427.0000000005,160.23000000000002,2387427.0000000005
PRD-2641,Smart Home,North America,264000.0,187000.0,256.68,108.15,22100.0,0.95,5.0,2831513.0,148.53,3282513.0
PRD-1646,Gaming Gear,North America,336000.0,273000.0,324.57,133.65,19300.0,0.89,4.7,3075755.9999999995,190.92,3684755.9999999995
PRD-2743,Health & Fitness,Asia-Pacific,137000.0,101000.0,85.49,29.58,25500.0,0.78,4.3,1187705.0,55.91,1425705.0
PRD-3148,Home Automation,Asia-Pacific,198000.0,140000.0,219.45,71.44,16900.0,0.74,4.6,2163369.0,148.01,2501369.0
PRD-3492,Consumer Electronics,Europe,191000.0,116000.0,162.96,56.84,10300.0,0.81,4.7,786036.0,106.12,1093036.0
PRD-1485,Personal Audio,Europe,83000.0,71000.0,79.95,24.38,34700.0,0.79,4.1,1774279.0000000002,55.57000000000001,1928279.0000000002
PRD-1268,Home Automation,Europe,239000.0,176000.0,222.27,90.09,21000.0,0.77,4.5,2360780.0,132.18,2775780.0
PRD-2357,Gaming Gear,Asia-Pacific,195000.0,150000.0,172.79,73.44,19800.0,0.74,4.7,1622130.0,99.35,1967130.0
PRD-1891,Smart Home,North America,332000.0,224000.0,298.53,111.3,27600.0,0.95,4.7,4611547.999999999,187.22999999999996,5167547.999999999
PRD-1128,Office Equipment,Europe,75000.0,50000.0,64.5,22.08,19000.0,0.73,4.0,680980.0,42.42,805980.0
PRD-2163,Outdoor Tech,North America,207000.0,120000.0,159.75,60.8,9600.0,0.77,4.1,622920.0,98.95,949920.0
PRD-2213,Outdoor Tech,Europe,179000.0,129000.0,175.77,73.26,8200.0,0.61,4.2,532582.0,102.51,840582.0
PRD-1154,Wearable Tech,North America,326000.0,227000.0,304.98,120.75,17100.0,0.93,4.5,2597333.0000000005,184.23000000000002,3150333.0000000005
PRD-3296,Gaming Gear,North America,319000.0,288000.0,355.98,141.75,19900.0,0.89,4.7,3656177.0,214.23000000000002,4263177.0
PRD-2680,Health & Fitness,Latin America,102000.0,78000.0,94.53,32.76,12200.0,0.74,4.0,573594.0,61.77,753594.0
PRD-2306,Gaming Gear,North America,329000.0,248000.0,366.45,125.55,17800.0,0.89,4.7,3711020.0,240.89999999999998,4288020.0
PRD-1274,Wearable Tech,North America,307000.0,229000.0,322.92,117.3,16200.0,0.93,4.8,2795044.0,205.62,3331044.0
PRD-2036,Gaming Gear,North America,322000.0,223000.0,355.98,141.75,18000.0,0.89,5.0,3311140.0000000005,214.23000000000002,3856140.0000000005
PRD-1196,Gaming Gear,North America,361000.0,283000.0,355.98,141.75,16800.0,0.89,4.4,2955064.0000000005,214.23000000000002,3599064.0000000005
PRD-2190,Consumer Electronics,Latin America,186000.0,112000.0,174.39,60.76,7600.0,0.61,4.7,565588.0,113.63,863588.0
PRD-1174,Personal Audio,Asia-Pacific,86000.0,128000.0,65.99,19.74,42000.0,0.82,4.1,1794500.0,46.25,1942500.0
PRD-2532,Smart Home,Europe,166000.0,107000.0,153.99,58.58,10100.0,0.81,4.5,690641.0000000001,95.41000000000001,963641.0000000001
PRD-1939,Smart Home,Middle East,142000.0,99000.0,221.19,95.92,7500.0,0.53,4.1,698525.0,125.27,939525.0
PRD-1763,Outdoor Tech,Europe,192000.0,134000.0,192.78,77.7,7100.0,0.61,3.9,491068.0,115.08,817068.0
PRD-2436,Gaming Gear,Middle East,201000.0,153000.0,178.59,68.4,5400.0,0.5,4.4,196950.0,110.19,595026.0
PRD-1846,Kitchen Appliances,Latin America,120000.0,77000.0,141.9,50.76,10700.0,0.78,4.4,778198.0000000001,91.14000000000001,975198.0000000001
PRD-2065,Personal Audio,Latin America,66010.0,47000.0,50.49,20.17,20700.0,0.69,3.5,518624.0,30.32,627624.0
PRD-2732,Wearable Tech,Europe,294000.0,177000.0,226.71,84.48,14500.0,0.77,4.0,1591335.0000000002,142.23000000000002,2062335.0000000002
PRD-1475,Kitchen Appliances,Europe,247000.0,181000.0,248.64,106.92,12700.0,0.84,5.0,1371843.9999999995,141.71999999999997,1799843.9999999995
PRD-1090,Health & Fitness,Latin America,104000.0,63000.0,109.45,33.84,9300.0,0.74,4.7,536173.0,75.61,703173.0
PRD-1191,Health & Fitness,North America,167000.0,96000.0,119.99,38.64,24700.0,0.8,4.4,1746344.9999999998,81.35,2009344.9999999998
PRD-3077,Gaming Gear,Asia-Pacific,185000.0,160000.0,161.99,61.2,22200.0,0.74,4.3,1892538.0,100.79,2237538.0
PRD-1292,Wearable Tech,Europe,239000.0,156000.0,206.1,79.2,17300.0,0.77,4.8,1800370.0,126.89999999999999,2195370.0
PRD-1123,Health & Fitness,Asia-Pacific,122000.0,103000.0,88.19,32.5,27200.0,0.78,5.0,1289768.0,55.69,1514768.0
PRD-2008,Home Automation,Asia-Pacific,258000.0,149000.0,189.53,69.16,14800.0,0.74,4.5,1374476.0,120.37,1781476.0
PRD-3206,Gaming Gear,North America,389000.0,228000.0,376.92,137.7,22800.0,0.78,5.0,4837216.000000001,239.22000000000003,5454216.000000001
PRD-1488,Office Equipment,North America,86000.0,51000.0,62.57,24.96,16600.0,0.73,3.8,487326.0,37.61,624326.0
PRD-2086,Kitchen Appliances,Latin America,147000.0,78000.0,130.29,58.86,9800.0,0.69,3.9,475013.9999999999,71.42999999999999,700013.9999999999
PRD-1421,Consumer Electronics,North America,288000.0,200000.0,215.99,81.59,13200.0,0.84,4.8,1286080.0,134.4,1774080.0
PRD-3123,Outdoor Tech,North America,176000.0,130000.0,169.95,58.88,9700.0,0.77,4.3,771379.0,111.07,1077379.0
PRD-1630,Health & Fitness,Latin America,108000.0,77000.0,94.53,32.76,9100.0,0.74,4.4,377107.0,61.77,562107.0
PRD-2490,Consumer Electronics,Latin America,159000.0,132000.0,164.79,62.62,8300.0,0.61,3.8,557010.9999999999,102.16999999999999,848010.9999999999
PRD-3166,Kitchen Appliances,Latin America,158000.0,86000.0,118.68,55.62,9400.0,0.69,4.4,348764.0000000001,63.06000000000001,592764.0000000001
PRD-2739,Consumer Electronics,Asia-Pacific,356000.0,246000.0,338.14,134.2,21100.0,0.85,4.5,3701134.0,203.94,4303134.0
PRD-1771,Smart Home,North America,350000.0,222000.0,281.79,114.45,28900.0,0.95,4.4,4264126.000000001,167.34000000000003,4836126.000000001
PRD-2347,Office Equipment,Latin America,98000.0,62000.0,68.54,28.84,6600.0,0.6,3.5,102020.00000000004,39.7,262020.00000000003
PRD-2555,Kitchen Appliances,Europe,266000.0,146000.0,279.72,100.98,12100.0,0.84,4.4,1750754.0,178.74,2162754.0
PRD-3136,Kitchen Appliances,Latin America,139000.0,79000.0,130.29,58.86,8600.0,0.69,4.6,396297.9999999999,71.42999999999999,614297.9999999999
PRD-2931,Health & Fitness,North America,129000.0,95000.0,123.59,42.42,22100.0,0.8,4.9,1569857.0,81.17,1793857.0
PRD-1020,Consumer Electronics,Latin America,175000.0,115000.0,159.99,62.0,8900.0,0.64,4.2,582111.0000000001,97.99000000000001,872111.0000000001
PRD-2853,Outdoor Tech,North America,172000.0,118000.0,164.85,66.56,9800.0,0.77,3.9,673241.9999999999,98.28999999999999,963241.9999999999
PRD-2421,Health & Fitness,North America,144000.0,114000.0,130.79,41.16,24700.0,0.8,5.0,1955861.0,89.63,2213861.0
PRD-2720,Consumer Electronics,Europe,380000.0,291000.0,449.1,175.5,8800.0,0.86,4.6,1736680.0,273.6,2407680.0
PRD-2303,Outdoor Tech,Europe,200000.0,120000.0,204.12,75.48,7000.0,0.61,3.6,580479.9999999999,128.64,900479.9999999999
PRD-3262,Wearable Tech,Asia-Pacific,286000.0,205000.0,252.0,106.82,16000.0,0.8,4.4,1831880.0,145.18,2322880.0
PRD-2110,Health & Fitness,Latin America,116000.0,58000.0,97.51,36.0,11400.0,0.74,4.5,527214.0000000001,61.510000000000005,701214.0000000001
PRD-1478,Home Automation,Europe,253000.0,165000.0,222.27,90.09,17700.0,0.77,4.2,1921586.0,132.18,2339586.0
PRD-1049,Health & Fitness,Middle East,155000.0,94000.0,141.78,54.6,5600.0,0.6,3.5,239208.0000000001,87.18,488208.00000000006
PRD-1840,Health & Fitness,Latin America,113000.0,73000.0,94.53,32.76,11500.0,0.74,4.1,524355.0,61.77,710355.0
PRD-1014,Kitchen Appliances,North America,220000.0,145000.0,229.95,89.0,14200.0,0.83,4.6,1636489.9999999998,140.95,2001489.9999999998
PRD-1309,Smart Home,Middle East,168000.0,119000.0,221.19,95.92,8600.0,0.53,3.9,790322.0,125.27,1077322.0
PRD-1503,Outdoor Tech,North America,211000.0,133000.0,175.05,64.64,10400.0,0.77,4.1,804264.0,110.41000000000001,1148264.0
PRD-2631,Health & Fitness,North America,152000.0,108000.0,130.79,41.16,20100.0,0.8,4.7,1541563.0,89.63,1801563.0
PRD-2558,Home Automation,Europe,275000.0,181000.0,250.95,84.63,17000.0,0.77,4.7,2371440.0,166.32,2827440.0
PRD-2120,Consumer Electronics,Europe,376000.0,277000.0,508.98,204.75,11600.0,0.86,4.2,2876068.0,304.23,3529068.0
PRD-2501,Consumer Electronics,North America,230000.0,160000.0,197.99,76.79,12600.0,0.84,4.2,1137120.0,121.2,1527120.0
PRD-1401,Health & Fitness,North America,128000.0,89000.0,119.99,38.64,20100.0,1.0,4.1,1418135.0,81.35,1635135.0
PRD-2590,Health & Fitness,Latin America,90000.0,61000.0,100.5,39.24,9200.0,0.74,4.6,412592.0,61.26,563592.0
PRD-2583,Outdoor Tech,North America,168000.0,144000.0,159.75,60.8,9900.0,0.77,4.6,667605.0,98.95,979605.0
PRD-3449,Health & Fitness,Europe,119000.0,85000.0,133.44,56.16,7200.0,0.6,4.0,352416.0,77.28,556416.0
PRD-2212,Wearable Tech,Asia-Pacific,302000.0,203000.0,252.0,106.82,18100.0,0.8,4.8,2122758.0,145.18,2627758.0
PRD-1755,Personal Audio,Europe,85000.0,79000.0,82.35,26.77,34300.0,0.79,4.5,1742394.0,55.58,1906394.0
PRD-1951,Smart Home,North America,322000.0,191000.0,306.9,98.7,21600.0,0.95,4.3,3984120.0,208.2,4497120.0
PRD-1497,Office Equipment,Europe,116000.0,60000.0,97.01,33.32,16400.0,0.78,4.6,868516.0000000001,63.690000000000005,1044516.0000000001
PRD-2276,Gaming Gear,North America,389000.0,228000.0,324.57,133.65,24400.0,0.89,4.9,4041448.0,190.92,4658448.0
PRD-2515,Personal Audio,Latin America,79000.0,45000.0,45.99,19.06,15200.0,0.69,3.6,285336.00000000006,26.930000000000003,409336.00000000006
PRD-1623,Outdoor Tech,North America,200000.0,134000.0,185.25,62.72,9800.0,0.77,4.4,866794.0,122.53,1200794.0
PRD-2607,Office Equipment,Europe,106000.0,71000.0,80.99,36.38,11500.0,0.78,3.8,336014.9999999999,44.60999999999999,513014.9999999999
PRD-2155,Personal Audio,Latin America,70000.0,44000.0,47.49,16.84,18100.0,0.69,3.8,440765.0,30.650000000000002,554765.0
PRD-3460,Health & Fitness,Latin America,93000.0,71000.0,91.54,37.08,10900.0,0.74,4.3,429614.0000000001,54.46000000000001,593614.0000000001
PRD-1411,Smart Home,North America,310000.0,216000.0,290.16,101.85,22100.0,0.95,4.6,3635651.000000001,188.31000000000003,4161651.0000000005
PRD-3315,Personal Audio,Europe,99000.0,65000.0,77.55,27.56,40300.0,0.79,5.0,1850597.0,49.989999999999995,2014596.9999999998
PRD-1017,Office Equipment,Europe,110000.0,65000.0,89.0,34.0,13800.0,0.72,4.1,584000.0,55.0,759000.0
PRD-1936,Kitchen Appliances,Latin America,136000.0,97000.0,134.16,52.38,9400.0,0.69,3.8,535732.0,81.78,768732.0
PRD-3142,Wearable Tech,Asia-Pacific,302000.0,203000.0,237.03,89.18,16800.0,0.8,4.1,1978880.0,147.85,2483880.0
PRD-2974,Personal Audio,Asia-Pacific,88000.0,52000.0,56.99,19.11,44900.0,0.82,4.2,1560812.0,37.88,1700812.0
PRD-1671,Health & Fitness,North America,131000.0,100000.0,123.59,42.42,19800.0,0.8,4.5,1376166.0,81.17,1607166.0
PRD-1637,Gaming Gear,Asia-Pacific,206000.0,141000.0,183.59,71.4,26400.0,0.74,5.0,2614816.0,112.19,2961816.0
PRD-2731,Smart Home,North America,298000.0,240000.0,298.53,111.3,29100.0,0.95,4.6,4910392.999999999,187.22999999999996,5448392.999999999
PRD-2585,Kitchen Appliances,Europe,226000.0,158000.0,256.41,95.04,13300.0,0.84,4.2,1762221.0,161.37,2146221.0
PRD-1579,Smart Home,Middle East,172000.0,96000.0,227.76,85.36,8600.0,0.53,4.3,956639.9999999998,142.39999999999998,1224639.9999999998
PRD-2774,Wearable Tech,North America,365000.0,223000.0,296.01,110.4,16000.0,0.93,4.7,2381759.9999999995,185.60999999999999,2969759.9999999995
PRD-1953,Outdoor Tech,North America,198000.0,128000.0,159.75,60.8,11800.0,0.77,4.4,841610.0,98.95,1167610.0
PRD-2797,Office Equipment,Latin America,92000.0,59000.0,77.48,27.16,7500.0,0.6,3.6,226400.0000000001,50.32000000000001,377400.00000000006
PRD-1142,Wearable Tech,Europe,299000.0,194000.0,212.97,87.12,16700.0,0.77,4.7,1608695.0,125.85,2101695.0
PRD-1822,Wearable Tech,Asia-Pacific,314000.0,182000.0,229.54,100.94,19200.0,0.8,4.1,1973120.0,128.6,2469120.0
PRD-2892,Smart Home,Europe,189000.0,110000.0,149.5,53.36,13400.0,0.81,4.3,989276.0,96.14,1288276.0
PRD-2057,Gaming Gear,Asia-Pacific,227000.0,171000.0,183.59,71.4,18000.0,0.74,4.5,1621420.0,112.19,2019420.0
PRD-2648,Home Automation,Europe,305000.0,168000.0,236.61,87.36,14500.0,0.77,4.1,1691125.0,149.25,2164125.0
PRD-1458,Office Equipment,North America,74000.0,47000.0,68.37,26.4,15200.0,0.73,4.0,516944.0000000001,41.970000000000006,637944.0000000001
PRD-3485,Kitchen Appliances,Europe,266000.0,146000.0,264.18,103.95,11100.0,0.84,4.8,1366553.0000000002,160.23000000000002,1778553.0000000002
PRD-3486,Gaming Gear,Middle East,189000.0,154000.0,178.59,68.4,6700.0,0.5,4.0,395273.0,110.19,738273.0
PRD-3255,Personal Audio,Europe,102000.0,77000.0,75.15,25.18,34000.0,0.79,4.4,1519980.0000000002,49.970000000000006,1698980.0000000002
PRD-2379,Consumer Electronics,Asia-Pacific,314000.0,239000.0,347.71,119.56,24300.0,0.85,4.7,4991044.999999999,228.14999999999998,5544044.999999999
PRD-2029,Smart Home,Middle East,160000.0,125000.0,208.05,80.08,6500.0,0.53,4.6,546805.0000000001,127.97000000000001,831805.0000000001
PRD-2960,Consumer Electronics,Europe,423959.9999999991,297000.0,508.98,204.75,12200.0,0.86,5.0,2958606.0,304.23,3711606.0
PRD-3314,Wearable Tech,North America,278000.0,200000.0,313.95,106.95,15700.0,0.78,4.4,2771900.0,207.0,3249900.0
PRD-2171,Consumer Electronics,North America,233000.0,169000.0,185.99,79.19,16200.0,0.84,4.2,1328160.0000000002,106.80000000000001,1730160.0000000002
PRD-1160,Consumer Electronics,Europe,423959.9999999991,255000.0,479.04,210.6,11400.0,0.86,5.0,2361216.0000000005,268.44000000000005,3060216.0000000005
PRD-2692,Wearable Tech,Asia-Pacific,322000.0,211000.0,259.48,95.06,14800.0,0.8,3.8,1900416.0000000005,164.42000000000002,2433416.0000000005
PRD-3188,Home Automation,Europe,316000.0,205000.0,250.95,84.63,14200.0,0.77,4.9,1840744.0,166.32,2361744.0
PRD-3322,Wearable Tech,Asia-Pacific,277000.0,177000.0,259.48,95.06,46995.99999999991,0.8,4.0,2669980.0000000005,164.42000000000002,7727082.319999986
PRD-2476,Kitchen Appliances,Latin America,141000.0,88000.0,141.9,50.76,9200.0,0.69,4.6,609488.0000000001,91.14000000000001,838488.0000000001
PRD-1853,Outdoor Tech,Europe,213000.0,125000.0,181.44,79.92,9400.0,0.61,4.4,616288.0,101.52,954288.0
PRD-3140,Consumer Electronics,Europe,420000.0,258000.0,449.1,175.5,9100.0,0.86,5.0,1811760.0,273.6,2489760.0
PRD-1660,Health & Fitness,Latin America,90000.0,61000.0,106.47,38.16,10100.0,0.74,4.2,538931.0,68.31,689931.0
PRD-1460,Consumer Electronics,Europe,384000.0,304969.99999999936,449.1,175.5,12300.0,0.86,4.2,2676280.0000000005,273.6,3365280.0000000005
PRD-3407,Gaming Gear,Asia-Pacific,183000.0,152000.0,172.79,73.44,26000.0,0.78,4.3,2248100.0,99.35,2583100.0
PRD-2343,Outdoor Tech,North America,191000.0,141000.0,175.05,64.64,11100.0,0.77,4.0,893551.0000000002,110.41000000000001,1225551.0000000002
PRD-2962,Wearable Tech,Asia-Pacific,241000.0,171000.0,266.97,103.88,14600.0,0.8,4.2,1969114.0000000005,163.09000000000003,2381114.0000000005
PRD-2463,Outdoor Tech,North America,179000.0,143000.0,185.25,62.72,10500.0,0.77,4.3,964565.0,122.53,1286565.0
PRD-2872,Wearable Tech,Asia-Pacific,297000.0,184000.0,229.54,100.94,17000.0,0.8,4.8,1705200.0,128.6,2186200.0
PRD-2645,Kitchen Appliances,Europe,218000.0,184000.0,264.18,103.95,15700.0,0.84,4.9,2113611.0000000005,160.23000000000002,2515611.0000000005
PRD-2133,Outdoor Tech,North America,181000.0,110000.0,175.05,64.64,13300.0,0.77,4.3,1177453.0000000002,110.41000000000001,1468453.0000000002
PRD-1073,Outdoor Tech,Europe,169000.0,137000.0,187.11,71.04,7000.0,0.61,4.1,506490.0,116.07000000000001,812490.0
PRD-2757,Office Equipment,Europe,114000.0,57000.0,97.01,33.32,12000.0,0.78,3.9,593280.0,63.690000000000005,764280.0
PRD-1367,Gaming Gear,Asia-Pacific,202000.0,174000.0,178.19,65.28,17600.0,0.74,4.7,1611216.0,112.91,1987216.0
PRD-1308,Office Equipment,North America,68000.0,128000.0,70.31,23.52,14600.0,0.73,3.9,572134.0000000001,46.790000000000006,683134.0000000001
PRD-2885,Kitchen Appliances,Europe,264000.0,138000.0,240.87,98.01,14400.0,0.84,4.4,1655184.0000000002,142.86,2057184.0000000002
PRD-1785,Personal Audio,Europe,98000.0,85000.0,75.15,25.18,37500.0,0.79,4.4,1690875.0000000002,49.970000000000006,1873875.0000000002
PRD-1746,Gaming Gear,Middle East,177000.0,155000.0,172.89,77.04,5400.0,0.5,3.5,137664.99999999988,95.84999999999998,517589.9999999999
PRD-1967,Gaming Gear,Asia-Pacific,204000.0,182000.0,194.39,69.36,21100.0,0.74,5.0,2252132.9999999995,125.02999999999999,2638132.9999999995
PRD-1095,Personal Audio,Europe,86000.0,86000.0,72.75,28.36,36800.0,0.79,4.5,1461552.0,44.39,1633552.0
PRD-2975,Kitchen Appliances,Europe,216000.0,176000.0,279.72,100.98,12500.0,0.84,4.9,1842250.0,178.74,2234250.0
PRD-2959,Smart Home,Middle East,160000.0,125000.0,240.9,82.72,5900.0,0.53,3.9,648262.0,158.18,933262.0
PRD-2768,Home Automation,Europe,289000.0,170000.0,250.95,84.63,20800.0,0.77,4.4,3000456.0,166.32,3459456.0
PRD-3073,Health & Fitness,Asia-Pacific,136000.0,96000.0,90.89,35.43,30200.0,0.78,4.3,1442892.0,55.46,1674892.0
PRD-1091,Consumer Electronics,North America,213000.0,153000.0,203.99,83.99,16800.0,0.84,4.8,1650000.0000000002,120.00000000000001,2016000.0000000002
PRD-1006,Kitchen Appliances,Latin America,140000.0,85000.0,129.0,54.0,9500.0,0.65,4.1,487500.0,75.0,712500.0
PRD-2043,Outdoor Tech,North America,161000.0,119000.0,185.25,62.72,10100.0,0.77,4.4,957553.0,122.53,1237553.0
PRD-2518,Home Automation,Asia-Pacific,235000.0,167000.0,219.45,71.44,13100.0,0.74,4.4,1536930.9999999998,148.01,1938930.9999999998
PRD-3225,Personal Audio,Europe,88000.0,304969.99999999936,82.35,26.77,30800.0,0.79,4.6,1552864.0,55.58,1711864.0
PRD-2481,Health & Fitness,North America,140000.0,99000.0,109.19,44.94,29200.0,0.8,4.6,1637100.0,64.25,1876100.0
PRD-2381,Consumer Electronics,North America,245000.0,158000.0,185.99,79.19,13400.0,0.84,5.0,1028120.0000000002,106.80000000000001,1431120.0000000002
PRD-2176,Kitchen Appliances,Latin America,119000.0,72000.0,122.55,49.14,8500.0,0.69,4.4,432985.0,73.41,623985.0
PRD-2832,Smart Home,Europe,194000.0,128000.0,145.02,60.32,11100.0,0.81,4.7,618170.0000000002,84.70000000000002,940170.0000000002
PRD-1211,Consumer Electronics,North America,275000.0,155000.0,215.99,81.59,16100.0,0.84,5.0,1733840.0,134.4,2163840.0
PRD-2584,Personal Audio,Asia-Pacific,92000.0,64000.0,64.19,22.26,46995.99999999991,0.82,4.6,1835674.9999999995,41.92999999999999,1970542.279999996
PRD-1523,Consumer Electronics,Europe,215000.0,131000.0,170.1,66.6,8000.0,0.61,4.4,482000.0,103.5,828000.0
PRD-1323,Outdoor Tech,North America,170000.0,111000.0,159.75,60.8,13700.0,0.77,4.2,1074615.0,98.95,1355615.0
PRD-1754,Wearable Tech,North America,330000.0,237000.0,269.1,103.5,20000.0,0.93,4.9,2745000.0000000005,165.60000000000002,3312000.0000000005
PRD-2944,Personal Audio,Asia-Pacific,77000.0,66000.0,62.39,20.37,41200.0,0.82,4.4,1588223.9999999998,42.019999999999996,1731223.9999999998
PRD-2161,Smart Home,North America,338000.0,246000.0,306.9,98.7,27300.0,0.95,5.0,5099860.0,208.2,5683860.0
PRD-3155,Kitchen Appliances,Europe,269000.0,154000.0,248.64,106.92,14300.0,0.84,4.8,1603595.9999999995,141.71999999999997,2026595.9999999995
PRD-2024,Wearable Tech,North America,336000.0,193000.0,278.07,113.85,19800.0,0.93,4.2,2722556.0,164.22,3251556.0
PRD-1114,Personal Audio,Asia-Pacific,189000.0,52000.0,64.19,22.26,34400.0,0.82,4.5,1302391.9999999998,41.92999999999999,1442391.9999999998
PRD-1738,Home Automation,Asia-Pacific,253000.0,133000.0,183.54,78.28,14900.0,0.74,4.1,1182373.9999999998,105.25999999999999,1568373.9999999998
PRD-2047,Office Equipment,Latin America,84000.0,52000.0,73.01,28.0,9100.0,0.6,4.2,273591.00000000006,45.010000000000005,409591.00000000006
PRD-1933,Health & Fitness,Asia-Pacific,130000.0,102000.0,96.29,34.45,26300.0,0.78,4.2,1394392.0,61.84,1626392.0
PRD-3341,Consumer Electronics,North America,280000.0,173000.0,197.99,76.79,13500.0,0.84,4.1,1183200.0,121.2,1636200.0
PRD-1158,Office Equipment,North America,86000.0,54000.0,58.7,25.68,13900.0,0.73,3.8,318978.00000000006,33.02,458978.00000000006
PRD-2286,Gaming Gear,Middle East,185000.0,140000.0,184.29,74.88,5400.0,0.5,4.3,200168.0,109.41,590814.0
PRD-2181,Health & Fitness,North America,162000.0,112000.0,116.39,43.68,27200.0,0.8,4.4,1703712.0000000002,72.71000000000001,1977712.0000000002
PRD-2459,Health & Fitness,Middle East,123000.0,98000.0,137.61,49.92,6500.0,0.6,4.0,348985.0000000001,87.69000000000001,569985.0000000001
PRD-1539,Consumer Electronics,Asia-Pacific,350000.0,223000.0,347.71,119.56,23000.0,0.85,4.8,4674449.999999999,228.14999999999998,5247449.999999999
PRD-1131,Health & Fitness,North America,171000.0,111000.0,116.39,43.68,20300.0,0.8,4.8,1194013.0000000002,72.71000000000001,1476013.0000000002
PRD-2073,Outdoor Tech,North America,187000.0,129000.0,169.95,58.88,11200.0,0.77,4.7,927984.0,111.07,1243984.0
PRD-3447,Office Equipment,Europe,94000.0,55000.0,80.99,36.38,12300.0,0.78,3.7,399702.9999999999,44.60999999999999,548702.9999999999
PRD-3305,Kitchen Appliances,Europe,214000.0,168000.0,240.87,98.01,14800.0,0.84,4.9,1732328.0,142.86,2114328.0
PRD-2653,Health & Fitness,Asia-Pacific,124000.0,107000.0,90.89,35.43,29400.0,0.78,4.9,1399524.0,55.46,1630524.0
PRD-1687,Office Equipment,Latin America,100000.0,50000.0,75.25,30.52,7100.0,0.6,3.5,167583.0,44.730000000000004,317583.0
PRD-1061,Consumer Electronics,North America,255000.0,194000.0,179.99,71.99,15500.0,0.84,5.0,1225000.0000000002,108.00000000000001,1674000.0000000002
PRD-3213,Outdoor Tech,North America,196000.0,121000.0,159.75,60.8,12900.0,0.77,4.8,959455.0,98.95,1276455.0
PRD-2580,Consumer Electronics,Latin America,179000.0,124000.0,155.19,64.48,10700.0,0.61,4.3,667596.9999999999,90.71,970596.9999999999
PRD-1242,Smart Home,Europe,198000.0,103000.0,136.05,62.06,13000.0,0.81,4.3,660870.0000000001,73.99000000000001,961870.0000000001
PRD-2816,Gaming Gear,North America,403000.0,278000.0,345.51,129.6,24000.0,0.89,4.6,4500840.0,215.91,5181840.0
PRD-2502,Smart Home,Europe,196000.0,134000.0,136.05,62.06,14100.0,0.81,4.7,713259.0000000001,73.99000000000001,1043259.0000000001
PRD-1551,Health & Fitness,North America,140000.0,99000.0,116.39,43.68,21100.0,0.8,4.2,1295181.0000000002,72.71000000000001,1534181.0000000002
PRD-2789,Health & Fitness,Middle East,122000.0,94000.0,145.95,48.36,7700.0,0.6,4.0,535442.9999999999,97.58999999999999,751442.9999999999
PRD-2600,Consumer Electronics,Europe,404000.0,288000.0,523.95,181.35,9400.0,0.86,4.3,2528440.0,342.6,3220440.0
PRD-2536,Kitchen Appliances,Latin America,137000.0,75000.0,118.68,55.62,10900.0,0.69,4.2,475354.0000000001,63.06000000000001,687354.0000000001
PRD-3158,Home Automation,Europe,278000.0,191000.0,222.27,90.09,19800.0,0.77,5.0,2148164.0,132.18,2617164.0
PRD-1762,Wearable Tech,Asia-Pacific,322000.0,211000.0,274.45,92.12,16100.0,0.8,4.5,2402512.9999999995,182.32999999999998,2935512.9999999995
PRD-1342,Wearable Tech,Asia-Pacific,294000.0,175000.0,274.45,92.12,15600.0,0.8,4.0,2375347.9999999995,182.32999999999998,2844347.9999999995
PRD-1531,Smart Home,North America,291000.0,218000.0,306.9,98.7,20800.0,0.95,4.9,3821560.0,208.2,4330560.0
PRD-3128,Home Automation,Europe,239000.0,176000.0,243.78,95.55,18200.0,0.77,4.2,2282786.0000000005,148.23000000000002,2697786.0000000005
PRD-2685,Personal Audio,Europe,85000.0,79000.0,77.55,27.56,31500.0,0.79,4.9,1410684.9999999998,49.989999999999995,1574684.9999999998
PRD-2604,Kitchen Appliances,North America,235000.0,148000.0,216.15,84.55,16900.0,0.83,4.1,1841040.0000000005,131.60000000000002,2224040.0000000005
PRD-3369,Consumer Electronics,Asia-Pacific,304000.0,205000.0,338.14,134.2,17600.0,0.85,4.7,3080344.0,203.94,3589344.0
PRD-2072,Wearable Tech,Europe,299000.0,194000.0,247.32,89.76,15500.0,0.77,4.0,1949180.0,157.56,2442180.0
PRD-1711,Smart Home,North America,264000.0,187000.0,273.42,105.0,24200.0,0.95,4.8,3624764.000000001,168.42000000000002,4075764.0000000005
PRD-2952,Smart Home,Europe,184000.0,130000.0,153.99,58.58,10500.0,0.81,3.9,687805.0000000001,95.41000000000001,1001805.0000000001
PRD-3067,Office Equipment,Latin America,94000.0,48000.0,79.72,29.68,7400.0,0.6,4.0,228296.0,50.04,370296.0
PRD-1336,Kitchen Appliances,Latin America,134000.0,128000.0,122.55,49.14,7900.0,0.69,4.5,352939.0,73.41,579939.0
PRD-1024,Personal Audio,Asia-Pacific,85000.0,60000.0,59.99,21.0,42000.0,0.87,4.6,1492580.0,38.99,1637580.0
PRD-3198,Office Equipment,North America,79000.0,47000.0,70.31,23.52,13400.0,0.73,3.5,500986.0000000001,46.790000000000006,626986.0000000001
PRD-1282,Wearable Tech,Asia-Pacific,302000.0,203000.0,266.97,103.88,19500.0,0.8,4.4,2675255.0000000005,163.09000000000003,3180255.0000000005
PRD-3484,Personal Audio,Asia-Pacific,80000.0,59000.0,65.99,19.74,40300.0,0.82,4.1,1724875.0,46.25,1863875.0
PRD-1026,Gaming Gear,Middle East,195000.0,135000.0,189.99,72.0,5900.0,0.52,4.0,366141.0,117.99000000000001,696141.0
PRD-1245,Personal Audio,Europe,94000.0,70000.0,87.15,25.97,38200.0,0.79,4.6,2173076.0000000005,61.18000000000001,2337076.0000000005
PRD-1360,Health & Fitness,Latin America,106000.0,70000.0,91.54,37.08,9200.0,0.74,4.4,325032.00000000006,54.46000000000001,501032.00000000006
PRD-2517,Office Equipment,Europe,94000.0,55000.0,86.33,35.36,13400.0,0.78,4.4,533998.0,50.97,682998.0
PRD-2348,Home Automation,Europe,261000.0,192000.0,250.95,84.63,20300.0,0.77,5.0,2923296.0,166.32,3376296.0
PRD-2519,Health & Fitness,Middle East,119000.0,85000.0,141.78,54.6,7800.0,0.6,3.6,476004.0,87.18,680004.0
PRD-2365,Personal Audio,Latin America,74000.0,42010.0,47.49,16.84,22200.0,0.69,3.5,565430.0,30.650000000000002,680430.0
PRD-1634,Wearable Tech,North America,349000.0,235000.0,313.95,106.95,20900.0,0.93,4.6,3742300.0,207.0,4326300.0
PRD-1113,Outdoor Tech,North America,161000.0,119000.0,159.75,60.8,11100.0,0.77,4.5,818345.0,98.95,1098345.0
PRD-2247,Office Equipment,Europe,125000.0,69000.0,83.66,32.3,13500.0,0.78,4.0,499360.0,51.36,693360.0
PRD-2254,Personal Audio,Asia-Pacific,93000.0,67000.0,60.59,22.89,40300.0,0.82,4.6,1359310.0,37.7,1519310.0
PRD-1929,Consumer Electronics,Asia-Pacific,337000.0,248000.0,309.43,126.88,21700.0,0.85,4.4,3376335.0000000005,182.55,3961335.0000000005
PRD-1238,Home Automation,Europe,286000.0,161000.0,243.78,95.55,19400.0,0.77,4.7,2428662.0000000005,148.23000000000002,2875662.0000000005
PRD-3080,Consumer Electronics,Europe,423959.9999999991,300000.0,538.92,198.9,11700.0,0.86,4.4,3246234.0,340.02,3978234.0
PRD-2894,Wearable Tech,North America,346000.0,225000.0,313.95,106.95,15100.0,0.93,5.0,2554700.0,207.0,3125700.0
PRD-1177,Office Equipment,Latin America,81000.0,61000.0,79.72,29.68,8000.0,0.6,3.5,258320.0,50.04,400320.0
PRD-1501,Smart Home,North America,344000.0,200000.0,273.42,105.0,29100.0,0.95,5.0,4357022.0,168.42000000000002,4901022.0
PRD-1119,Consumer Electronics,Asia-Pacific,317000.0,251000.0,347.71,119.56,22400.0,0.85,4.3,4542559.999999999,228.14999999999998,5110559.999999999
PRD-1489,Smart Home,Middle East,189000.0,103000.0,240.9,82.72,6600.0,0.53,3.8,787988.0,158.18,1043988.0
PRD-3396,Gaming Gear,Middle East,168000.0,122000.0,189.99,66.24,5400.0,0.5,3.5,341125.0000000001,123.75000000000001,668250.0000000001
PRD-2953,Health & Fitness,Asia-Pacific,106000.0,95000.0,85.49,29.58,31600.0,0.78,5.0,1565756.0,55.91,1766756.0
PRD-2495,Kitchen Appliances,Europe,274000.0,170000.0,271.95,92.07,15200.0,0.84,4.8,2290176.0,179.88,2734176.0
PRD-3219,Consumer Electronics,Asia-Pacific,380000.0,255000.0,347.71,119.56,25600.0,0.85,4.6,5205639.999999999,228.14999999999998,5840639.999999999
PRD-2431,Smart Home,North America,344000.0,200000.0,256.68,108.15,27000.0,0.95,4.4,3466310.0,148.53,4010310.0
PRD-1636,Kitchen Appliances,Latin America,157000.0,82000.0,141.9,50.76,8600.0,0.69,3.6,544804.0000000001,91.14000000000001,783804.0000000001
PRD-1136,Gaming Gear,North America,371000.0,243000.0,345.51,129.6,21500.0,0.89,4.8,4028065.0,215.91,4642065.0
PRD-2318,Home Automation,Europe,308000.0,178000.0,222.27,90.09,18700.0,0.77,4.1,1985766.0,132.18,2471766.0
PRD-2395,Personal Audio,Latin America,66010.0,45000.0,53.49,19.61,16200.0,0.69,3.5,441856.0,33.88,548856.0
PRD-2331,Health & Fitness,North America,128000.0,89000.0,112.79,39.9,28200.0,0.8,4.5,1838498.0000000005,72.89000000000001,2055498.0000000005
PRD-2710,Health & Fitness,Latin America,117000.0,62000.0,106.47,38.16,13200.0,0.74,3.8,722692.0,68.31,901692.0
PRD-2564,Wearable Tech,North America,349000.0,235000.0,296.01,110.4,19500.0,0.93,5.0,3035394.9999999995,185.60999999999999,3619394.9999999995
PRD-2300,Consumer Electronics,Europe,340000.0,238000.0,449.1,175.5,13000.0,0.86,5.0,2978800.0000000005,273.6,3556800.0000000005
PRD-2202,Smart Home,Europe,167000.0,113000.0,145.02,60.32,13100.0,0.81,4.5,829570.0000000002,84.70000000000002,1109570.0000000002
PRD-3481,Smart Home,North America,326000.0,202000.0,256.68,108.15,23700.0,0.95,5.0,2992161.0,148.53,3520161.0
PRD-1670,Consumer Electronics,Europe,404000.0,288000.0,449.1,175.5,10200.0,0.86,5.0,2098720.0,273.6,2790720.0
PRD-3008,Home Automation,Europe,256000.0,174000.0,229.44,98.28,19100.0,0.77,5.0,2075156.0,131.16,2505156.0
PRD-1319,Health & Fitness,Middle East,116000.0,77000.0,145.95,48.36,5600.0,0.6,3.9,353503.9999999999,97.58999999999999,546503.9999999999
PRD-2655,Personal Audio,Europe,101000.0,73000.0,84.75,29.15,28400.0,0.79,4.0,1405040.0,55.6,1579040.0
PRD-2996,Gaming Gear,North America,371000.0,243000.0,376.92,137.7,18200.0,0.89,4.5,3739804.000000001,239.22000000000003,4353804.000000001
PRD-3301,Smart Home,North America,353000.0,233000.0,290.16,101.85,30900.0,0.95,5.0,5232779.000000001,188.31000000000003,5818779.000000001
PRD-2887,Office Equipment,Latin America,102000.0,56000.0,73.01,28.0,6500.0,0.6,4.1,134565.00000000006,45.010000000000005,292565.00000000006
PRD-2048,Home Automation,Europe,303000.0,159000.0,215.1,81.9,18900.0,0.77,4.8,2055480.0,133.2,2517480.0
PRD-1162,Wearable Tech,Asia-Pacific,319000.0,201000.0,252.0,106.82,13400.0,0.8,4.1,1425412.0,145.18,1945412.0
PRD-1635,Personal Audio,Europe,90000.0,78000.0,77.55,27.56,36100.0,0.79,4.2,1636638.9999999998,49.989999999999995,1804638.9999999998
PRD-1172,Wearable Tech,Europe,255000.0,154000.0,240.45,81.84,12000.0,0.77,4.5,1494319.9999999998,158.60999999999999,1903319.9999999998
PRD-3465,Personal Audio,Europe,106000.0,72000.0,75.15,25.18,41700.0,0.79,4.1,1905749.0,49.970000000000006,2083749.0000000002
PRD-1313,Outdoor Tech,Europe,205000.0,139000.0,170.1,66.6,9600.0,0.61,3.6,649600.0,103.5,993600.0
PRD-2262,Smart Home,Europe,162000.0,132000.0,149.5,53.36,10300.0,0.81,4.1,696242.0,96.14,990242.0
PRD-3464,Wearable Tech,North America,304000.0,218000.0,304.98,120.75,16400.0,0.93,4.5,2499372.0000000005,184.23000000000002,3021372.0000000005
PRD-2099,Health & Fitness,Middle East,147000.0,95000.0,141.78,54.6,7500.0,0.6,4.2,411850.0,87.18,653850.0
PRD-2312,Wearable Tech,Europe,268000.0,198000.0,226.71,84.48,14100.0,0.77,4.6,1539443.0000000002,142.23000000000002,2005443.0000000002
PRD-1169,Health & Fitness,Middle East,147000.0,95000.0,150.12,53.04,8100.0,0.6,3.8,544348.0000000001,97.08000000000001,786348.0000000001
PRD-1824,Kitchen Appliances,North America,253000.0,161000.0,223.05,92.56,12800.0,0.83,4.9,1256272.0,130.49,1670272.0
PRD-2438,Home Automation,Europe,189000.0,179000.0,236.61,87.36,17900.0,0.77,4.4,2200575.0,149.25,2671575.0
PRD-3154,Personal Audio,Asia-Pacific,81000.0,62000.0,62.39,20.37,46995.99999999991,0.82,4.1,1974808.0,42.019999999999996,1974771.9199999962
PRD-1851,Health & Fitness,North America,164000.0,118000.0,109.19,44.94,23000.0,0.8,4.4,1195750.0,64.25,1477750.0
PRD-3267,Office Equipment,Europe,103000.0,64000.0,91.67,34.34,16100.0,0.78,3.8,756013.0,57.33,923013.0
PRD-2027,Gaming Gear,Asia-Pacific,197000.0,158000.0,161.99,61.2,25100.0,0.74,4.7,2174829.0,100.79,2529829.0
PRD-2460,Consumer Electronics,Europe,189000.0,123000.0,145.59,66.34,7500.0,0.61,4.0,282375.0,79.25,594375.0
PRD-2288,Home Automation,Europe,270000.0,163000.0,243.78,95.55,17200.0,0.77,4.3,2116556.0000000005,148.23000000000002,2549556.0000000005
PRD-1587,Office Equipment,Europe,94000.0,55000.0,91.67,34.34,14500.0,0.78,4.0,682285.0,57.33,831285.0
PRD-2038,Home Automation,Asia-Pacific,219000.0,161000.0,213.47,80.56,16200.0,0.74,4.3,1773142.0,132.91,2153142.0
PRD-1816,Kitchen Appliances,Latin America,144000.0,96000.0,126.42,54.0,9900.0,0.69,4.6,476958.0,72.42,716958.0
PRD-2617,Office Equipment,Latin America,100000.0,50000.0,70.78,25.48,6500.0,0.6,3.7,144450.0,45.3,294450.0
PRD-2943,Outdoor Tech,North America,192000.0,109000.0,154.65,68.48,13000.0,0.77,4.4,819210.0,86.17,1120210.0
PRD-1124,Wearable Tech,North America,282000.0,210000.0,269.1,103.5,15500.0,0.93,4.7,2074800.0000000005,165.60000000000002,2566800.0000000005
PRD-2890,Health & Fitness,Latin America,107000.0,73000.0,94.53,32.76,10100.0,0.74,3.7,443877.0,61.77,623877.0
PRD-1082,Wearable Tech,Europe,226000.0,166000.0,206.1,79.2,14100.0,0.77,4.0,1397289.9999999998,126.89999999999999,1789289.9999999998
PRD-1442,Wearable Tech,Europe,260000.0,172000.0,247.32,89.76,11900.0,0.77,4.9,1442964.0,157.56,1874964.0
PRD-1537,Office Equipment,Latin America,93000.0,62000.0,77.48,27.16,6800.0,0.6,3.5,187176.0000000001,50.32000000000001,342176.00000000006
PRD-1029,Consumer Electronics,Asia-Pacific,330000.0,230000.0,319.0,122.0,21500.0,0.85,4.8,3675500.0,197.0,4235500.0
PRD-1139,Health & Fitness,Europe,128000.0,88000.0,133.44,56.16,7500.0,0.6,4.0,363600.0,77.28,579600.0
PRD-2203,Health & Fitness,Asia-Pacific,132000.0,82000.0,98.99,30.55,26000.0,0.78,4.6,1565440.0,68.44,1779440.0
PRD-3088,Home Automation,Asia-Pacific,205000.0,163000.0,213.47,80.56,14200.0,0.74,3.9,1519322.0,132.91,1887322.0
PRD-1150,Health & Fitness,Latin America,101000.0,74000.0,91.54,37.08,11300.0,0.74,4.3,440398.0000000001,54.46000000000001,615398.0000000001
PRD-3478,Home Automation,Asia-Pacific,196000.0,132000.0,189.53,69.16,13200.0,0.78,4.6,1260884.0,120.37,1588884.0
PRD-3023,Outdoor Tech,Europe,190000.0,127000.0,192.78,77.7,7900.0,0.61,4.3,592132.0,115.08,909132.0
PRD-2955,Personal Audio,Europe,86000.0,86000.0,79.95,24.38,31200.0,0.79,4.2,1561784.0000000002,55.57000000000001,1733784.0000000002
PRD-1965,Personal Audio,Europe,89000.0,74000.0,82.35,26.77,42000.0,0.79,4.2,2171360.0,55.58,2334360.0
PRD-2563,Health & Fitness,Asia-Pacific,110000.0,85000.0,96.29,34.45,33300.0,0.78,4.4,1864272.0,61.84,2059272.0
PRD-1354,Personal Audio,Asia-Pacific,78000.0,53000.0,58.79,21.0,46995.99999999991,0.82,5.0,1664025.0,37.79,1775978.8399999966
PRD-2399,Health & Fitness,Middle East,127000.0,84000.0,133.44,56.16,8100.0,0.6,4.4,414968.0,77.28,625968.0
PRD-2119,Smart Home,Middle East,178000.0,118000.0,240.9,82.72,8400.0,0.53,4.0,1032712.0,158.18,1328712.0
PRD-1749,Consumer Electronics,Asia-Pacific,366000.0,209000.0,347.71,119.56,18900.0,0.85,4.5,3737035.0,228.14999999999998,4312035.0
PRD-1862,Wearable Tech,Europe,286000.0,151000.0,247.32,89.76,12300.0,0.77,4.4,1500988.0,157.56,1937988.0
PRD-2165,Kitchen Appliances,Europe,276000.0,178000.0,256.41,95.04,12900.0,0.84,4.8,1627673.0,161.37,2081673.0
PRD-2719,Smart Home,Middle East,180000.0,123000.0,214.62,88.0,6600.0,0.53,4.4,532692.0,126.62,835692.0
PRD-2763,Outdoor Tech,North America,209000.0,126000.0,175.05,64.64,11400.0,0.77,4.5,923674.0000000002,110.41000000000001,1258674.0000000002
PRD-1793,Outdoor Tech,Europe,219000.0,144000.0,175.77,73.26,7900.0,0.61,3.7,446829.0,102.51,809829.0
PRD-3133,Health & Fitness,Asia-Pacific,132000.0,82000.0,93.59,31.53,23800.0,0.78,5.0,1263028.0,62.06,1477028.0
PRD-2297,Gaming Gear,Asia-Pacific,202000.0,174000.0,167.39,67.32,24900.0,0.74,5.0,2115743.0,100.07,2491743.0
PRD-3451,Smart Home,North America,282000.0,253000.0,281.79,114.45,21300.0,0.95,4.2,3029342.0000000005,167.34000000000003,3564342.0000000005
PRD-1050,Consumer Electronics,Latin America,177000.0,118000.0,150.39,58.9,10000.0,0.61,4.6,619899.9999999998,91.48999999999998,914899.9999999998
PRD-3102,Smart Home,Europe,198000.0,103000.0,149.5,53.36,11000.0,0.81,4.0,756540.0,96.14,1057540.0
PRD-3047,Gaming Gear,Asia-Pacific,221000.0,147000.0,178.19,65.28,20200.0,0.74,4.5,1912782.0,112.91,2280782.0
PRD-1988,Home Automation,Europe,311000.0,187000.0,258.12,92.82,15800.0,0.77,4.1,2113740.0,165.3,2611740.0
PRD-1462,Wearable Tech,Asia-Pacific,277000.0,177000.0,237.03,89.18,14800.0,0.8,4.3,1734180.0,147.85,2188180.0
PRD-2581,Smart Home,North America,273000.0,220000.0,306.9,98.7,28100.0,0.95,4.5,5357420.0,208.2,5850420.0
PRD-3246,Gaming Gear,Middle East,213000.0,151000.0,195.69,72.72,5400.0,0.78,4.5,226256.0,122.97,664038.0
PRD-1981,Smart Home,North America,189000.0,209000.0,281.79,114.45,23900.0,0.95,5.0,3520426.000000001,167.34000000000003,3999426.000000001
PRD-1224,Kitchen Appliances,North America,251000.0,154000.0,250.65,87.22,16300.0,0.83,4.5,2258909.0,163.43,2663909.0
PRD-3352,Wearable Tech,Asia-Pacific,316000.0,192000.0,237.03,89.18,13600.0,0.8,3.8,1502760.0,147.85,2010760.0
PRD-2605,Personal Audio,Latin America,66010.0,42010.0,53.49,19.61,20300.0,0.69,4.1,580764.0,33.88,687764.0
PRD-1773,Outdoor Tech,North America,157000.0,106000.0,180.15,70.4,10300.0,0.77,4.5,867425.0,109.75,1130425.0
PRD-1842,Smart Home,Europe,200000.0,109000.0,149.5,53.36,15000.0,0.81,4.7,1133100.0,96.14,1442100.0
PRD-2236,Kitchen Appliances,Latin America,158000.0,86000.0,126.42,54.0,10200.0,0.69,4.0,494684.0,72.42,738684.0
PRD-1110,Consumer Electronics,Latin America,172000.0,101000.0,155.19,64.48,7900.0,0.61,4.2,443609.0,90.71,716609.0
PRD-2168,Home Automation,Europe,286000.0,161000.0,229.44,98.28,18000.0,0.77,5.0,1913880.0,131.16,2360880.0
PRD-3380,Consumer Electronics,Europe,372000.0,263000.0,508.98,204.75,12500.0,0.86,4.6,3167875.0,304.23,3802875.0
PRD-1346,Gaming Gear,North America,389000.0,228000.0,345.51,129.6,17600.0,0.89,4.5,3183016.0,215.91,3800016.0
PRD-2135,Kitchen Appliances,Europe,242000.0,165000.0,279.72,100.98,11700.0,0.84,5.0,1684258.0,178.74,2091258.0
PRD-2015,Kitchen Appliances,Europe,257000.0,163000.0,264.18,103.95,12400.0,0.84,4.7,1566852.0000000002,160.23000000000002,1986852.0000000002
PRD-1573,Health & Fitness,Asia-Pacific,114000.0,99000.0,98.99,30.55,30500.0,0.78,4.4,1874420.0,68.44,2087420.0
PRD-3256,Kitchen Appliances,Latin America,130000.0,80000.0,138.03,57.24,8100.0,0.69,3.8,444398.9999999999,80.78999999999999,654398.9999999999
PRD-3119,Consumer Electronics,Middle East,120000.0,89000.0,125.1,46.8,6100.0,0.6,4.0,268630.0,78.3,477630.0
PRD-2440,Health & Fitness,Latin America,114000.0,76000.0,103.48,34.92,13300.0,0.74,4.5,721848.0,68.56,911848.0
PRD-3248,Home Automation,Europe,308000.0,178000.0,258.12,92.82,17300.0,0.77,4.5,2373690.0,165.3,2859690.0
PRD-1505,Kitchen Appliances,Europe,206000.0,144000.0,279.72,100.98,13900.0,0.84,4.8,2134486.0,178.74,2484486.0
PRD-1574,Wearable Tech,North America,358000.0,202000.0,304.98,120.75,17700.0,1.0,5.0,2700871.0000000005,184.23000000000002,3260871.0000000005
PRD-1412,Wearable Tech,Europe,224000.0,158000.0,219.84,95.04,16500.0,0.77,4.0,1677200.0,124.8,2059200.0
PRD-1356,Gaming Gear,Middle East,185000.0,140000.0,195.69,72.72,5400.0,0.5,4.4,326741.0,122.97,664038.0
PRD-1890,Consumer Electronics,Latin America,158000.0,127000.0,150.39,58.9,10500.0,0.61,4.5,675644.9999999998,91.48999999999998,960644.9999999998
PRD-2813,Outdoor Tech,Europe,181000.0,135000.0,192.78,77.7,9500.0,0.61,3.5,777260.0,115.08,1093260.0
PRD-2687,Gaming Gear,Asia-Pacific,193000.0,142000.0,183.59,71.4,23500.0,0.74,4.7,2301465.0,112.19,2636465.0
PRD-1621,Smart Home,North America,326000.0,202000.0,290.16,101.85,27800.0,0.95,4.3,4707018.000000001,188.31000000000003,5235018.000000001
PRD-1873,Health & Fitness,Asia-Pacific,133000.0,86000.0,93.59,31.53,32800.0,0.78,4.6,1816568.0,62.06,2035568.0
PRD-2439,Consumer Electronics,Asia-Pacific,304000.0,205000.0,290.29,130.54,19400.0,0.85,4.3,2590150.0000000005,159.75000000000003,3099150.0000000005
PRD-2803,Health & Fitness,Asia-Pacific,133000.0,86000.0,88.19,32.5,30500.0,0.78,5.0,1479545.0,55.69,1698545.0
PRD-1673,Outdoor Tech,Europe,171000.0,143000.0,204.12,75.48,8300.0,0.61,4.5,753712.0,128.64,1067712.0
PRD-1035,Personal Audio,Europe,89000.0,74000.0,87.15,25.97,30500.0,0.79,4.9,1702990.0000000002,61.18000000000001,1865990.0000000002
PRD-1281,Health & Fitness,North America,137000.0,121000.0,112.79,39.9,21300.0,0.8,4.9,1294557.0000000002,72.89000000000001,1552557.0000000002
PRD-1586,Gaming Gear,North America,347000.0,233000.0,314.1,121.5,24000.0,0.89,5.0,4042400.000000001,192.60000000000002,4622400.000000001
PRD-1546,Kitchen Appliances,Latin America,141000.0,88000.0,122.55,49.14,10000.0,0.69,4.2,505100.0,73.41,734100.0
PRD-2568,Office Equipment,North America,92000.0,56000.0,70.31,23.52,16000.0,0.73,4.3,600640.0000000001,46.790000000000006,748640.0000000001
PRD-1562,Wearable Tech,Europe,244000.0,173000.0,212.97,87.12,17100.0,0.77,4.1,1735035.0,125.85,2152035.0
PRD-2226,Gaming Gear,Middle East,191000.0,119000.0,178.59,68.4,46995.99999999991,0.5,3.6,362159.0,110.19,5178489.23999999
PRD-2506,Consumer Electronics,Latin America,161000.0,94000.0,130.29,58.86,10100.0,0.69,4.4,466442.9999999999,71.42999999999999,721442.9999999999
PRD-3290,Consumer Electronics,Europe,423959.9999999991,283000.0,538.92,198.9,9600.0,0.86,5.0,2529192.0,340.02,3264192.0
PRD-1423,Health & Fitness,Asia-Pacific,104000.0,90000.0,82.79,33.48,29400.0,0.78,4.3,1255714.0000000002,49.31000000000001,1449714.0000000002
PRD-3217,Office Equipment,Latin America,101000.0,53000.0,77.48,27.16,7800.0,0.6,4.1,238496.0000000001,50.32000000000001,392496.00000000006
PRD-1366,Kitchen Appliances,Latin America,154000.0,73000.0,138.03,57.24,8700.0,0.69,4.3,475872.9999999999,80.78999999999999,702872.9999999999
PRD-2570,Consumer Electronics,Europe,348000.0,266000.0,464.07,193.05,12900.0,0.86,4.5,2882157.9999999995,271.02,3496157.9999999995
PRD-1938,Office Equipment,North America,80000.0,49000.0,70.31,23.52,18600.0,0.73,4.1,741294.0000000001,46.790000000000006,870294.0000000001
PRD-1291,Smart Home,North America,189000.0,213000.0,273.42,105.0,23400.0,0.95,4.3,3399028.0000000005,168.42000000000002,3941028.0000000005
PRD-2957,Gaming Gear,Asia-Pacific,197000.0,158000.0,188.99,63.24,23300.0,0.74,5.0,2574975.0,125.75,2929975.0
PRD-1542,Smart Home,Europe,171000.0,125000.0,158.47,63.8,14000.0,0.81,4.5,1029380.0,94.67,1325380.0
PRD-2730,Consumer Electronics,Latin America,193000.0,99000.0,150.39,58.9,7400.0,0.61,4.4,385025.9999999999,91.48999999999998,677025.9999999999
PRD-1494,Kitchen Appliances,North America,187000.0,123000.0,209.25,95.23,16200.0,0.83,4.9,1537124.0,114.02,1847124.0
PRD-3146,Gaming Gear,North America,399000.0,265000.0,366.45,125.55,19100.0,0.89,4.6,3937190.0,240.89999999999998,4601190.0
PRD-1034,Wearable Tech,North America,346000.0,225000.0,287.04,124.2,18000.0,0.93,4.2,2360120.0000000005,162.84000000000003,2931120.0000000005
PRD-1039,Smart Home,Europe,165000.0,108000.0,214.62,88.0,5800.0,0.53,4.6,461396.0,126.62,734396.0
PRD-2823,Outdoor Tech,North America,204000.0,108000.0,180.15,70.4,13600.0,0.77,4.1,1180600.0,109.75,1492600.0
PRD-1927,Office Equipment,Latin America,89000.0,51000.0,68.54,28.84,6400.0,0.6,3.9,114080.00000000004,39.7,254080.00000000003
PRD-3183,Outdoor Tech,North America,170000.0,111000.0,175.05,64.64,11800.0,0.77,3.9,1021838.0000000002,110.41000000000001,1302838.0000000002
PRD-1320,Consumer Electronics,Latin America,180000.0,130000.0,155.19,64.48,9900.0,0.61,3.9,588028.9999999999,90.71,898028.9999999999
PRD-2954,Wearable Tech,North America,336000.0,193000.0,322.92,117.3,18400.0,0.93,4.6,3254408.0,205.62,3783408.0
PRD-1875,Personal Audio,Europe,108000.0,80000.0,87.15,25.97,32600.0,0.79,4.8,1806468.0,61.18000000000001,1994468.0000000002
PRD-1005,Personal Audio,Europe,95000.0,75000.0,79.95,26.5,35000.0,0.82,4.4,1700750.0,53.45,1870750.0
PRD-1390,Health & Fitness,Latin America,121000.0,75000.0,103.48,34.92,10200.0,0.74,3.8,503312.0,68.56,699312.0
PRD-1374,Kitchen Appliances,North America,200000.0,167000.0,243.75,97.9,16900.0,0.83,4.6,2097865.0,145.85,2464865.0
PRD-2759,Health & Fitness,Middle East,144000.0,87000.0,129.27,51.48,7100.0,0.6,4.2,321309.0000000001,77.79000000000002,552309.0000000001
PRD-1960,Health & Fitness,Latin America,107000.0,73000.0,100.5,39.24,11000.0,0.74,4.4,493860.0,61.26,673860.0
PRD-2252,Wearable Tech,Europe,276000.0,170000.0,219.84,95.04,17400.0,0.77,3.9,1725520.0,124.8,2171520.0
PRD-2624,Wearable Tech,North America,339000.0,204000.0,304.98,120.75,15300.0,0.93,4.6,2275719.0000000005,184.23000000000002,2818719.0000000005
PRD-1213,Health & Fitness,Asia-Pacific,136000.0,96000.0,82.79,33.48,23200.0,0.78,4.6,911992.0000000002,49.31000000000001,1143992.0000000002
PRD-1678,Home Automation,Asia-Pacific,260000.0,157000.0,219.45,71.44,18500.0,0.74,4.5,2321185.0,148.01,2738185.0
PRD-2524,Personal Audio,Asia-Pacific,94000.0,55000.0,62.39,20.37,39900.0,0.82,5.0,1527597.9999999998,42.019999999999996,1676597.9999999998
PRD-1338,Office Equipment,North America,79000.0,47000.0,64.5,22.08,16000.0,0.73,3.7,552720.0,42.42,678720.0
PRD-2026,Kitchen Appliances,Latin America,151000.0,91000.0,126.42,54.0,8100.0,0.69,4.3,344602.0,72.42,586602.0
PRD-2477,Gaming Gear,Asia-Pacific,183000.0,152000.0,183.59,71.4,18700.0,0.74,5.0,1762953.0,112.19,2097953.0
PRD-1383,Outdoor Tech,North America,165000.0,131000.0,164.85,66.56,11000.0,0.77,3.8,785190.0,98.28999999999999,1081190.0
PRD-2123,Outdoor Tech,Europe,217000.0,138000.0,187.11,71.04,9400.0,0.61,3.7,736058.0,116.07000000000001,1091058.0
PRD-1652,Wearable Tech,Europe,273000.0,161000.0,247.32,89.76,15100.0,0.77,4.6,1945156.0,157.56,2379156.0
PRD-2237,Gaming Gear,Asia-Pacific,208000.0,149000.0,161.99,61.2,20900.0,0.74,4.4,1749511.0,100.79,2106511.0
PRD-1541,Consumer Electronics,North America,273000.0,202000.0,185.99,79.19,12500.0,0.84,5.0,860000.0000000002,106.80000000000001,1335000.0000000002
PRD-1829,Health & Fitness,Middle East,144000.0,87000.0,137.61,49.92,7600.0,0.6,3.8,435444.0000000001,87.69000000000001,666444.0000000001
PRD-2753,Outdoor Tech,Europe,186000.0,114000.0,187.11,71.04,8000.0,0.61,3.9,628560.0000000001,116.07000000000001,928560.0000000001
PRD-1003,Health & Fitness,Asia-Pacific,120000.0,95000.0,89.99,32.5,28000.0,0.8,4.7,1394719.9999999998,57.489999999999995,1609719.9999999998
PRD-2870,Consumer Electronics,Europe,412000.0,304969.99999999936,538.92,198.9,9200.0,0.86,4.7,2400184.0,340.02,3128184.0
PRD-3220,Health & Fitness,Latin America,106000.0,70000.0,100.5,39.24,12000.0,0.74,3.7,559120.0,61.26,735120.0
PRD-1648,Home Automation,Asia-Pacific,228000.0,128000.0,195.51,76.0,17100.0,0.74,4.7,1671620.9999999998,119.50999999999999,2043620.9999999998
PRD-1509,Consumer Electronics,Asia-Pacific,304000.0,205000.0,309.43,126.88,21100.0,0.85,5.0,3342805.0000000005,182.55,3851805.0000000005
PRD-1067,Gaming Gear,Asia-Pacific,233000.0,146000.0,188.99,63.24,24900.0,0.74,4.5,2752175.0,125.75,3131175.0
PRD-2883,Outdoor Tech,North America,198000.0,128000.0,185.25,62.72,10900.0,0.77,4.8,1009577.0,122.53,1335577.0
PRD-1408,Home Automation,Asia-Pacific,255000.0,141000.0,213.47,80.56,12300.0,0.74,4.1,1238793.0,132.91,1634793.0
PRD-1189,Smart Home,Middle East,178000.0,118000.0,208.05,80.08,6000.0,0.53,4.7,471820.0000000001,127.97000000000001,767820.0000000001
PRD-1199,Health & Fitness,Middle East,124000.0,76000.0,137.61,49.92,5900.0,0.6,3.6,317371.00000000006,87.69000000000001,517371.00000000006
PRD-2408,Home Automation,Europe,253000.0,165000.0,258.12,92.82,16300.0,0.77,4.6,2276390.0,165.3,2694390.0
PRD-2988,Office Equipment,North America,75000.0,50000.0,70.31,23.52,16500.0,0.73,3.7,647035.0000000001,46.790000000000006,772035.0000000001
PRD-1535,Kitchen Appliances,Europe,240000.0,157000.0,256.41,95.04,15000.0,0.84,4.6,2023550.0,161.37,2420550.0
PRD-2384,Wearable Tech,North America,278000.0,200000.0,269.1,103.5,17100.0,0.93,4.0,2353760.0000000005,165.60000000000002,2831760.0000000005
PRD-2162,Wearable Tech,Europe,247000.0,182000.0,233.58,92.4,13500.0,0.77,4.5,1476930.0,141.18,1905930.0
PRD-2323,Health & Fitness,Asia-Pacific,125000.0,83000.0,85.49,29.58,24600.0,0.78,4.9,1167386.0,55.91,1375386.0
PRD-3462,Smart Home,Europe,166000.0,107000.0,145.02,60.32,14300.0,0.81,3.8,938210.0000000002,84.70000000000002,1211210.0000000002
PRD-3027,Consumer Electronics,Europe,117000.0,63000.0,80.99,36.38,11900.0,0.78,4.3,350858.9999999999,44.60999999999999,530858.9999999999
PRD-1868,Home Automation,Europe,242000.0,185000.0,243.78,95.55,16600.0,0.77,4.9,2033618.0000000005,148.23000000000002,2460618.0000000005
PRD-3308,Home Automation,Europe,300000.0,207000.0,215.1,81.9,20500.0,0.77,4.1,2223599.9999999995,133.2,2730599.9999999995
PRD-1893,Outdoor Tech,North America,204000.0,108000.0,154.65,68.48,9700.0,0.77,4.8,523849.0,86.17,835849.0
PRD-2630,Consumer Electronics,Europe,423959.9999999991,304969.99999999936,479.04,210.6,10300.0,0.86,5.0,1993932.0000000005,268.44000000000005,2764932.0000000005
PRD-3459,Consumer Electronics,Asia-Pacific,340000.0,260000.0,319.0,112.24,23400.0,0.85,5.0,4238184.0,206.76,4838184.0
PRD-2468,Home Automation,Europe,245000.0,194000.0,215.1,81.9,19400.0,0.77,4.2,2145080.0,133.2,2584080.0
PRD-2878,Home Automation,Asia-Pacific,265000.0,128000.0,213.47,80.56,17100.0,0.74,4.2,1835761.0,132.91,2272761.0
PRD-3170,Consumer Electronics,Europe,352000.0,280000.0,508.98,204.75,10100.0,0.86,4.9,2440723.0,304.23,3072723.0
PRD-1011,Health & Fitness,North America,150000.0,105000.0,119.99,42.0,24500.0,0.78,4.5,1655754.9999999998,77.99,1910754.9999999998
PRD-2341,Smart Home,North America,310000.0,216000.0,273.42,105.0,30700.0,0.95,5.0,4644494.000000001,168.42000000000002,5170494.000000001
PRD-3000,Consumer Electronics,Latin America,196000.0,110000.0,155.19,64.48,7300.0,0.61,3.7,356183.0,90.71,662183.0
PRD-2863,Health & Fitness,Asia-Pacific,130000.0,102000.0,90.89,35.43,24100.0,0.78,4.6,1104586.0,55.46,1336586.0
PRD-2512,Wearable Tech,Asia-Pacific,260000.0,179000.0,237.03,89.18,19500.0,0.8,3.9,2444075.0,147.85,2883075.0
PRD-2140,Health & Fitness,Latin America,98000.0,64000.0,109.45,33.84,12400.0,0.74,4.3,775564.0,75.61,937564.0
PRD-3112,Wearable Tech,Asia-Pacific,263000.0,188000.0,259.48,95.06,15300.0,0.8,4.3,2064626.0000000005,164.42000000000002,2515626.0000000005
PRD-2651,Consumer Electronics,North America,250000.0,176000.0,191.99,86.39,13200.0,0.84,4.3,967920.0,105.60000000000001,1393920.0
PRD-3482,Wearable Tech,Europe,237000.0,201000.0,240.45,81.84,17400.0,0.77,4.5,2321813.9999999995,158.60999999999999,2759813.9999999995
PRD-1310,Consumer Electronics,Europe,352000.0,280000.0,464.07,193.05,11900.0,0.86,5.0,2593138.0,271.02,3225138.0
PRD-2852,Wearable Tech,Europe,278000.0,179000.0,240.45,81.84,13800.0,0.77,4.3,1731818.0,158.60999999999999,2188818.0
PRD-2537,Gaming Gear,Asia-Pacific,242000.0,178000.0,188.99,63.24,22700.0,0.74,4.6,2434525.0,125.75,2854525.0
PRD-2697,Office Equipment,Europe,118000.0,66000.0,94.34,37.4,15200.0,0.78,4.3,681488.0000000001,56.940000000000005,865488.0000000001
PRD-2101,Smart Home,North America,347000.0,211000.0,298.53,111.3,22600.0,0.95,4.4,3673397.999999999,187.22999999999996,4231397.999999999
PRD-1583,Outdoor Tech,Europe,209000.0,112000.0,175.77,73.26,9500.0,0.61,4.0,652845.0,102.51,973845.0
PRD-3472,Wearable Tech,Asia-Pacific,300000.0,194000.0,252.0,106.82,19700.0,0.8,4.1,2366046.0,145.18,2860046.0
PRD-2609,Health & Fitness,Middle East,134000.0,79000.0,133.44,56.16,6800.0,0.6,4.1,312504.0,77.28,525504.0
PRD-3216,Gaming Gear,Middle East,185000.0,140000.0,172.89,77.04,6700.0,0.5,3.6,317194.9999999999,95.84999999999998,642194.9999999999
PRD-2320,Health & Fitness,Latin America,121000.0,75000.0,97.51,36.0,9300.0,0.74,4.2,376043.0,61.510000000000005,572043.0
PRD-1600,Health & Fitness,Latin America,93000.0,71000.0,103.48,34.92,12700.0,0.74,4.6,706712.0,68.56,870712.0
PRD-2023,Health & Fitness,Asia-Pacific,106000.0,95000.0,90.89,35.43,22400.0,0.78,4.7,1041304.0,55.46,1242304.0
PRD-1544,Wearable Tech,North America,314000.0,185000.0,269.1,103.5,16000.0,0.93,4.1,2150600.0000000005,165.60000000000002,2649600.0000000005
PRD-1520,Consumer Electronics,Europe,372000.0,263000.0,464.07,193.05,9800.0,0.86,4.9,2020996.0,271.02,2655996.0
PRD-2136,Gaming Gear,Middle East,170000.0,128000.0,189.99,66.24,7000.0,0.5,4.2,568250.0000000001,123.75000000000001,866250.0000000001
PRD-1243,Health & Fitness,Asia-Pacific,115000.0,104000.0,93.59,31.53,25800.0,0.78,4.4,1382148.0,62.06,1601148.0
PRD-2686,Kitchen Appliances,Latin America,148000.0,82000.0,141.9,50.76,11300.0,0.69,4.3,799882.0000000001,91.14000000000001,1029882.0000000001
PRD-1556,Gaming Gear,North America,298000.0,213000.0,345.51,129.6,22100.0,0.89,5.0,4260611.0,215.91,4771611.0
PRD-1391,Consumer Electronics,North America,253000.0,185000.0,191.99,86.39,18000.0,0.84,5.0,1462800.0000000002,105.60000000000001,1900800.0000000002
PRD-3108,Office Equipment,North America,70000.0,50000.0,60.63,22.8,15700.0,0.73,4.0,473931.0,37.83,593931.0
PRD-2096,Gaming Gear,North America,312000.0,263000.0,366.45,125.55,21700.0,0.89,5.0,4652529.999999999,240.89999999999998,5227529.999999999
PRD-2186,Gaming Gear,North America,350000.0,245000.0,345.51,129.6,18900.0,0.89,4.4,3485699.0,215.91,4080699.0
PRD-2199,Consumer Electronics,Asia-Pacific,343000.0,200000.0,319.0,112.24,21500.0,0.85,4.8,3902340.0,206.76,4445340.0
PRD-2326,Kitchen Appliances,Latin America,130000.0,80000.0,118.68,55.62,8800.0,0.69,4.5,344928.0000000001,63.06000000000001,554928.0000000001
PRD-1690,Health & Fitness,Latin America,105000.0,67000.0,97.51,36.0,11100.0,0.74,4.0,510761.0,61.510000000000005,682761.0
PRD-2152,Wearable Tech,Asia-Pacific,311000.0,173000.0,244.51,98.0,15100.0,0.8,4.1,1728301.0,146.51,2212301.0
PRD-3181,Smart Home,North America,276000.0,231000.0,273.42,105.0,21600.0,0.95,4.9,3130872.0000000005,168.42000000000002,3637872.0000000005
PRD-3205,Personal Audio,Latin America,66010.0,45000.0,47.49,16.84,15600.0,0.69,3.5,367140.00000000006,30.650000000000002,478140.00000000006
PRD-1244,Wearable Tech,North America,362000.0,212000.0,287.04,124.2,14600.0,0.93,5.0,1803464.0000000005,162.84000000000003,2377464.0000000005
PRD-3470,Consumer Electronics,Europe,416000.0,244000.0,479.04,210.6,11000.0,0.86,5.0,2292840.0000000005,268.44000000000005,2952840.0000000005
PRD-1847,Gaming Gear,Asia-Pacific,216000.0,181000.0,183.59,71.4,22200.0,0.74,4.8,2093618.0,112.19,2490618.0
PRD-3401,Consumer Electronics,North America,273000.0,202000.0,203.99,83.99,16200.0,0.84,4.8,1469000.0000000002,120.00000000000001,1944000.0000000002
PRD-1680,Consumer Electronics,Latin America,149000.0,98000.0,150.39,58.9,8500.0,0.61,3.7,530664.9999999999,91.48999999999998,777664.9999999999
PRD-2754,Kitchen Appliances,North America,253000.0,161000.0,209.25,95.23,11600.0,0.83,4.2,908632.0,114.02,1322632.0
PRD-2437,Office Equipment,Latin America,80000.0,58000.0,79.72,29.68,8700.0,0.6,3.8,297348.0,50.04,435348.0
PRD-1860,Consumer Electronics,Latin America,187000.0,117000.0,164.79,62.62,9700.0,0.61,4.7,687048.9999999999,102.16999999999999,991048.9999999999
PRD-1971,Health & Fitness,North America,155000.0,119000.0,116.39,43.68,21800.0,0.8,4.7,1311078.0000000002,72.71000000000001,1585078.0000000002
PRD-1481,Consumer Electronics,North America,280000.0,173000.0,179.99,71.99,15900.0,0.84,4.4,1264200.0000000002,108.00000000000001,1717200.0000000002
PRD-2799,Consumer Electronics,Asia-Pacific,347000.0,212000.0,347.71,119.56,24900.0,0.85,5.0,5121934.999999999,228.14999999999998,5680934.999999999
PRD-1357,Office Equipment,Latin America,101000.0,53000.0,70.78,25.48,9000.0,0.6,3.5,253700.0,45.3,407700.0
PRD-2428,Home Automation,Asia-Pacific,209000.0,178000.0,189.53,69.16,15200.0,0.74,3.9,1442624.0,120.37,1829624.0
PRD-2077,Office Equipment,Latin America,96000.0,56000.0,81.95,26.32,6700.0,0.6,4.0,220721.0,55.63,372721.0
PRD-2843,Outdoor Tech,Europe,207000.0,146000.0,175.77,73.26,6800.0,0.61,4.4,344068.0,102.51,697068.0
PRD-1133,Outdoor Tech,Europe,163000.0,117000.0,192.78,77.7,8500.0,0.61,3.7,698180.0,115.08,978180.0
PRD-2220,Consumer Electronics,Latin America,156000.0,121000.0,159.99,57.04,8400.0,0.61,4.5,587780.0000000001,102.95000000000002,864780.0000000001
PRD-2014,Personal Audio,Asia-Pacific,77000.0,66000.0,65.99,19.74,44500.0,0.82,5.0,1915125.0,46.25,2058125.0
PRD-1420,Health & Fitness,Latin America,103000.0,60000.0,94.53,32.76,11200.0,0.74,4.7,528824.0,61.77,691824.0
PRD-2742,Smart Home,Europe,175000.0,137000.0,153.99,58.58,12900.0,0.81,4.2,918789.0000000002,95.41000000000001,1230789.0000000002
PRD-1896,Gaming Gear,Middle East,193000.0,126000.0,207.09,70.56,5400.0,0.5,3.6,377303.0,136.53,737262.0
PRD-2808,Office Equipment,North America,82000.0,57000.0,64.5,22.08,14400.0,0.73,3.8,471848.0,42.42,610848.0
PRD-1171,Smart Home,North America,347000.0,211000.0,256.68,108.15,24700.0,0.95,5.0,3110691.0,148.53,3668691.0
PRD-3221,Consumer Electronics,North America,218000.0,171000.0,185.99,79.19,14300.0,0.84,4.9,1138240.0000000002,106.80000000000001,1527240.0000000002
PRD-2503,Health & Fitness,Asia-Pacific,114000.0,99000.0,93.59,31.53,28300.0,0.78,4.4,1543298.0,62.06,1756298.0
PRD-3287,Gaming Gear,Asia-Pacific,195000.0,150000.0,161.99,61.2,18000.0,0.74,5.0,1469220.0,100.79,1814220.0
PRD-1464,Kitchen Appliances,North America,224000.0,157000.0,229.95,81.88,14900.0,0.83,5.0,1825243.0,148.07,2206243.0
PRD-3483,Outdoor Tech,North America,200000.0,134000.0,164.85,66.56,12700.0,0.77,4.1,914283.0,98.28999999999999,1248283.0
PRD-3029,Health & Fitness,Middle East,147000.0,95000.0,133.44,56.16,7000.0,0.6,3.5,298960.0,77.28,540960.0
PRD-2874,Kitchen Appliances,North America,240000.0,162000.0,223.05,92.56,16800.0,0.83,4.5,1790232.0,130.49,2192232.0
PRD-1689,Consumer Electronics,Asia-Pacific,376000.0,244000.0,338.14,134.2,23900.0,0.85,4.9,4254166.0,203.94,4874166.0
PRD-2183,Outdoor Tech,Europe,211000.0,118000.0,192.78,77.7,7400.0,0.61,4.4,522592.0,115.08,851592.0
PRD-3203,Outdoor Tech,Europe,173000.0,150000.0,170.1,66.6,9000.0,0.61,4.2,608500.0,103.5,931500.0
PRD-1921,Smart Home,North America,279000.0,242000.0,273.42,105.0,29900.0,0.95,4.5,4514758.000000001,168.42000000000002,5035758.000000001
PRD-2126,Gaming Gear,North America,361000.0,283000.0,335.04,145.8,23600.0,0.89,4.8,3822064.0,189.24,4466064.0
PRD-1134,Kitchen Appliances,North America,227000.0,164000.0,216.15,84.55,12500.0,0.83,5.0,1254000.0000000002,131.60000000000002,1645000.0000000002
PRD-2197,Office Equipment,Latin America,91000.0,57000.0,70.78,25.48,6300.0,0.6,3.5,137390.0,45.3,285390.0
PRD-1904,Wearable Tech,North America,355000.0,191000.0,322.92,117.3,20700.0,0.93,5.0,3710334.0,205.62,4256334.0
PRD-1127,Gaming Gear,Asia-Pacific,227000.0,171000.0,194.39,69.36,19800.0,0.74,5.0,2077593.9999999995,125.02999999999999,2475593.9999999995
PRD-1339,Smart Home,Middle East,140000.0,94000.0,201.48,90.64,6300.0,0.53,3.7,464291.9999999999,110.83999999999999,698291.9999999999
PRD-1686,Gaming Gear,Middle East,183000.0,134000.0,207.09,70.56,6300.0,0.5,3.9,543139.0,136.53,860139.0
PRD-3002,Wearable Tech,Europe,299000.0,194000.0,233.58,92.4,14400.0,0.77,4.4,1539992.0,141.18,2032992.0
PRD-2819,Health & Fitness,Middle East,140000.0,74000.0,133.44,56.16,5500.0,0.6,3.8,211040.0,77.28,425040.0
PRD-2703,Outdoor Tech,Europe,157000.0,106000.0,169.95,58.88,14200.0,0.77,3.8,1314194.0,111.07,1577194.0
PRD-3015,Personal Audio,Europe,84000.0,75000.0,82.35,26.77,37500.0,0.79,4.9,1925250.0,55.58,2084250.0
PRD-3403,Health & Fitness,Asia-Pacific,134000.0,91000.0,96.29,34.45,23500.0,0.78,4.3,1228240.0,61.84,1453240.0
PRD-3028,Home Automation,Asia-Pacific,212000.0,138000.0,207.48,73.72,17700.0,0.74,4.3,2017552.0,133.76,2367552.0
PRD-3071,Consumer Electronics,North America,275000.0,155000.0,191.99,86.39,13700.0,0.84,4.8,1016720.0000000002,105.60000000000001,1446720.0000000002
PRD-2573,Outdoor Tech,Europe,203000.0,133000.0,170.1,66.6,6900.0,1.0,4.0,378150.0,103.5,714150.0
PRD-1800,Consumer Electronics,Latin America,193000.0,99000.0,159.99,57.04,8100.0,0.61,4.0,541895.0000000001,102.95000000000002,833895.0000000001
PRD-1560,Consumer Electronics,Latin America,159000.0,132000.0,174.39,60.76,9000.0,0.61,4.5,731670.0,113.63,1022670.0
PRD-2985,Personal Audio,Europe,100000.0,69000.0,72.75,28.36,34300.0,0.79,4.0,1353577.0,44.39,1522577.0
PRD-1040,Consumer Electronics,Europe,344000.0,252000.0,449.1,175.5,12000.0,0.86,4.8,2687200.0000000005,273.6,3283200.0000000005
PRD-2471,Consumer Electronics,North America,273000.0,202000.0,215.99,81.59,17400.0,0.84,4.4,1863560.0,134.4,2338560.0
PRD-1220,Consumer Electronics,Europe,423959.9999999991,300000.0,494.01,187.2,8900.0,1.0,4.7,1998609.0,306.81,2730609.0
PRD-2848,Home Automation,Asia-Pacific,232000.0,160000.0,189.53,69.16,15700.0,0.74,4.4,1497809.0,120.37,1889809.0
PRD-2289,Consumer Electronics,Asia-Pacific,380000.0,304969.99999999936,299.86,115.9,18500.0,0.85,5.0,2768260.0,183.96,3403260.0
PRD-1767,Office Equipment,Europe,118000.0,66000.0,80.99,36.38,16300.0,0.78,3.9,543142.9999999999,44.60999999999999,727142.9999999999
PRD-1575,Personal Audio,Europe,93000.0,66000.0,75.15,25.18,29800.0,0.79,4.6,1330106.0000000002,49.970000000000006,1489106.0000000002
PRD-2184,Kitchen Appliances,North America,213000.0,165000.0,216.15,84.55,16500.0,0.83,4.7,1793400.0000000005,131.60000000000002,2171400.0000000005
PRD-3006,Gaming Gear,Middle East,176000.0,149000.0,172.89,77.04,5400.0,0.5,3.9,192589.99999999988,95.84999999999998,517589.9999999999
PRD-1684,Personal Audio,Asia-Pacific,77000.0,69000.0,62.39,20.37,37400.0,0.82,5.0,1425547.9999999998,42.019999999999996,1571547.9999999998
PRD-1710,Consumer Electronics,Latin America,173000.0,107000.0,169.59,68.2,9300.0,0.61,4.6,662927.0,101.39,942927.0
PRD-3202,Wearable Tech,Asia-Pacific,294000.0,175000.0,244.51,98.0,19800.0,0.8,4.8,2431898.0,146.51,2900898.0
PRD-2994,Kitchen Appliances,North America,227000.0,164000.0,236.85,89.89,16000.0,0.83,4.8,1960359.9999999995,146.95999999999998,2351359.9999999995
PRD-2733,Outdoor Tech,North America,189000.0,116000.0,154.65,68.48,10400.0,0.77,4.7,597168.0,86.17,896168.0
PRD-2572,Wearable Tech,Asia-Pacific,252000.0,209000.0,244.51,98.0,15600.0,0.8,4.6,1824556.0,146.51,2285556.0
PRD-1565,Kitchen Appliances,Europe,274000.0,170000.0,233.1,89.1,10800.0,0.78,4.4,1111200.0,144.0,1555200.0
PRD-3387,Office Equipment,Europe,97000.0,65000.0,97.01,33.32,15500.0,0.78,4.1,825195.0000000001,63.690000000000005,987195.0000000001
PRD-3289,Smart Home,Middle East,158000.0,120000.0,208.05,80.08,7100.0,0.53,3.9,630587.0000000001,127.97000000000001,908587.0000000001
PRD-3093,Outdoor Tech,North America,207000.0,120000.0,185.25,62.72,13500.0,0.77,4.5,1327155.0,122.53,1654155.0
PRD-1580,Consumer Electronics,Europe,360000.0,304969.99999999936,479.04,210.6,11800.0,0.86,4.5,2499592.0000000005,268.44000000000005,3167592.0000000005
PRD-2530,Health & Fitness,Latin America,93000.0,71000.0,97.51,36.0,11800.0,0.74,3.9,561818.0000000001,61.510000000000005,725818.0000000001
PRD-1750,Health & Fitness,Latin America,102000.0,78000.0,100.5,39.24,13100.0,0.74,4.7,622506.0,61.26,802506.0
PRD-1480,Health & Fitness,Latin America,100000.0,71000.0,97.51,36.0,13200.0,0.74,4.3,640932.0000000001,61.510000000000005,811932.0000000001
PRD-2251,Smart Home,North America,276000.0,231000.0,290.16,101.85,23700.0,0.95,4.5,3955947.000000001,188.31000000000003,4462947.000000001
PRD-1978,Home Automation,Asia-Pacific,225000.0,136000.0,207.48,73.72,13400.0,0.74,4.7,1431383.9999999998,133.76,1792383.9999999998
PRD-1483,Health & Fitness,Asia-Pacific,138000.0,105000.0,85.49,29.58,23000.0,0.78,5.0,1042930.0,55.91,1285930.0
PRD-2283,Outdoor Tech,North America,196000.0,121000.0,169.95,58.88,13800.0,0.78,4.4,1215766.0,111.07,1532766.0
PRD-1549,Smart Home,Middle East,149000.0,121000.0,201.48,90.64,7900.0,0.53,4.5,605635.9999999999,110.83999999999999,875635.9999999999
PRD-1348,Home Automation,Asia-Pacific,262000.0,164000.0,207.48,73.72,15900.0,0.74,4.5,1700784.0,133.76,2126784.0
PRD-2219,Health & Fitness,Middle East,139000.0,96000.0,150.12,53.04,7200.0,0.6,3.5,463976.0000000001,97.08000000000001,698976.0000000001
PRD-1707,Office Equipment,Europe,121000.0,56000.0,97.01,33.32,13800.0,0.78,4.3,701922.0000000001,63.690000000000005,878922.0000000001
PRD-3445,Personal Audio,Latin America,79000.0,45000.0,53.49,19.61,21500.0,0.69,4.0,604420.0,33.88,728420.0
PRD-2442,Smart Home,Europe,202000.0,115000.0,162.96,56.84,11900.0,0.81,4.0,945828.0,106.12,1262828.0
PRD-2426,Gaming Gear,North America,308000.0,250000.0,314.1,121.5,16800.0,0.89,5.0,2677680.0000000005,192.60000000000002,3235680.0000000005
PRD-1468,Home Automation,Europe,248000.0,166000.0,219.45,71.44,15100.0,0.74,4.8,1820951.0,148.01,2234951.0
PRD-2608,Home Automation,Asia-Pacific,260000.0,157000.0,207.48,73.72,17200.0,0.74,4.9,1883672.0,133.76,2300672.0
PRD-2592,Smart Home,Europe,160000.0,126000.0,158.47,63.8,12400.0,0.81,4.1,887908.0,94.67,1173908.0
PRD-2284,Personal Audio,Asia-Pacific,78000.0,53000.0,55.19,21.63,44100.0,0.82,4.4,1348996.0,33.56,1479996.0
PRD-3162,Smart Home,Europe,193000.0,122000.0,153.99,58.58,13300.0,0.81,4.7,953953.0000000002,95.41000000000001,1268953.0000000002
PRD-3005,Kitchen Appliances,Europe,250000.0,139000.0,256.41,95.04,13700.0,0.84,4.7,1821769.0,161.37,2210769.0
PRD-2075,Kitchen Appliances,Europe,250000.0,139000.0,271.95,92.07,14800.0,0.84,4.3,2273224.0,179.88,2662224.0
PRD-3415,Personal Audio,Latin America,69000.0,42010.0,47.49,16.84,19800.0,0.69,4.2,495870.0,30.650000000000002,606870.0
PRD-2875,Personal Audio,Latin America,67000.0,47000.0,54.99,17.39,20100.0,0.69,3.5,641760.0,37.6,755760.0
PRD-1808,Home Automation,Europe,250000.0,213000.0,236.61,87.36,20700.0,0.77,4.2,2626475.0,149.25,3089475.0
PRD-2336,Gaming Gear,North America,378000.0,268000.0,335.04,145.8,19700.0,0.89,4.5,3082028.0,189.24,3728028.0
PRD-2499,Consumer Electronics,Asia-Pacific,294000.0,242000.0,299.86,115.9,23200.0,0.85,5.0,3731872.0,183.96,4267872.0
PRD-1766,Gaming Gear,North America,315000.0,275000.0,345.51,129.6,18200.0,0.78,5.0,3339562.0,215.91,3929562.0
PRD-3383,Outdoor Tech,Europe,215000.0,131000.0,187.11,71.04,10100.0,0.61,4.1,826307.0,116.07000000000001,1172307.0
PRD-1417,Office Equipment,Latin America,98000.0,62000.0,73.01,28.0,7200.0,0.6,4.0,164072.00000000006,45.010000000000005,324072.00000000006
PRD-1257,Office Equipment,Europe,95000.0,59000.0,86.33,35.36,12100.0,0.78,4.0,462737.0,50.97,616737.0
PRD-2141,Consumer Electronics,North America,275000.0,155000.0,203.99,83.99,14900.0,0.84,4.4,1358000.0000000002,120.00000000000001,1788000.0000000002
PRD-1843,Health & Fitness,Asia-Pacific,116000.0,108000.0,82.79,33.48,30200.0,0.78,4.8,1265162.0000000002,49.31000000000001,1489162.0000000002
PRD-1880,Consumer Electronics,Europe,423959.9999999991,272000.0,449.1,175.5,12700.0,0.86,4.7,2778720.0000000005,273.6,3474720.0000000005
PRD-1019,Health & Fitness,Middle East,135000.0,85000.0,139.0,52.0,6800.0,0.55,3.9,371600.0,87.0,591600.0
PRD-2593,Health & Fitness,Asia-Pacific,127000.0,92000.0,88.19,32.5,24400.0,0.78,4.2,1139836.0,55.69,1358836.0
PRD-2760,Consumer Electronics,Latin America,163000.0,108000.0,169.59,68.2,8200.0,0.61,4.2,560398.0,101.39,831398.0
PRD-2842,Wearable Tech,Asia-Pacific,258000.0,169000.0,252.0,106.82,15500.0,0.8,3.9,1823290.0,145.18,2250290.0
PRD-1809,Consumer Electronics,Europe,356000.0,246000.0,290.29,130.54,22800.0,0.85,5.0,3040300.0000000005,159.75000000000003,3642300.0000000005
PRD-1120,Health & Fitness,Latin America,189000.0,69000.0,100.5,39.24,10300.0,0.74,4.5,442978.0,61.26,630978.0
PRD-3440,Consumer Electronics,Europe,360000.0,304969.99999999936,523.95,181.35,10000.0,0.86,4.2,2758000.0,342.6,3426000.0
PRD-2771,Consumer Electronics,North America,235000.0,178000.0,203.99,83.99,12500.0,0.84,4.6,1087000.0000000002,120.00000000000001,1500000.0000000002
PRD-1764,Kitchen Appliances,North America,191000.0,138000.0,216.15,84.55,16000.0,0.83,4.2,1776600.0000000005,131.60000000000002,2105600.0000000005
PRD-1756,Kitchen Appliances,Latin America,148000.0,82000.0,122.55,49.14,8200.0,0.69,3.9,371962.0,73.41,601962.0
PRD-2660,Consumer Electronics,Europe,392000.0,246000.0,538.92,198.9,11300.0,0.86,5.0,3204226.0,340.02,3842226.0
PRD-1950,Consumer Electronics,Latin America,152000.0,109000.0,155.19,64.48,8500.0,0.61,4.1,510035.0,90.71,771035.0
PRD-2893,Health & Fitness,Asia-Pacific,109000.0,109000.0,82.79,33.48,26600.0,0.78,4.4,1093646.0000000002,49.31000000000001,1311646.0000000002
PRD-2747,Gaming Gear,Asia-Pacific,187000.0,168000.0,188.99,63.24,18500.0,0.74,4.3,1971375.0,125.75,2326375.0
PRD-3294,Kitchen Appliances,North America,194000.0,145000.0,223.05,92.56,11400.0,0.83,5.0,1148586.0,130.49,1487586.0
PRD-2356,Kitchen Appliances,Latin America,150000.0,87000.0,134.16,52.38,9700.0,0.69,4.3,556266.0,81.78,793266.0
PRD-1656,Gaming Gear,Europe,216000.0,123000.0,184.29,74.88,5700.0,0.5,4.1,284637.0,109.41,623637.0
PRD-3261,Health & Fitness,North America,128000.0,89000.0,130.79,41.16,26200.0,0.8,4.9,2131306.0,89.63,2348306.0
PRD-1715,Kitchen Appliances,Europe,218000.0,184000.0,279.72,100.98,11400.0,0.84,4.5,1635636.0,178.74,2037636.0
PRD-3114,Kitchen Appliances,North America,213000.0,165000.0,250.65,87.22,15300.0,0.83,4.4,2122479.0,163.43,2500479.0
PRD-2000,Consumer Electronics,Europe,400000.0,274000.0,479.04,210.6,12100.0,0.86,5.0,2574124.0000000005,268.44000000000005,3248124.0000000005
PRD-1674,Kitchen Appliances,North America,235000.0,148000.0,229.95,81.88,12200.0,0.83,4.8,1423454.0,148.07,1806454.0
PRD-3381,Health & Fitness,North America,165000.0,90000.0,112.79,39.9,25000.0,0.8,4.1,1567250.0000000005,72.89000000000001,1822250.0000000005
PRD-3345,Personal Audio,Europe,83000.0,71000.0,87.15,25.97,29100.0,0.79,4.9,1626338.0000000002,61.18000000000001,1780338.0000000002
PRD-1093,Health & Fitness,Asia-Pacific,106000.0,95000.0,96.29,34.45,24600.0,0.78,4.4,1320264.0,61.84,1521264.0
PRD-1472,Wearable Tech,Europe,296000.0,186000.0,226.71,84.48,13200.0,0.77,4.7,1395436.0000000002,142.23000000000002,1877436.0000000002
PRD-1184,Wearable Tech,North America,272000.0,179000.0,278.07,113.85,18700.0,0.93,4.3,2619914.0,164.22,3070914.0
PRD-2230,Health & Fitness,Latin America,109000.0,59000.0,103.48,34.92,10900.0,0.74,3.7,579304.0,68.56,747304.0
PRD-1276,Kitchen Appliances,Latin America,139000.0,79000.0,118.68,55.62,10100.0,0.69,3.8,418906.0000000001,63.06000000000001,636906.0000000001
PRD-2307,Office Equipment,Europe,122000.0,59000.0,86.33,35.36,16000.0,0.78,3.6,634520.0,50.97,815520.0
PRD-2854,Personal Audio,Asia-Pacific,94000.0,52000.0,65.99,19.74,46995.99999999991,0.82,5.0,2027750.0,46.25,2173564.999999996
PRD-2795,Kitchen Appliances,Europe,238000.0,149000.0,256.41,95.04,10800.0,0.84,5.0,1355796.0,161.37,1742796.0
PRD-1400,Consumer Electronics,Europe,396000.0,260000.0,538.92,198.9,10300.0,0.86,4.6,2846206.0,340.02,3502206.0
PRD-2951,Consumer Electronics,North America,213000.0,153000.0,179.99,71.99,14400.0,0.84,4.5,1189200.0000000002,108.00000000000001,1555200.0000000002
PRD-3347,Gaming Gear,Asia-Pacific,189000.0,176000.0,167.39,67.32,22000.0,0.74,4.7,1836540.0,100.07,2201540.0
PRD-2979,Consumer Electronics,Europe,317000.0,251000.0,309.43,126.88,18900.0,0.85,5.0,2882195.0,182.55,3450195.0
PRD-3469,Smart Home,Middle East,144000.0,105000.0,227.76,85.36,8100.0,0.53,3.8,904439.9999999998,142.39999999999998,1153439.9999999998
PRD-1848,Office Equipment,North America,71000.0,53000.0,60.63,22.8,14200.0,0.73,3.6,413186.0,37.83,537186.0
PRD-2866,Kitchen Appliances,Latin America,136000.0,97000.0,126.42,54.0,8600.0,0.69,4.2,389812.0,72.42,622812.0
PRD-2406,Gaming Gear,Middle East,174000.0,142000.0,195.69,72.72,6900.0,0.5,3.5,532493.0,122.97,848493.0
PRD-2278,Home Automation,Asia-Pacific,262000.0,164000.0,195.51,76.0,14600.0,0.78,4.9,1318845.9999999998,119.50999999999999,1744845.9999999998
PRD-2427,Office Equipment,Europe,116000.0,60000.0,91.67,34.34,15300.0,0.78,3.9,701149.0,57.33,877149.0
PRD-1581,Health & Fitness,North America,161000.0,107000.0,130.79,41.16,23300.0,0.8,4.0,1820379.0,89.63,2088379.0
PRD-1476,Gaming Gear,Middle East,174000.0,142000.0,207.09,70.56,5400.0,0.5,4.2,366650.0,136.53,737262.0
PRD-2704,Personal Audio,Asia-Pacific,87000.0,65000.0,55.19,21.63,45400.0,0.82,4.9,1371624.0,33.56,1523624.0
PRD-2211,Health & Fitness,North America,137000.0,121000.0,130.79,41.16,29400.0,0.8,4.2,2377122.0,89.63,2635122.0
PRD-1429,Smart Home,Middle East,158000.0,120000.0,234.33,93.28,8300.0,0.53,4.2,892715.0,141.05,1170715.0
PRD-2978,Home Automation,Europe,303000.0,159000.0,250.95,84.63,17500.0,0.77,4.1,2448600.0,166.32,2910600.0
PRD-1101,Health & Fitness,North America,150000.0,103000.0,127.19,46.2,28200.0,0.8,5.0,2030918.0,80.99,2283918.0
PRD-2413,Health & Fitness,Asia-Pacific,138000.0,105000.0,98.99,30.55,32200.0,0.78,4.3,1960768.0,68.44,2203768.0
PRD-1618,Home Automation,Asia-Pacific,196000.0,132000.0,213.47,80.56,15700.0,0.74,4.9,1758687.0,132.91,2086687.0
PRD-3050,Consumer Electronics,Europe,376000.0,277000.0,479.04,210.6,10700.0,0.86,4.6,2219308.0000000005,268.44000000000005,2872308.0000000005
PRD-2603,Outdoor Tech,Europe,171000.0,143000.0,192.78,77.7,7700.0,0.61,3.8,572116.0,115.08,886116.0
PRD-2533,Health & Fitness,Asia-Pacific,131000.0,106000.0,85.49,29.58,30800.0,0.78,4.6,1485028.0,55.91,1722028.0
PRD-2826,Gaming Gear,Middle East,193000.0,126000.0,195.69,72.72,7100.0,0.5,4.0,554087.0,122.97,873087.0
PRD-1906,Kitchen Appliances,Latin America,160000.0,90000.0,118.68,55.62,8600.0,0.69,4.0,292316.0000000001,63.06000000000001,542316.0000000001
PRD-3357,Office Equipment,Europe,189000.0,60000.0,86.33,35.36,14200.0,0.78,4.3,547774.0,50.97,723774.0
PRD-3286,Kitchen Appliances,Latin America,150000.0,87000.0,126.42,54.0,8900.0,0.69,3.6,407538.0,72.42,644538.0
PRD-3125,Kitchen Appliances,Europe,235000.0,141000.0,271.95,92.07,13100.0,0.84,5.0,1980428.0,179.88,2356428.0
PRD-3092,Wearable Tech,Europe,247000.0,182000.0,219.84,95.04,12300.0,0.77,4.9,1106040.0,124.8,1535040.0
PRD-1910,Consumer Electronics,Europe,356000.0,294000.0,508.98,204.75,9100.0,0.86,4.5,2118493.0,304.23,2768493.0
PRD-2060,Consumer Electronics,Europe,388000.0,304969.99999999936,494.01,187.2,9600.0,0.86,4.6,2238376.0,306.81,2945376.0
PRD-1404,Kitchen Appliances,North America,231000.0,133000.0,223.05,92.56,12400.0,0.83,4.4,1254076.0,130.49,1618076.0
PRD-1044,Kitchen Appliances,North America,202000.0,129000.0,229.95,81.88,14500.0,0.83,4.6,1816015.0,148.07,2147015.0
PRD-1434,Kitchen Appliances,North America,194000.0,145000.0,250.65,87.22,13600.0,0.83,4.2,1883648.0,163.43,2222648.0
PRD-3434,Wearable Tech,North America,358000.0,202000.0,269.1,103.5,14700.0,0.93,4.7,1874320.0000000005,165.60000000000002,2434320.0000000005
PRD-2359,Smart Home,Middle East,158000.0,120000.0,221.19,95.92,7700.0,1.0,4.6,686579.0,125.27,964579.0
PRD-2637,Office Equipment,Europe,121000.0,56000.0,91.67,34.34,12700.0,0.78,3.6,551091.0,57.33,728091.0
PRD-3307,Office Equipment,Latin America,83000.0,49000.0,73.01,28.0,6700.0,0.6,3.5,169567.00000000006,45.010000000000005,301567.00000000006
PRD-1182,Smart Home,Europe,203000.0,121000.0,162.96,56.84,10800.0,0.81,4.7,822096.0,106.12,1146096.0
PRD-1682,Wearable Tech,Europe,229000.0,175000.0,226.71,84.48,16400.0,0.77,4.4,1928572.0000000005,142.23000000000002,2332572.0000000005
PRD-2455,Personal Audio,Latin America,66010.0,42010.0,54.99,17.39,19600.0,0.69,4.0,638960.0,37.6,736960.0
PRD-2017,Office Equipment,Latin America,99000.0,47000.0,79.72,29.68,8400.0,0.6,3.5,274336.0,50.04,420336.0
PRD-1448,Home Automation,Europe,300000.0,207000.0,243.78,95.55,16100.0,0.77,4.4,1879503.0000000005,148.23000000000002,2386503.0000000005
PRD-1349,Health & Fitness,Middle East,135000.0,83000.0,133.44,56.16,6200.0,0.6,3.7,261136.0,77.28,479136.0
PRD-3200,Consumer Electronics,Europe,408000.0,302000.0,464.07,193.05,11100.0,0.86,4.7,2298322.0,271.02,3008322.0
PRD-2473,Health & Fitness,Europe,134000.0,91000.0,82.79,33.48,25800.0,0.78,5.0,1047198.0000000002,49.31000000000001,1272198.0000000002
PRD-1151,Consumer Electronics,North America,283000.0,182000.0,209.99,74.39,13400.0,0.84,4.4,1352040.0000000002,135.60000000000002,1817040.0000000002
PRD-3227,Gaming Gear,Asia-Pacific,202000.0,174000.0,194.39,69.36,23100.0,0.74,4.4,2512192.9999999995,125.02999999999999,2888192.9999999995
PRD-2714,Wearable Tech,North America,275000.0,189000.0,287.04,124.2,20200.0,0.93,4.0,2825368.0000000005,162.84000000000003,3289368.0000000005
PRD-3076,Kitchen Appliances,Latin America,143000.0,92000.0,126.42,54.0,10700.0,0.69,3.9,539894.0,72.42,774894.0
PRD-3189,Consumer Electronics,Asia-Pacific,333000.0,237000.0,309.43,126.88,23700.0,0.85,4.8,3756435.0,182.55,4326435.0
PRD-2642,Wearable Tech,Europe,265000.0,189000.0,240.45,81.84,16500.0,0.77,4.6,2163064.9999999995,158.60999999999999,2617064.9999999995
PRD-3385,Personal Audio,Latin America,66010.0,42010.0,51.99,17.95,18100.0,0.69,3.5,518124.0000000001,34.040000000000006,616124.0000000001
PRD-3429,Consumer Electronics,Asia-Pacific,294000.0,242000.0,347.71,119.56,21500.0,0.85,4.3,4369224.999999999,228.14999999999998,4905224.999999999
PRD-2840,Consumer Electronics,Europe,356000.0,294000.0,479.04,210.6,12800.0,0.86,4.9,2786032.000000001,268.44000000000005,3436032.000000001
PRD-1303,Health & Fitness,Asia-Pacific,112000.0,89000.0,96.29,34.45,30800.0,0.78,5.0,1703672.0,61.84,1904672.0
PRD-2545,Personal Audio,Latin America,67000.0,49000.0,51.99,17.95,16900.0,0.69,3.5,459276.0000000001,34.040000000000006,575276.0000000001
PRD-2734,Personal Audio,Asia-Pacific,72000.0,51000.0,62.39,20.37,46995.99999999991,0.82,4.7,1940182.0,42.019999999999996,1974771.9199999962
PRD-2035,Personal Audio,Latin America,74000.0,44000.0,54.99,17.39,19000.0,0.69,3.5,596400.0,37.6,714400.0
PRD-1992,Smart Home,Europe,158000.0,120000.0,145.02,60.32,10400.0,0.81,4.8,602880.0000000002,84.70000000000002,880880.0000000002
PRD-2241,Health & Fitness,North America,158000.0,97000.0,119.99,38.64,21600.0,0.8,4.0,1502159.9999999998,81.35,1757159.9999999998
PRD-1571,Consumer Electronics,North America,230000.0,160000.0,209.99,74.39,13800.0,0.84,4.9,1481280.0000000002,135.60000000000002,1871280.0000000002
PRD-3046,Kitchen Appliances,Latin America,123000.0,85000.0,138.03,57.24,9900.0,0.69,4.1,591820.9999999999,80.78999999999999,799820.9999999999
PRD-2676,Gaming Gear,Middle East,177000.0,155000.0,201.39,79.2,6800.0,0.5,3.9,498891.9999999999,122.18999999999998,830891.9999999999
PRD-1284,Kitchen Appliances,North America,244000.0,132000.0,209.25,95.23,13100.0,0.83,4.1,1117662.0,114.02,1493662.0
PRD-3424,Personal Audio,Asia-Pacific,82000.0,68000.0,64.19,22.26,46995.99999999991,0.82,4.5,1946499.9999999995,41.92999999999999,1970542.279999996
PRD-2796,Consumer Electronics,Middle East,166000.0,115000.0,172.89,77.04,6500.0,0.5,4.2,342024.9999999999,95.84999999999998,623024.9999999999
PRD-1859,Health & Fitness,Middle East,122000.0,94000.0,125.1,46.8,5400.0,0.78,3.6,206820.0,78.3,422820.0
PRD-2891,Consumer Electronics,North America,220000.0,180000.0,215.99,81.59,17900.0,0.84,4.9,2005760.0,134.4,2405760.0
PRD-1111,Smart Home,North America,357000.0,244000.0,306.9,98.7,30700.0,0.95,4.4,5790740.0,208.2,6391740.0
PRD-3254,Wearable Tech,North America,288000.0,231000.0,304.98,120.75,19800.0,0.93,4.8,3128754.0000000005,184.23000000000002,3647754.0000000005
PRD-1737,Office Equipment,Europe,102000.0,128000.0,89.0,31.28,15000.0,0.78,4.1,702800.0,57.72,865800.0
PRD-3235,Personal Audio,Latin America,76000.0,48000.0,53.49,19.61,17300.0,0.69,4.3,462124.0,33.88,586124.0
PRD-1819,Consumer Electronics,Middle East,152000.0,98000.0,208.05,80.08,7800.0,0.53,3.8,748166.0000000001,127.97000000000001,998166.0000000001
PRD-3310,Health & Fitness,Latin America,118000.0,65000.0,94.53,32.76,46995.99999999991,0.74,4.2,459408.0,61.77,2902942.919999995
PRD-1467,Office Equipment,Europe,100000.0,128000.0,86.33,35.36,15200.0,0.78,3.7,599744.0,50.97,774744.0
PRD-2496,Gaming Gear,Middle East,195000.0,132000.0,184.29,74.88,6100.0,0.5,4.0,340401.0,109.41,667401.0
PRD-2610,Consumer Electronics,Latin America,149000.0,98000.0,174.39,60.76,7800.0,0.61,4.1,639314.0,113.63,886314.0
PRD-2149,Smart Home,Middle East,150000.0,127000.0,221.19,95.92,6100.0,0.53,3.8,487147.0,125.27,764147.0
PRD-2541,Health & Fitness,North America,135000.0,116000.0,112.79,39.9,23500.0,0.8,4.2,1461915.0000000002,72.89000000000001,1712915.0000000002
PRD-2335,Personal Audio,Latin America,66010.0,52000.0,51.99,17.95,20500.0,0.69,3.7,581820.0000000001,34.040000000000006,697820.0000000001
PRD-1993,Health & Fitness,Europe,126000.0,87000.0,98.99,30.55,31400.0,0.78,4.9,1936016.0,68.44,2149016.0
PRD-3359,Health & Fitness,Middle East,146000.0,91000.0,141.78,54.6,8200.0,0.6,3.5,477876.0,87.18,714876.0
PRD-3012,Smart Home,Europe,178000.0,112000.0,158.47,63.8,12800.0,0.81,4.6,921776.0,94.67,1211776.0
PRD-2194,Personal Audio,Asia-Pacific,95000.0,58000.0,58.79,21.0,46995.99999999991,0.82,5.0,1736500.0,37.79,1775978.8399999966
PRD-2308,Home Automation,Asia-Pacific,223000.0,177000.0,219.45,71.44,16000.0,0.74,4.7,1968160.0,148.01,2368160.0
PRD-2632,Wearable Tech,Asia-Pacific,244000.0,181000.0,252.0,106.82,46995.99999999991,0.8,4.2,2275348.0,145.18,6822879.279999987
PRD-1728,Office Equipment,North America,76000.0,52000.0,70.31,23.52,15000.0,0.73,4.4,573850.0000000001,46.790000000000006,701850.0000000001
PRD-2287,Office Equipment,Latin America,101000.0,53000.0,81.95,26.32,8400.0,0.78,3.7,313292.0,55.63,467292.0
PRD-2963,Outdoor Tech,Europe,196000.0,147000.0,187.11,71.04,9900.0,0.61,3.6,806093.0,116.07000000000001,1149093.0
PRD-1823,Outdoor Tech,Europe,186000.0,114000.0,198.45,68.82,8700.0,0.61,3.5,827781.0,129.63,1127781.0
PRD-2314,Personal Audio,Asia-Pacific,90000.0,58000.0,62.39,20.37,46995.99999999991,0.82,4.2,1864758.0,42.019999999999996,1974771.9199999962
PRD-2231,Consumer Electronics,North America,225000.0,198000.0,191.99,86.39,12800.0,0.84,4.9,928680.0,105.60000000000001,1351680.0
PRD-1558,Home Automation,Asia-Pacific,202000.0,155000.0,207.48,73.72,12900.0,0.74,4.2,1368503.9999999998,133.76,1725503.9999999998
PRD-2764,Personal Audio,Asia-Pacific,189000.0,56000.0,56.99,19.11,35700.0,0.82,4.5,1212316.0,37.88,1352316.0
PRD-2372,Wearable Tech,Europe,260000.0,172000.0,233.58,92.4,16700.0,0.77,4.2,1925706.0,141.18,2357706.0
PRD-2804,Consumer Electronics,North America,310000.0,239000.0,269.1,103.5,17700.0,0.93,4.5,2382120.0000000005,165.60000000000002,2931120.0000000005
PRD-2350,Health & Fitness,Latin America,103000.0,60000.0,109.45,33.84,10300.0,0.74,4.0,615783.0,75.61,778783.0
PRD-2361,Health & Fitness,North America,149000.0,98000.0,127.19,46.2,20300.0,0.8,4.3,1397097.0,80.99,1644097.0
PRD-2621,Consumer Electronics,North America,215000.0,162000.0,209.99,74.39,18000.0,0.84,4.5,2063800.0000000005,135.60000000000002,2440800.0000000005
PRD-1028,Home Automation,Europe,275000.0,185000.0,239.0,91.0,17500.0,0.78,4.6,2130000.0,148.0,2590000.0
PRD-2248,Home Automation,Asia-Pacific,230000.0,152000.0,213.47,80.56,13200.0,0.74,4.0,1372412.0,132.91,1754412.0
PRD-1555,Personal Audio,Latin America,69000.0,42010.0,53.49,19.61,22800.0,0.69,3.5,661464.0000000001,33.88,772464.0000000001
PRD-1439,Health & Fitness,Middle East,150000.0,77000.0,125.1,46.8,8000.0,0.78,4.2,399400.0,78.3,626400.0
PRD-2876,Gaming Gear,North America,392000.0,240000.0,355.98,141.75,19300.0,0.89,5.0,3502639.0000000005,214.23000000000002,4134639.0000000005
PRD-1801,Smart Home,North America,298000.0,240000.0,256.68,108.15,31200.0,0.95,4.2,4096136.0,148.53,4634136.0
PRD-3433,Health & Fitness,Asia-Pacific,114000.0,99000.0,88.19,32.5,26000.0,0.78,5.0,1234940.0,55.69,1447940.0
PRD-3031,Smart Home,North America,347000.0,211000.0,281.79,114.45,31200.0,0.95,4.8,4663008.000000001,167.34000000000003,5221008.000000001
PRD-2011,Smart Home,North America,313000.0,227000.0,256.68,108.15,26300.0,0.95,5.0,3366339.0,148.53,3906339.0
PRD-2031,Health & Fitness,North America,150000.0,103000.0,119.99,38.64,26200.0,0.8,4.3,1878370.0,81.35,2131370.0
PRD-2480,Consumer Electronics,Europe,423959.9999999991,286000.0,494.01,187.2,9900.0,0.86,5.0,2323419.0,306.81,3037419.0
PRD-1316,Gaming Gear,North America,340000.0,285000.0,376.92,137.7,46995.99999999991,0.89,4.7,5164124.000000001,239.22000000000003,11242383.11999998
PRD-2984,Wearable Tech,North America,282000.0,210000.0,296.01,110.4,20000.0,0.93,4.4,3220199.9999999995,185.60999999999999,3712199.9999999995
PRD-2228,Home Automation,Europe,278000.0,191000.0,236.61,87.36,14000.0,0.77,4.7,1620500.0,149.25,2089500.0
PRD-2725,Personal Audio,Europe,66010.0,43000.0,45.99,19.06,19400.0,0.69,3.5,418442.00000000006,26.930000000000003,522442.00000000006
PRD-2131,Smart Home,North America,295000.0,229000.0,273.42,105.0,25000.0,0.95,4.2,3686500.0,168.42000000000002,4210500.0
PRD-2781,Health & Fitness,North America,164000.0,118000.0,127.19,46.2,21100.0,0.8,4.8,1426889.0,80.99,1708889.0
PRD-1685,Kitchen Appliances,Europe,259000.0,171000.0,248.64,106.92,15600.0,0.84,4.7,1780831.9999999995,141.71999999999997,2210831.9999999995
PRD-1260,Consumer Electronics,Latin America,186000.0,112000.0,150.39,58.9,8300.0,0.61,4.3,461366.9999999999,91.48999999999998,759366.9999999999
PRD-1598,Home Automation,Europe,237000.0,128000.0,236.61,87.36,16800.0,0.77,4.5,2103400.0,149.25,2507400.0
PRD-3020,Consumer Electronics,Europe,423959.9999999991,255000.0,523.95,181.35,9700.0,0.86,4.8,2624220.0,342.6,3323220.0
PRD-2234,Wearable Tech,North America,352000.0,181000.0,278.07,113.85,16400.0,0.93,5.0,2160208.0,164.22,2693208.0
PRD-2102,Wearable Tech,Europe,255000.0,154000.0,226.71,84.48,16800.0,0.77,4.9,1980464.0000000005,142.23000000000002,2389464.0000000005
PRD-1569,Consumer Electronics,Asia-Pacific,294000.0,242000.0,319.0,112.24,24900.0,0.85,4.6,4612324.0,206.76,5148324.0
PRD-3468,Office Equipment,North America,81000.0,52000.0,58.7,25.68,13300.0,0.73,3.8,306166.00000000006,33.02,439166.00000000006
PRD-2560,Health & Fitness,Latin America,108000.0,77000.0,109.45,33.84,12800.0,0.74,3.7,782808.0,75.61,967808.0
PRD-1695,Personal Audio,Europe,87000.0,67000.0,79.95,24.38,28000.0,0.79,4.9,1401960.0000000002,55.57000000000001,1555960.0000000002
PRD-3135,Personal Audio,Europe,107000.0,76000.0,87.15,25.97,35700.0,0.79,4.1,2001126.0000000005,61.18000000000001,2184126.0000000005
PRD-3343,Health & Fitness,Asia-Pacific,138000.0,105000.0,93.59,31.53,30000.0,0.78,4.7,1618800.0,62.06,1861800.0
PRD-3292,Wearable Tech,Asia-Pacific,238000.0,162000.0,229.54,100.94,17500.0,0.8,4.2,1850500.0,128.6,2250500.0
PRD-1347,Consumer Electronics,Europe,107000.0,74000.0,80.99,36.38,15900.0,0.78,4.5,528298.9999999999,44.60999999999999,709298.9999999999
PRD-2589,Consumer Electronics,Asia-Pacific,330000.0,225000.0,347.71,119.56,20200.0,0.85,4.4,4053630.0,228.14999999999998,4608630.0
PRD-2695,Personal Audio,Latin America,73000.0,42010.0,50.49,20.17,17700.0,0.69,3.5,424664.0,30.32,536664.0
PRD-2196,Gaming Gear,Middle East,224000.0,150000.0,195.69,72.72,5600.0,0.5,3.8,314632.0,122.97,688632.0
PRD-1051,Smart Home,North America,270000.0,209000.0,298.53,111.3,26000.0,0.95,4.8,4388979.999999999,187.22999999999996,4867979.999999999
PRD-2578,Home Automation,Asia-Pacific,189000.0,144000.0,183.54,78.28,15900.0,0.74,4.0,1301633.9999999998,105.25999999999999,1673633.9999999998
PRD-2329,Smart Home,Middle East,186000.0,111000.0,240.9,82.72,7100.0,0.53,3.7,826078.0,158.18,1123078.0
PRD-3450,Consumer Electronics,Latin America,184000.0,106000.0,174.39,60.76,8400.0,0.61,4.0,664492.0,113.63,954492.0
PRD-3446,Gaming Gear,North America,347000.0,233000.0,345.51,129.6,20700.0,0.89,4.8,3889337.0,215.91,4469337.0
PRD-1382,Wearable Tech,Europe,268000.0,198000.0,240.45,81.84,15200.0,0.77,4.2,1944872.0,158.60999999999999,2410872.0
PRD-3271,Smart Home,North America,310000.0,216000.0,256.68,108.15,28600.0,0.95,4.3,3721958.0,148.53,4247958.0
PRD-2450,Consumer Electronics,Europe,372000.0,263000.0,538.92,198.9,8900.0,0.86,4.2,2391178.0,340.02,3026178.0
PRD-1368,Office Equipment,North America,90000.0,51000.0,58.7,25.68,17400.0,0.73,3.5,433548.0,33.02,574548.0
PRD-1108,Home Automation,Asia-Pacific,219000.0,161000.0,183.54,78.28,17400.0,0.74,3.9,1451523.9999999998,105.25999999999999,1831523.9999999998
PRD-1424,Wearable Tech,North America,333000.0,183000.0,313.95,106.95,16900.0,0.93,4.9,2982300.0,207.0,3498300.0
PRD-2672,Wearable Tech,Europe,221000.0,149000.0,219.84,95.04,11900.0,0.78,4.4,1115120.0,124.8,1485120.0
PRD-3099,Consumer Electronics,Asia-Pacific,297000.0,253000.0,328.57,123.22,17800.0,0.85,4.3,3105230.0,205.35,3655230.0
PRD-3273,Outdoor Tech,North America,191000.0,141000.0,164.85,66.56,10100.0,0.77,4.4,660728.9999999999,98.28999999999999,992728.9999999999
PRD-3282,Smart Home,Europe,182000.0,124000.0,162.96,56.84,12600.0,0.81,3.9,1031112.0,106.12,1337112.0
PRD-2839,Smart Home,Middle East,170000.0,124000.0,227.76,85.36,6300.0,0.53,4.7,603119.9999999999,142.39999999999998,897119.9999999999
PRD-2766,Gaming Gear,Middle East,189000.0,146000.0,189.99,66.24,6000.0,0.5,4.4,397500.0000000001,123.75000000000001,742500.0000000001
PRD-1768,Home Automation,Asia-Pacific,214000.0,146000.0,207.48,73.72,16300.0,0.74,4.4,1820288.0,133.76,2180288.0
PRD-1358,Home Automation,Europe,270000.0,163000.0,258.12,92.82,18600.0,0.77,5.0,2641580.0,165.3,3074580.0
PRD-1543,Health & Fitness,Asia-Pacific,134000.0,91000.0,88.19,32.5,28000.0,0.78,4.6,1334320.0,55.69,1559320.0
PRD-1419,Consumer Electronics,Asia-Pacific,370000.0,221000.0,328.57,123.22,24100.0,0.85,4.5,4357935.0,205.35,4948935.0
PRD-2105,Kitchen Appliances,Europe,209000.0,152000.0,248.64,106.92,10600.0,0.84,4.1,1141231.9999999998,141.71999999999997,1502231.9999999998
PRD-2475,Personal Audio,Europe,109000.0,83000.0,77.55,27.56,38200.0,0.79,4.1,1717617.9999999998,49.989999999999995,1909617.9999999998
PRD-2822,Wearable Tech,Europe,242000.0,165000.0,212.97,87.12,12500.0,0.77,4.5,1166125.0,125.85,1573125.0
PRD-2263,Health & Fitness,Asia-Pacific,128000.0,97000.0,82.79,33.48,31100.0,0.78,4.2,1308541.0000000002,49.31000000000001,1533541.0000000002
PRD-1022,Wearable Tech,Europe,260000.0,175000.0,229.0,88.0,14500.0,0.81,4.4,1609500.0,141.0,2044500.0
PRD-1375,Personal Audio,Latin America,76000.0,48000.0,48.99,18.5,20300.0,0.69,3.5,494947.0,30.490000000000002,618947.0
PRD-1437,Office Equipment,Europe,119000.0,70000.0,94.34,37.4,13900.0,0.78,3.9,602466.0000000001,56.940000000000005,791466.0000000001
PRD-2478,Consumer Electronics,Europe,83000.0,44000.0,60.63,22.8,18200.0,0.73,3.8,561506.0,37.83,688506.0
PRD-2298,Office Equipment,North America,90000.0,51000.0,68.37,26.4,16200.0,0.73,3.9,538914.0000000001,41.970000000000006,679914.0000000001
PRD-2596,Kitchen Appliances,Latin America,133000.0,88000.0,122.55,49.14,8700.0,0.69,3.8,417667.0,73.41,638667.0
PRD-1632,Smart Home,Europe,191000.0,116000.0,149.5,53.36,12300.0,0.81,3.9,875522.0,96.14,1182522.0
PRD-2098,Home Automation,Asia-Pacific,212000.0,138000.0,219.45,71.44,12600.0,0.74,3.9,1514926.0,148.01,1864926.0
PRD-1337,Gaming Gear,Asia-Pacific,237000.0,162000.0,194.39,69.36,24600.0,0.78,4.9,2676737.9999999995,125.02999999999999,3075737.9999999995
PRD-1302,Smart Home,Europe,193000.0,122000.0,140.53,55.1,10100.0,0.81,3.9,547843.0000000001,85.43,862843.0000000001
PRD-2010,Consumer Electronics,Latin America,201000.0,128000.0,159.99,57.04,10100.0,0.61,3.7,710795.0000000001,102.95000000000002,1039795.0000000001
PRD-2210,Consumer Electronics,Europe,420000.0,258000.0,479.04,210.6,10000.0,0.86,4.7,2006400.0000000005,268.44000000000005,2684400.0000000005
PRD-1352,Wearable Tech,Europe,231000.0,184000.0,212.97,87.12,13900.0,0.77,4.4,1334315.0,125.85,1749315.0
PRD-2557,Office Equipment,Latin America,103000.0,58000.0,68.54,28.84,8300.0,0.6,4.1,168510.0,39.7,329510.0
PRD-3400,Health & Fitness,Latin America,97000.0,61000.0,109.45,33.84,13400.0,0.74,4.7,855174.0,75.61,1013174.0
PRD-1761,Health & Fitness,North America,147000.0,92000.0,116.39,43.68,26500.0,0.8,5.0,1687815.0000000002,72.71000000000001,1926815.0000000002
PRD-2769,Consumer Electronics,Asia-Pacific,300000.0,265000.0,309.43,126.88,23000.0,0.85,4.3,3633650.0,182.55,4198650.0
PRD-2538,Office Equipment,North America,81000.0,52000.0,62.57,24.96,14600.0,0.73,3.5,416106.0,37.61,549106.0
PRD-3266,Gaming Gear,North America,378000.0,268000.0,314.1,121.5,18000.0,0.89,4.9,2820800.0000000005,192.60000000000002,3466800.0000000005
PRD-2458,Home Automation,Asia-Pacific,242000.0,143000.0,213.47,80.56,16600.0,0.74,4.8,1821306.0,132.91,2206306.0
PRD-1935,Personal Audio,Europe,105000.0,68000.0,72.75,28.36,38900.0,0.79,4.4,1553771.0,44.39,1726771.0
PRD-3010,Health & Fitness,Latin America,101000.0,74000.0,100.5,39.24,9500.0,0.74,4.0,406970.0,61.26,581970.0
