Product_ID,Product_Category,Launch_Region,Development_Cost,Launch_Marketing_Spend,Unit_Selling_Price,Unit_Production_Cost,First_Year_Units_Sold,Distribution_Coverage,Customer_Rating,First_Year_Profit
PRD-1032,Smart Home,Europe,189000,110000,136.05,62.06,10300,0.81,4.6,463097.0000000001
PRD-1253,Outdoor Tech,Europe,211000,118000,204.12,75.48,8100,0.61,4,712983.9999999999
PRD-2146,Kitchen Appliances,Latin America,143000,92000,134.16,52.38,7600,0.69,4.6,386528
PRD-2143,Health & Fitness,Asia-Pacific,136000,96000,96.29,34.45,32500,0.78,5,1777800
PRD-1378,Home Automation,Asia-Pacific,223000,177000,189.53,69.16,17200,0.74,4.3,1670364
PRD-1256,Gaming Gear,North America,350000,245000,366.45,125.55,20500,0.89,5,4343449.999999999
PRD-2987,Gaming Gear,Asia-Pacific,227000,171000,172.79,73.44,25300,0.74,4.9,2115555
PRD-2869,Smart Home,Middle East,142000,99000,208.05,80.08,6900,0.53,4.5,641993.0000000001
PRD-2675,Kitchen Appliances,Europe,252000,147000,240.87,98.01,11500,0.84,4.7,1243890.0000000002
PRD-1514,Wearable Tech,North America,368000,233000,296.01,110.4,21800,0.93,4.3,3445297.9999999995
PRD-2544,Kitchen Appliances,North America,242000,125000,209.25,95.23,14300,0.83,4.5,1263486
PRD-1148,Home Automation,Europe,256000,174000,258.12,92.82,14700,0.77,4.2,1999910
PRD-3323,Outdoor Tech,Europe,162000,111000,181.44,79.92,8600,0.61,4.5,600072
PRD-2833,Health & Fitness,Asia-Pacific,113000,94000,98.99,30.55,33000,0.78,4.8,2051520
PRD-2562,Smart Home,Europe,191000,116000,140.53,55.1,11300,0.81,4.3,658359.0000000001
PRD-1418,Home Automation,Europe,261000,192000,215.1,81.9,14500,0.77,4.6,1478399.9999999998
PRD-1691,Consumer Electronics,North America,215000,162000,179.99,71.99,13100,0.84,4.1,1037800.0000000002
PRD-2122,Wearable Tech,Asia-Pacific,272000,217000,266.97,103.88,13600,0.8,4.3,1729024.0000000005
PRD-2958,Office Equipment,North America,89000,46000,62.57,24.96,15000,0.73,3.9,429150
PRD-3318,Office Equipment,North America,74000,47000,60.63,22.8,19200,0.73,3.7,605336
PRD-2591,Consumer Electronics,North America,258000,203000,185.99,79.19,16700,0.84,4.7,1322560.0000000002
PRD-3191,Consumer Electronics,North America,260000,157000,203.99,83.99,12900,0.84,,1131000.0000000002
PRD-3475,Personal Audio,Latin America,67000,49000,48.99,18.5,15400,0.69,3.8,353546.00000000006
PRD-2998,Home Automation,Asia-Pacific,251000,174000,183.54,78.28,16300,0.74,4.5,1290737.9999999998
PRD-2041,Smart Home,North America,357000,244000,290.16,101.85,28600,0.95,4.8,4784666.000000001
PRD-1855,Personal Audio,Latin America,81000,50000,50.49,20.17,16500,0.69,3.6,369280
PRD-1681,Smart Home,North America,316000,238000,298.53,111.3,21800,0.95,5,3527613.999999999
PRD-2981,Consumer Electronics,,248000,167000,203.99,83.99,15800,0.84,4.3,1481000.0000000002
PRD-2674,Personal Audio,Asia-Pacific,75000,60000,60.59,22.89,41600,0.82,5,1433320.0000000002
PRD-1942,Wearable Tech,Asia-Pacific,297000,184000,244.51,98,-18300,0.8,4.4,2200133
PRD-1559,Health & Fitness,Middle East,,78000,133.44,56.16,7700,0.6,3.5,375056
PRD-2344,Personal Audio,Asia-Pacific,76000,63000,56.99,19.11,34400,0.82,5,1164072
PRD-3326,Gaming Gear,North America,368000,230000,324.57,133.65,21700,0.89,4.5,3544963.9999999995
PRD-2941,Smart Home,North America,313000,227000,298.53,111.3,24200,0.95,4.3,3990965.999999999
PRD-2378,Home Automation,Europe,300000,207000,229.44,98.28,14700,0.77,4.8,1421052
PRD-2138,Home Automation,Europe,248000,204000,250.95,84.63,16500,0.77,4.2,2292280
PRD-2389,Smart Home,Middle East,182000,95000,201.48,90.64,8400,0.53,4.4,654055.9999999999
PRD-1708,Home Automation,Asia-Pacific,221000,169000,201.5,82.84,13600,0.74,4.3,1223776
PRD-2265,Personal Audio,Europe,105000,65000,77.55,27.56,30500,0.79,4.4,1354694.9999999998
PRD-3420,Consumer Electronics,Latin America,159000,132000,155.19,64.48,7600,0.61,4.2,398396
PRD-2786,Gaming Gear,North America,354000,258000,376.92,137.7,22100,0.89,4.8,4674762.000000001
PRD-1957,Office Equipment,Latin America,102000,56000,77.48,27.16,7100,0.6,3.7,199272.00000000006
PRD-2908,Home Automation,Asia-Pacific,225000,136000,195.51,76,18500,0.74,4,1849935
PRD-2018,Home Automation,Europe,264000,202000,236.61,87.36,17300,0.77,5,2116025
PRD-2909,health & fitness,Middle East,155000,94000,125.1,46.8,7300,0.6,4.3,322590
PRD-1007,Gaming Gear,Asia-Pacific,210000,160000,179.99,68,22000,0.78,4.8,2093780
PRD-2332,Wearable Tech,Asia-Pacific,286000,,266.97,103.88,17300,0.8,4,2330457.0000000005
PRD-2337,Office Equipment,Europe,103000,64000,97.01,33.32,11600,0.78,4.5,571804
PRD-2980,Health & Fitness,Latin America,119000,69000,109.45,33.84,13100,0.74,4.2,802491
PRD-1882,Wearable Tech,Asia-Pacific,305000,213000,237.03,89.18,15300,0.8,4.8,1744105
PRD-2068,Home Automation,Asia-Pacific,251000,174000,195.51,76,17600,0.74,4.1,1678376
PRD-2416,Kitchen Appliances,Latin America,146000,74000,138.03,57.24,11400,0.69,3.9,701005.9999999999
PRD-1986,Gaming Gear,Middle East,215000,116000,195.69,72.72,6700,0.5,4.1,492899
PRD-1126,Kitchen Appliances,Latin America,127000,98000,122.55,49.14,9700,0.69,3.7,487077
PRD-1589,Health & Fitness,Middle East,119000,85000,150.12,53.04,5500,0.6,4.3,329940.0000000001
PRD-2380,Health & Fitness,Latin America,118000,,100.5,39.24,11300,0.74,3.8,509238
PRD-3331,Smart Home,North America,301000,251000,265.05,95.55,22600,0.95,5,3278700
PRD-2579,Health & Fitness,Middle East,115000,72000,145.95,48.36,6200,0.6,4.3,418057.9999999999
PRD-1545,Personal Audio,Europe,109000,83000,82.35,26.77,41000,0.79,4.8,2086780
PRD-2182,Wearable Tech,Asia-Pacific,263000,188000,274.45,92.12,16600,0.8,3.9,2575677.9999999995
PRD-2382,Smart Home,Europe,207000,133000,158.47,63.8,14800,0.81,4.4,1061116
PRD-2737,Office Equipment,Latin America,95000,51000,75.25,30.52,6200,0.6,4,131326
PRD-3177,Office Equipment,Europe,125000,,97.01,33.32,12400,0.78,4.4,595756.0000000001
PRD-2947,Office Equipment,Latin America,99000,47000,75.25,30.52,7800,0.6,3.7,202894.00000000006
PRD-1818,Office Equipment,North America,85000,49000,66.44,24.24,12800,0.73,3.8,406160
PRD-3113,Outdoor Tech,Europe,211000,118000,181.44,79.92,10200,,3.7,706504
PRD-1991,Consumer Electronics,North America,255000,194000,209.99,74.39,14300,0.84,4.3,1490080.0000000002
PRD-1267,Office Equipment,Latin America,91000,57000,75.25,30.52,6900,,3.9,160637
PRD-2249,Health & Fitness,Middle East,116000,77000,137.61,49.92,7800,0.6,4.3,490982.0000000001
PRD-1143,Outdoor Tech,North America,187000,129000,180.15,70.4,12200,0.77,4.3,1022950
PRD-2305,Personal Audio,Latin America,76000,48000,45.99,19.06,18800,0.69,3.9,382284.00000000006
PRD-2273,Outdoor Tech,Europe,173000,150000,181.44,79.92,9700,0.61,3.8,661744
PRD-2810,Consumer Electronics,Europe,424000,272000,523.95,181.35,11800,0.86,5,3346680.0000000005
PRD-1232,Wearable Tech,Europe,247000,182000,247.32,89.76,14600,0.77,4.1,1871376
PRD-1381,Smart Home,North America,267000,198000,256.68,108.15,30400,0.95,4.8,4050312
PRD-1645,Personal Audio,Latin America,77000,39000,50.49,20.17,20100,0.69,3.9,493432
PRD-2784,Kitchen Appliances,North America,216000,128000,236.85,89.89,12900,0.83,5,1551783.9999999998
PRD-2656,Kitchen Appliances,Latin America,129000,76000,126.42,54,10500,0.69,4.5,555410
PRD-1235,Kitchen Appliances,Europe,276000,178000,271.95,92.07,14000,0.84,4.4,2064320
PRD-2299,Smart Home,Middle East,163000,102000,214.62,88,6400,0.53,3.9,545368
PRD-2050,Health & Fitness,Latin America,119000,69000,94.53,32.76,9400,0.74,3.8,392638
PRD-2396,Gaming Gear,North America,368000,230000,345.51,129.6,23400,0.89,5,4454294
PRD-2780,Consumer Electronics,Europe,368000,249000,464.07,193.05,10800,0.86,4.2,2310016
PRD-1743,Outdoor Tech,North America,189000,135000,159.75,60.8,14000,0.77,4.7,1061300
PRD-3375,Personal Audio,Europe,96000,77000,79.95,24.38,32200,0.79,4.7,1616354.0000000002
PRD-2696,Gaming Gear,North America,315000,275000,324.57,133.65,16600,0.89,5,2579272
PRD-2462,Wearable Tech,Europe,289000,159000,219.84,95.04,14600,0.77,4.7,1374080
PRD-1084,Personal Audio,Asia-Pacific,77000,66000,56.99,19.11,47900,0.82,4.7,1671452.0000000002
PRD-2342,Wearable Tech,Europe,224000,158000,206.1,79.2,15400,0.77,4.4,1572259.9999999998
PRD-2497,Office Equipment,Latin America,77000,50000,81.95,26.32,6900,0.6,3.5,256847
PRD-3223,Health & Fitness,Asia-Pacific,108000,105000,88.19,32.5,31400,0.78,4.4,1535666
PRD-3364,Personal Audio,Asia-Pacific,85000,59000,62.39,20.37,42400,0.82,4.9,1637647.9999999998
PRD-3249,Consumer Electronics,Asia-Pacific,323000,202000,319,112.24,18700,0.85,4.4,3341412
PRD-2663,Outdoor Tech,Europe,165000,124000,198.45,68.82,9200,0.61,4.5,903596
PRD-1062,Smart Home,Europe,158000,120000,153.99,58.58,11400,0.81,4.4,809674.0000000002
PRD-2879,Health & Fitness,Middle East,136000,88000,137.61,49.92,6700,0.6,3.5,363523.0000000001
PRD-2896,Kitchen Appliances,Latin America,155000,77000,141.9,50.76,9500,0.69,4,633830.0000000001
PRD-2925,Personal Audio,Europe,103000,80000,87.15,25.97,28000,0.79,4.4,1530040.0000000002
PRD-2250,Consumer Electronics,Latin America,180000,130000,145.59,66.34,9200,0.61,4.3,419100
PRD-1269,Consumer Electronics,Asia-Pacific,343000,200000,338.14,134.2,23200,0.85,4.4,4188408
PRD-1436,Gaming Gear,North America,319000,288000,324.57,133.65,23200,0.89,5,3822344
PRD-1594,Personal Audio,Asia-Pacific,94000,55000,65.99,19.74,43300,0.82,4.6,1853625
PRD-2410,Health & Fitness,Latin America,100000,71000,91.54,37.08,12300,0.74,4.7,498858.0000000001
PRD-2383,Health and Fitness,Asia-Pacific,121000,98000,88.19,32.5,29700,0.78,4.5,1434993
PRD-2137,Office Equipment,Latin America,94000,48000,68.54,28.84,8100,0.6,3.6,179570
PRD-1519,Smart Home,Middle East,177000,112000,221.19,95.92,7300,0.53,4.7,625471
PRD-2508,Office Equipment,North America,70000,48000,68.37,26.4,13100,0.73,3.6,431807.0000000001
PRD-2044,Personal Audio,Asia-Pacific,88000,52000,60.59,22.89,48300,0.82,4.9,1680910.0000000002
PRD-3327,Office Equipment,Europe,100000,75000,94.34,37.4,13000,0.78,4.5,565220.0000000001
PRD-3253,Health & Fitness,Asia-Pacific,125000,83000,98.99,30.55,22400,0.78,4.2,1325056
PRD-2671,Smart Home,North America,307000,205000,290.16,101.85,24400,0.95,5,4082764.000000001
PRD-2895,Personal Audio,Europe,89000,74000,77.55,27.56,39200,0.79,4.6,1796607.9999999998
PRD-1954,Personal Audio,Asia-Pacific,79000,56000,64.19,22.26,37000,0.82,4.4,1416409.9999999998
PRD-1677,Office Equipment,Europe,106000,71000,86.33,35.36,12600,0.78,4.5,465222
PRD-3379,Smart Home,Middle East,177000,112000,240.9,82.72,6100,0.53,4.4,675898
PRD-2415,Personal Audio,Europe,83000,71000,75.15,25.18,31900,0.79,4.5,1440043.0000000002
PRD-2185,Personal Audio,Latin America,80000,48000,53.49,19.61,19800,0.69,3.6,542824
PRD-2623,Health & Fitness,Asia-Pacific,107000,100000,98.99,30.55,26900,0.78,5,1634036
PRD-1333,Health & Fitness,Asia-Pacific,128000,97000,88.19,32.5,33300,0.78,4.9,1629477
PRD-2750,Consumer Electronics,Europe,436000,314000,508.98,204.75,9800,0.86,4.4,2231454
PRD-3272,Wearable Tech,Europe,224000,158000,240.45,81.84,14200,0.77,4.8,1870262
PRD-3489,Consumer Electronics,Asia-Pacific,284000,207000,290.29,130.54,25400,0.85,5,3566650.000000001
PRD-2983,Health & Fitness,Asia-Pacific,122000,103000,96.29,34.45,22700,0.78,4.9,1178768
PRD-1076,Gaming Gear,North America,382000,280000,335.04,145.8,17800,0.89,5,2706472
PRD-3115,Personal Audio,Latin America,80000,48000,50.49,20.17,18200,0.69,4,423824
PRD-1838,Home Automation,Europe,289000,170000,215.1,81.9,15100,0.77,5,1552319.9999999998
PRD-3054,Kitchen Appliances,North America,220000,142000,243.75,97.9,12800,0.83,4.4,1504880
PRD-2302,Wearable Tech,Asia-Pacific,246000,190000,237.03,89.18,15800,0.8,4.2,1900030
PRD-2915,Kitchen Appliances,Europe,223000,150000,271.95,92.07,15600,0.84,4.2,2433128
PRD-2928,Office Equipment,North America,78000,57000,68.37,26.4,13600,0.73,4.1,435792.0000000001
PRD-1252,Wearable Tech,Asia-Pacific,263000,188000,237.03,89.18,18000,,4.6,2210300
PRD-1435,Personal Audio,Latin America,74000,41000,50.49,20.17,16000,0.69,4.2,370120
PRD-2526,Gaming Gear,Middle East,222000,143000,207.09,70.56,6600,0.5,3.8,536098
PRD-2946,Gaming Gear,Middle East,181000,127000,207.09,70.56,6800,0.5,4.3,620404
PRD-2063,Outdoor Tech,Europe,163000,117000,181.44,79.92,7800,0.61,4.1,511856
PRD-2629,Smart Home,Middle East,162000,97000,227.76,85.36,7600,0.53,3.9,823239.9999999998
PRD-1696,Kitchen Appliances,Latin America,153000,95000,118.68,55.62,10400,0.69,4.3,407824.0000000001
PRD-2169,Consumer Electronics,Asia-Pacific,297000,253000,347.71,119.56,19600,0.85,5,3921740
PRD-2806,Kitchen Appliances,Latin America,140000,83000,122.55,49.14,10800,0.69,4.6,569828
PRD-1522,Wearable Tech,Asia-Pacific,269000,207000,244.51,98,17800,0.8,3.9,2131878
PRD-1622,Wearable Tech,Europe,237000,201000,219.84,95.04,13800,0.77,4.8,1284240
PRD-2818,Home Automation,Asia-Pacific,200000,147000,207.48,73.72,14300,0.74,4.6,1565767.9999999998
PRD-1240,Health & Fitness,Latin America,112000,69000,106.47,38.16,9700,0.74,3.7,481607
PRD-1781,Consumer Electronics,North America,243000,205000,209.99,74.39,17100,0.84,4.6,1870760.0000000005
PRD-2191,Smart Home,North America,285000,196000,281.79,114.45,29600,0.95,4.9,4472264.000000001
PRD-2903,Outdoor Tech,Europe,201000,126000,181.44,79.92,8300,0.61,4,515616
PRD-2586,Gaming Gear,Middle East,216000,123000,172.89,77.04,5300,0.5,4.5,169004.99999999988
PRD-1015,Personal Audio,Latin America,70000,45000,49.99,18.5,19000,0.62,3.8,483310
PRD-1473,Outdoor Tech,North America,185000,123000,154.65,68.48,14200,0.77,4.3,915614
PRD-1156,Kitchen Appliances,Latin America,147000,78000,138.03,57.24,10500,0.69,4.6,623294.9999999999
PRD-1740,Consumer Electronics,Latin America,198000,116000,155.19,64.48,10100,0.61,4.4,602170.9999999999
PRD-2188,Home Automation,Asia-Pacific,237000,175000,207.48,73.72,16800,0.74,4.4,1835168
PRD-1861,Smart Home,North America,288000,207000,265.05,95.55,25200,0.95,4.9,3776400
PRD-3338,Home Automation,Europe,253000,165000,243.78,95.55,14900,0.77,5,1790627.0000000005
PRD-1996,Kitchen Appliances,Latin America,132000,84000,138.03,57.24,11100,0.69,4.5,680768.9999999999
PRD-1147,Office Equipment,Latin America,96000,56000,70.78,25.48,7300,0.6,3.6,178690
PRD-2294,Wearable Tech,North America,342000,214000,287.04,124.2,19700,0.93,4.6,2651948.0000000005
PRD-2472,smart home,Europe,171000,125000,149.5,53.36,13000,0.81,3.8,953820
PRD-2192,Wearable Tech,Europe,283000,196000,212.97,87.12,14800,0.77,4.3,1383580
PRD-3304,Personal Audio,Asia-Pacific,88000,68000,60.59,22.89,34900,0.82,4.2,1159730
PRD-1461,Health & Fitness,North America,170000,106000,123.59,42.42,24500,0.8,4.8,1712665
PRD-1314,Kitchen Appliances,North America,207000,144000,236.85,89.89,14300,0.83,5,1750527.9999999995
PRD-3428,Home Automation,Europe,283000,209000,229.44,98.28,19600,0.77,4.4,2078736
PRD-2483,Outdoor Tech,Europe,182000,142000,181.44,79.92,8100,0.61,3.5,498312
PRD-2066,Gaming Gear,North America,371000,243000,324.57,133.65,19900,0.89,5,3185307.9999999995
PRD-1700,Consumer Electronics,Europe,460000,311000,508.98,204.75,11200,0.86,4.8,2636376
PRD-2414,Wearable Tech,North America,323000,216000,304.98,120.75,18700,0.93,4.9,2906101.0000000005
PRD-2279,Health & Fitness,Middle East,135000,83000,125.1,46.8,5600,0.6,4.1,220480
PRD-1961,Consumer Electronics,North America,220000,180000,185.99,79.19,12900,0.84,4.5,977720.0000000002
PRD-2587,Office Equipment,Latin America,87000,63000,77.48,27.16,9000,0.6,3.9,302880.00000000006
PRD-1296,Gaming Gear,Middle East,191000,119000,189.99,66.24,6600,0.5,4.3,506750.0000000001
PRD-1491,Health & Fitness,North America,144000,114000,112.79,39.9,26700,0.8,4.6,1688163.0000000005
PRD-1031,Consumer Electronics,North America,220000,180000,197.99,76.79,14100,0.84,4.1,1308920
PRD-1216,Kitchen Appliances,Latin America,143000,92000,141.9,50.76,8400,,4.2,530576.0000000001
PRD-2738,Home Automation,Europe,250000,213000,222.27,90.09,19300,0.77,4.6,2088074
PRD-2454,Kitchen Appliances,North America,218000,135000,223.05,92.56,16300,0.83,5,1773987
PRD-3070,Health & Fitness,Latin America,98000,64000,103.48,34.92,11500,0.74,4.7,626440
PRD-2020,Health & Fitness,Latin America,104000,63000,103.48,34.92,13000,0.74,4,724280
PRD-2666,Gaming Gear,North America,375000,255000,355.98,141.75,23200,0.89,4.5,4340136
PRD-2167,Office Equipment,Latin America,78000,52000,77.48,27.16,8700,0.6,3.5,307784.00000000006
PRD-1482,Smart Home,Europe,176000,106000,153.99,58.58,11800,0.81,3.8,843838.0000000002
PRD-2829,Consumer Electronics,Asia-Pacific,290000,230000,319,112.24,18100,0.85,5,3222356
PRD-1272,Smart Home,Europe,167000,113000,153.99,58.58,14100,0.81,4.1,1065281.0000000002
PRD-3281,Consumer Electronics,North America,288000,200000,191.99,86.39,17000,0.84,4.5,1307200.0000000002
PRD-3275,Kitchen Appliances,Europe,254000,155000,264.18,103.95,13600,0.84,4,1770128.0000000005
PRD-2260,Health & Fitness,,91000,65000,94.53,32.76,11900,0.74,4.6,579063
PRD-2117,Gaming Gear,Asia-Pacific,221000,147000,188.99,63.24,22000,0.74,5,2398500
PRD-3325,Personal Audio,Latin America,62000,45000,50.49,20.17,22400,0.69,3.7,572168
PRD-1379,Health & Fitness,Middle East,154000,,150.12,53.04,6800,0.6,3.5,416144.0000000001
PRD-3362,Wearable Tech,Europe,252000,200000,226.71,84.48,12200,0.77,4.2,1283206.0000000002
PRD-2865,Personal Audio,Europe,105000,68000,84.75,29.15,36100,0.79,4.8,1834160
PRD-1239,Consumer Electronics,Asia-Pacific,297000,253000,299.86,115.9,21300,0.85,4.6,3368348
PRD-1089,Consumer Electronics,Asia-Pacific,373000,232000,309.43,126.88,20400,0.85,4.5,3119020
PRD-1783,Health & Fitness,Asia-Pacific,120000,93000,98.99,30.55,25200,0.78,5,1511688
PRD-2767,Office Equipment,Latin America,79000,55000,68.54,28.84,6800,0.6,3.8,135960
PRD-1810,Health & Fitness,Latin America,99000,67000,103.48,34.92,10500,0.74,4.3,553880
PRD-3498,Office Equipment,North America,92000,56000,66.44,24.24,14700,0.73,3.6,472340
PRD-1601,Consumer Electronics,North America,265000,175000,191.99,86.39,15200,0.84,4.7,1165120.0000000002
PRD-1807,Office Equipment,Latin America,95000,51000,79.72,29.68,6800,0.6,3.6,194272
PRD-2266,Kitchen Appliances,Latin America,134000,,141.9,50.76,11000,0.69,3.8,775540.0000000001
PRD-2554,Personal Audio,Asia-Pacific,80000,59000,56.99,19.11,43700,0.82,4.8,1516356
PRD-3062,Wearable Tech,Europe,291000,168000,240.45,81.84,17000,0.77,4,2237369.9999999995
PRD-2718,Office Equipment,North America,74000,45000,68.37,26.4,16600,0.73,4.4,577702.0000000001
PRD-1730,Consumer Electronics,Europe,392000,246000,464.07,193.05,12200,0.86,4.6,2668444
PRD-3279,Consumer Electronics,Asia-Pacific,370000,221000,290.29,130.54,20600,,5,2699850.0000000005
PRD-2965,Personal Audio,Latin America,74000,44000,51.99,17.95,17500,0.69,3.9,477700.0000000001
PRD-1097,Gaming Gear,Asia-Pacific,197000,158000,172.79,73.44,17800,0.74,4.3,1413430
PRD-2179,Smart Home,Middle East,173000,101000,201.48,90.64,6800,0.53,4.7,479711.9999999999
PRD-1608,Office Equipment,North America,81000,52000,66.44,24.24,15800,0.73,4.1,533760
PRD-1140,Consumer Electronics,Latin America,196000,110000,174.39,60.76,8700,0.61,4,682581
PRD-2012,Wearable Tech,Europe,226000,166000,240.45,81.84,12900,0.77,4.4,1654068.9999999998
PRD-1446,Gaming Gear,Middle East,207000,131000,184.29,74.88,6800,0.5,4.4,405988
PRD-1190,Consumer Electronics,Europe,376000,277000,538.92,198.9,12400,0.86,4.9,3563248
PRD-3384,Kitchen Appliances,North America,218000,135000,209.25,95.23,15200,0.83,4.4,1380104
PRD-2636,Gaming Gear,North America,326000,235000,314.1,121.5,21300,0.89,4.7,3541380.0000000005
PRD-1912,Wearable Tech,Asia-Pacific,258000,169000,266.97,103.88,16800,0.8,4.6,2312912.0000000005
PRD-1631,Consumer Electronics,North America,223000,189000,215.99,81.59,16500,0.84,4.5,1805600
PRD-2124,Kitchen Appliances,North America,220000,142000,209.25,95.23,13900,0.83,5,1222878
PRD-2053,Health & Fitness,Asia-Pacific,122000,103000,82.79,33.48,24900,0.78,4.5,1002819.0000000002
PRD-1027,Office Equipment,Latin America,90000,55000,74.5,28,7600,0.59,3.7,208400
PRD-1625,Kitchen Appliances,Europe,266000,146000,240.87,98.01,13200,0.84,4,1473752.0000000002
PRD-1167,Office Equipment,Europe,117000,63000,91.67,34.34,14100,0.78,4.6,628353
PRD-1233,Outdoor Tech,North America,207000,120000,169.95,58.88,10500,0.77,4.8,839235
PRD-3436,Kitchen Appliances,Latin America,161000,94000,122.55,49.14,9300,0.69,3.7,427713
PRD-1841,Consumer Electronics,North America,235000,178000,215.99,81.59,13700,0.84,4.2,1428280
PRD-1328,Home Automation,,316000,205000,229.44,98.28,17000,0.77,4.1,1708720
PRD-2392,Wearable Tech,Asia-Pacific,277000,177000,274.45,92.12,13400,0.8,4.7,1989222
PRD-2352,smart home,Europe,182000,124000,140.53,55.1,13600,0.81,4.6,855848
PRD-1647,Office Equipment,Europe,124000,66000,94.34,37.4,11300,0.78,3.6,453422
PRD-3476,Gaming Gear,North America,396000,253000,314.1,121.5,22600,0.89,4.6,3703760.000000001
PRD-3260,Consumer Electronics,Europe,396000,260000,479.04,210.6,13100,0.86,4.3,2860564.000000001
PRD-3003,Outdoor Tech,North America,187000,129000,159.75,60.8,10300,0.77,4,703185
PRD-3149,Health & Fitness,Middle East,139000,96000,141.78,54.6,6700,0.6,3.8,349106
PRD-1806,Gaming Gear,Middle East,172000,135000,178.59,68.4,6000,0.5,4.2,354140
PRD-2255,Kitchen Appliances,Europe,228000,166000,240.87,98.01,11100,0.84,4.2,1191746.0000000002
PRD-3448,Home Automation,Asia-Pacific,235000,167000,207.48,73.72,18200,0.74,4.8,2032432
PRD-3309,Consumer Electronics,Asia-Pacific,314000,2868000,328.57,123.22,22600,0.85,5,4087910
PRD-2209,,Middle East,145000,110000,227.76,85.36,7400,0.53,4.5,798759.9999999998
PRD-2328,Office Equipment,North America,77000,55000,62.57,24.96,17600,0.73,3.7,529936
PRD-1195,Personal Audio,Latin America,60000,41000,54.99,17.39,17900,0.69,3.6,572040
PRD-2178,Office Equipment,North America,70000,50000,64.5,22.08,17000,0.73,3.6,601140
PRD-3291,,North America,149000,98000,119.99,38.64,28400,0.8,4.7,2063340
PRD-2599,Smart Home,Middle East,190000,122000,201.48,90.64,7000,0.53,4.1,463879.9999999999
PRD-1902,Smart Home,Europe,194000,128000,153.99,58.58,12100,0.81,4.3,832461.0000000002
PRD-1683,Outdoor Tech,North America,194000,115000,154.65,68.48,11900,0.77,4,716423
PRD-1273,Health & Fitness,Asia-Pacific,132000,82000,85.49,29.58,28300,0.78,4.2,1368253
PRD-2090,Consumer Electronics,Europe,444000,255000,449.1,175.5,10600,0.86,4.4,2201160.0000000005
PRD-1393,Health & Fitness,Asia-Pacific,125000,83000,90.89,35.43,26900,0.78,4.5,1283874
PRD-2735,Kitchen Appliances,Europe,245000,173000,248.64,106.92,13900,0.84,4.3,1551907.9999999995
PRD-1886,Gaming Gear,North America,403000,278000,366.45,125.55,17200,0.89,5,3462479.9999999995
PRD-3218,Home Automation,Europe,270000,163000,229.44,98.28,15800,0.77,4.7,1639328
PRD-2673,Outdoor Tech,North America,189000,135000,185.25,62.72,13100,0.77,4,1281143
PRD-2290,Health & Fitness,Latin America,106000,70000,106.47,38.16,12900,0.74,,705199
PRD-1398,Office Equipment,North America,77000,55000,66.44,24.24,18900,0.73,4.4,665580
PRD-1046,Gaming Gear,North America,333000,,366.45,125.55,24400,0.89,5,5284959.999999999
PRD-3026,Gaming Gear,North America,312000,263000,345.51,129.6,20100,0.89,5,3764791
PRD-1297,Office Equipment,Latin America,104000,61000,68.54,28.84,7600,0.6,3.7,136720
PRD-1288,Home Automation,Asia-Pacific,198000,140000,201.5,82.84,13100,0.74,4.9,1216446
PRD-1085,Kitchen Appliances,Europe,257000,163000,279.72,100.98,13500,0.84,4.3,1992990
PRD-2751,Health & Fitness,North America,143000,109000,112.79,39.9,28900,0.8,5,1854521.0000000005
PRD-3152,Wearable Tech,Europe,239000,156000,226.71,84.48,14900,0.77,,1724227.0000000005
PRD-2701,Smart Home,North America,350000,222000,265.05,95.55,26800,0.95,4.8,3970600
PRD-1726,Kitchen Appliances,Latin America,129000,76000,134.16,52.38,11200,0.69,4.1,710936
PRD-2752,Wearable Tech,Asia-Pacific,314000,182000,266.97,103.88,17800,0.8,4.5,2407002.0000000005
PRD-1778,Home Automation,Europe,297000,198000,258.12,92.82,19100,0.77,4.4,2662230
PRD-3280,Health & Fitness,Latin America,103000,60000,103.48,34.92,9400,0.74,4.4,481464
PRD-1651,Smart Home,North America,273000,220000,265.05,95.55,30200,0.95,5,4625900
PRD-2971,Smart Home,North America,357000,244000,273.42,105,26500,0.95,5,3862130
PRD-2374,Personal Audio,Asia-Pacific,88000,68000,64.19,22.26,38200,0.82,4.9,1445725.9999999998
PRD-2677,Office Equipment,Latin America,97000,59000,73.01,28,7900,0.6,3.5,199579.00000000006
PRD-2576,Gaming Gear,North America,336000,273000,376.92,137.7,17600,0.89,5,3601272.000000001
PRD-3417,Office Equipment,Europe,112000,70000,89,31.28,11000,0.78,3.9,452920
PRD-1940,Consumer Electronics,Europe,412000,316000,464.07,193.05,10100,0.86,4.3,2009302
PRD-2362,Wearable Tech,Asia-Pacific,238000,162000,244.51,98,18800,0.8,3.8,2354388
PRD-2087,Gaming Gear,Asia-Pacific,191000,184000,167.39,67.32,20000,0.74,4.3,1626399.9999999998
PRD-2243,Outdoor Tech,Europe,205000,139000,198.45,68.82,8900,0.61,4,809707
PRD-2917,Office Equipment,Latin America,86000,60000,81.95,26.32,7100,0.6,3.9,248973
PRD-2899,Smart Home,Middle East,165000,108000,234.33,93.28,7600,0.53,4.3,798980
PRD-3175,Personal Audio,Latin America,78000,41000,51.99,17.95,21700,0.69,3.6,619668.0000000001
PRD-2521,Smart Home,North America,282000,253000,298.53,111.3,23400,0.95,4.9,3846181.999999999
PRD-2942,Wearable Tech,Europe,226000,166000,226.71,84.48,11700,0.77,4.8,1272091.0000000002
PRD-2446,Kitchen Appliances,Latin America,122000,81000,126.42,54,8400,0.69,3.7,405328
PRD-1985,Kitchen Appliances,Europe,223000,150000,233.1,89.1,168000,0.84,4.9,1239800
PRD-2613,Outdoor Tech,North America,194000,115000,180.15,70.4,11000,0.77,4.4,898250
PRD-1997,Gaming Gear,Asia-Pacific,233000,146000,178.19,65.28,23100,0.74,8.2,2229221
PRD-2245,Personal Audio,Latin America,78000,41000,54.99,17.39,15400,0.69,,460040
PRD-1365,Personal Audio,Europe,88000,71000,75.15,25.18,36400,0.79,4.9,1659908.0000000002
PRD-2316,Gaming Gear,Middle East,213000,151000,207.09,70.56,5300,0.5,4.1,359609
PRD-2513,Outdoor Tech,Europe,209000,112000,204.12,75.48,8800,0.61,4.4,811031.9999999998
PRD-1592,Wearable Tech,Europe,281000,187000,240.45,81.84,12500,0.77,3.9,1514624.9999999998
PRD-2788,Home Automation,Asia-Pacific,239000,135000,183.54,78.28,12900,0.74,4.8,983853.9999999998
PRD-2873,Outdoor Tech,Europe,175000,116000,198.45,68.82,7600,0.61,4.2,694188
PRD-1283,Outdoor Tech,Europe,179000,129000,187.11,71.04,8800,0.61,3.8,713416.0000000001
PRD-3479,Health & Fitness,Middle East,138000,92000,150.12,53.04,7800,0.6,3.8,527224.0000000001
PRD-1415,Kitchen Appliances,Europe,254000,155000,240.87,98.01,15700,0.84,4.3,1833902
PRD-1438,Home Automation,Asia-Pacific,216000,153000,195.51,76,13700,0.74,3.9,1268286.9999999998
PRD-2977,Office Equipment,Latin America,84000,52000,68.54,28.84,8500,0.6,3.5,201450
PRD-2912,Wearable Tech,Europe,270000,152000,247.32,89.76,16400,0.77,3.9,2161984
PRD-2080,Health & Fitness,Latin America,101000,74000,106.47,38.16,10400,0.74,4.7,535424
PRD-2900,Consumer Electronics,Europe,344000,252000,494.01,187.2,10200,0.86,4.5,2533462
PRD-3340,Health & Fitness,Latin America,100000,71000,106.47,38.16,11400,0.74,4,607734
PRD-2546,Gaming Gear,North America,396000,253000,335.04,145.8,24200,0.89,5,3930608
PRD-2485,Personal Audio,Latin America,69000,42000,50.49,20.17,21300,0.69,3.8,534816
PRD-1871,Consumer Electronics,North America,270000,193000,197.99,76.79,15000,0.84,5,1355000
PRD-1402,Wearable Tech,Asia-Pacific,286000,205000,229.54,100.94,18600,0.8,4.7,1900960
PRD-2713,Health & Fitness,Asia-Pacific,120000,93000,93.59,31.53,23000,0.78,4.5,1214380
PRD-2552,Wearable Tech,Europe,237000,201000,206.1,79.2,12600,0.77,4.1,1160940
PRD-2748,Office Equipment,North America,85000,49000,62.57,24.96,18100,0.73,4.2,546741
PRD-1087,Office Equipment,Latin America,99000,47000,68.54,28.84,9000,0.6,4,211300
PRD-3410,Consumer Electronics,Europe,428000,286000,464.07,193.05,9000,0.86,4.4,1725180
PRD-3431,Consumer Electronics,North America,230000,160000,185.99,79.19,17600,0.84,4.6,1489680.0000000002
PRD-2376,Gaming Gear,Middle East,207000,131000,172.89,77.04,6400,0.5,3.7,275439.9999999999
PRD-2391,Health & Fitness,North America,170000,106000,116.39,43.68,22500,,4.1,1359975.0000000002
PRD-2919,Consumer Electronics,Asia-Pacific,327000,214000,299.86,115.9,23900,0.85,4.4,3855644
PRD-3328,Home Automation,Asia-Pacific,248000,166000,195.51,76,12600,0.74,4.5,1091826
PRD-2834,Wearable Tech,North America,355000,191000,304.98,120.75,19300,0.93,4.3,3009639.0000000005
PRD-1362,Smart Home,Europe,187000,104000,145.02,60.32,12400,0.81,4.6,759280.0000000002
PRD-1465,Personal Audio,Latin America,62000,45000,45.99,19.06,17700,0.69,4,369661.00000000006
PRD-2240,Consumer Electronics,Europe,352000,280000,538.92,198.9,11000,0.86,4.5,3108220
PRD-1463,Outdoor Tech,Europe,162000,111000,204.12,75.48,9900,0.61,3.7,1000535.9999999998
PRD-3187,Office Equipment,Latin America,88000,48000,68.54,28.84,7100,0.6,3.5,145870
PRD-1163,Outdoor Tech,Europe,190000,127000,175.77,73.26,9300,0.61,3.5,636343
PRD-2986,Kitchen Appliances,Latin America,127000,98000,134.16,52.38,8200,0.69,4.5,445596
PRD-1036,Kitchen Appliances,Latin America,155000,77000,130.29,58.86,11000,0.69,4.3,553729.9999999999
PRD-1318,Home Automation,Asia-Pacific,230000,152000,183.54,78.28,14500,0.74,4.7,1144269.9999999998
PRD-2084,Wearable Tech,North America,326000,227000,287.04,124.2,15700,0.93,4.9,2003588.0000000005
PRD-1758,Office Equipment,North America,87000,56000,64.5,22.08,16500,0.73,4.2,556930
PRD-1934,Wearable Tech,North America,301000,208000,296.01,110.4,14900,0.93,4.8,2256589
PRD-1066,Kitchen Appliances,Latin America,132000,84000,118.68,55.62,8000,0.69,4.1,288480.00000000006
PRD-2836,Kitchen Appliances,Latin America,160000,90000,138.03,57.24,7800,0.69,4.4,380161.9999999999
PRD-2511,Health & Fitness,North America,,107000,123.59,42.42,21300,0.8,4.4,1460921
PRD-3159,Consumer Electronics,Asia-Pacific,287000,219000,338.14,134.2,21700,0.85,5,3919498
PRD-2327,Gaming Gear,Asia-Pacific,231000,138000,188.99,63.24,17800,0.74,4.9,1869350
PRD-2930,Consumer Electronics,Europe,400000,274000,449.1,175.5,11200,0.86,4.3,2390320.0000000005
PRD-3477,Office Equipment,Europe,109000,60000,91.67,34.34,13500,0.78,4.6,604955
PRD-1872,Smart Home,Europe,169000,119000,136.05,62.06,11000,0.81,,525890.0000000001
PRD-3032,Wearable Tech,Europe,255000,154000,212.97,87.12,15700,0.77,4.2,1566845
PRD-3370,Health & Fitness,Latin America,114000,76000,97.51,36,12400,0.74,3.8,572724.0000000001
PRD-1899,Consumer Electronics,Asia-Pacific,290000,230000,338.14,134.2,19800,0.85,4.6,3518012
PRD-2028,Office Equipment,North America,89000,46000,66.44,24.24,16300,0.73,3.5,552860
PRD-2937,Office Equipment,Europe,105000,68000,86.33,35.36,13800,0.78,3.8,530386
PRD-2652,Smart Home,Europe,155000,108000,162.96,56.84,14600,0.81,4.8,1286352
PRD-3060,Consumer Electronics,Latin America,191000,129000,159.99,57.04,8900,,4.4,596255.0000000001
PRD-3390,Consumer Electronics,,189000,123000,169.59,68.2,10400,0.61,4.4,742456
PRD-3366,Gaming Gear,Middle East,201000,153000,207.09,70.56,7000,0.5,3.7,601710
PRD-1470,Consumer Electronics,Latin America,194000,105000,150.39,58.9,10200,0.61,4,634197.9999999998
PRD-1897,Office Equipment,Latin America,77000,47000,75.25,30.52,8800,0.6,4.1,269624.00000000006
PRD-2778,Office Equipment,North America,71000,53000,70.31,23.52,13000,0.73,4,484270.0000000001
PRD-1789,Smart Home,Middle East,180000,123000,227.76,85.36,7200,0.53,4,722279.9999999999
PRD-1130,Consumer Electronics,Europe,388000,319000,523.95,181.35,10500,0.86,4.2,2890300.0000000005
PRD-3452,Wearable Tech,Europe,281000,187000,212.97,87.12,16100,0.77,4.7,1558185
PRD-1903,Health & Fitness,Asia-Pacific,113000,94000,85.49,29.58,23800,0.78,4.4,1123658
PRD-1528,Home Automation,Asia-Pacific,242000,143000,183.54,78.28,17900,0.74,4.4,1499153.9999999998
PRD-2716,Kitchen Appliances,Latin America,125000,89000,130.29,58.86,8300,0.69,4.1,378868.9999999999
PRD-1372,Wearable Tech,Asia-Pacific,246000,190000,252,106.82,17100,0.8,3.8,2046578
PRD-2404,Personal Audio,Asia-Pacific,73000,54000,58.79,21,42000,0.82,4.7,1460180
PRD-3104,Wearable Tech,North America,362000,212000,313.95,106.95,19100,0.93,4.7,3379700
PRD-1723,Health & Fitness,Asia-Pacific,124000,107000,96.29,34.45,31600,0.78,4.5,1723144
PRD-2882,Wearable Tech,Europe,234000,193000,219.84,95.04,15100,0.77,4.1,1457480
PRD-2845,Personal Audio,Latin America,78000,43000,48.99,18.5,18400,0.69,3.6,440016
PRD-3042,Smart Home,Europe,203000,121000,145.02,60.32,13900,0.81,4.4,853330.0000000002
PRD-1958,Home Automation,Europe,272000,172000,229.44,98.28,14200,0.77,4.3,1418472
PRD-3371,Consumer Electronics,North America,238000,187000,179.99,71.99,14900,0.84,5,1184200.0000000002
PRD-1643,Outdoor Tech,Europe,203000,133000,181.44,79.92,7600,0.61,3.6,435552
PRD-2814,Kitchen Appliances,North America,246000,139000,216.15,84.55,14200,0.83,4.9,1483720.0000000002
PRD-1614,Kitchen Appliances,North America,242000,125000,223.05,92.56,15500,0.83,,1655595.0000000002
PRD-1306,Kitchen Appliances,Latin America,158000,86000,134.16,52.38,10900,0.69,3.6,647402
PRD-2366,Gaming Gear,North America,319000,288000,376.92,137.7,21500,0.89,5,4536230.000000001
PRD-2950,Health & Fitness,Latin America,104000,63000,97.51,36,12100,0.74,4.4,577271.0000000001
PRD-1924,Personal Audio,Asia-Pacific,94000,52000,56.99,19.11,50400,0.82,4.6,1763152.0000000002
PRD-1595,Kitchen Appliances,Europe,233000,182000,264.18,103.95,12000,0.84,4.2,1507760.0000000002
PRD-2837,,Asia-Pacific,210000,157000,178.19,65.28,24400,0.74,4.8,2388004
PRD-1759,Smart Home,Middle East,157000,114000,201.48,90.64,6600,0.53,4.2,460543.9999999999
PRD-3404,Wearable Tech,North America,314000,185000,296.01,110.4,20600,0.93,4.9,3324565.9999999995
PRD-2539,Smart Home,Middle East,144000,105000,240.9,82.72,8600,0.53,4.5,1111348
PRD-2016,Gaming Gear,Middle East,181000,127000,178.59,68.4,4800,0.5,3.9,220912
PRD-2881,Smart Home,North America,322000,191000,290.16,101.85,30200,0.95,7.0,5173962.000000001
PRD-3118,Home Automation,Asia-Pacific,237000,175000,195.51,76,15600,0.74,4.8,1452355.9999999998
PRD-2612,Wearable Tech,Europe,229000,175000,212.97,87.12,15200,0.77,4.8,1508920
PRD-2492,Wearable Tech,Europe,244000,173000,247.32,89.76,16000,0.77,4.5,2103960
PRD-1074,Kitchen Appliances,North America,233000,141000,209.25,95.23,15800,0.83,4.4,1427516
PRD-2055,Personal Audio,Europe,100000,69000,77.55,27.56,37100,0.79,4.7,1685628.9999999998
PRD-3120,Consumer Electronics,Latin America,186000,112000,164.79,62.62,10500,0.61,4,774784.9999999998
PRD-2577,Office Equipment,Europe,124000,66000,89,31.28,15900,0.78,4,727748
PRD-3458,Home Automation,Europe,237000,167000,258.12,92.82,14000,0.77,4.2,1910200
PRD-1515,Personal Audio,Europe,96000,77000,72.75,28.36,37800,0.79,3.9,1504942
PRD-2691,Health & Fitness,North America,147000,92000,109.19,44.94,24500,0.8,4.3,1335125
PRD-2967,Office Equipment,Europe,120000,73000,97.01,33.32,15000,0.78,3.6,762350.0000000001
PRD-2618,Home Automation,Europe,267000,211000,258.12,92.82,20100,0.77,4.3,2844530
PRD-3274,Personal Audio,Asia-Pacific,76000,63000,65.99,19.74,48300,0.82,4.4,2094875
PRD-3186,Gaming Gear,Middle East,218000,130000,189.99,66.24,6200,0.5,3.8,419250.0000000001
PRD-2145,Personal Audio,Europe,81000,64000,72.75,28.36,32200,0.79,4.1,1284358
PRD-2522,Wearable Tech,Europe,281000,187000,226.71,84.48,17300,0.77,4.3,1992579.0000000005
PRD-1203,Outdoor Tech,North America,181000,110000,185.25,62.72,9400,0.77,3.9,860782
PRD-3215,Kitchen Appliances,Europe,262000,179000,256.41,95.04,11200,1.44,4.4,1366344
PRD-1225,,Latin America,70000,44000,50.49,20.17,19600,0.69,3.5,480272
PRD-1392,Smart Home,,157000,114000,162.96,56.84,13500,0.81,4.4,1161620
PRD-1499,Health & Fitness,Middle East,146000,91000,129.27,51.48,6500,0.6,3.8,268635.0000000001
PRD-3153,Outdoor Tech,North America,202000,140000,154.65,68.48,10700,0.77,4.1,580019
PRD-1311,Health & Fitness,North America,158000,97000,127.19,46.2,23500,0.8,4.7,1648264.9999999998
PRD-1155,Personal Audio,Europe,84000,75000,75.15,25.18,28700,0.79,4.1,1275139.0000000002
PRD-3011,Consumer Electronics,North America,283000,182000,185.99,79.19,17100,0.84,4.1,1361280.0000000002
PRD-2064,Kitchen Appliances,North America,227000,164000,250.65,87.22,11400,0.83,4.4,1472102
PRD-3204,Kitchen Appliances,North America,238000,155000,236.85,89.89,13300,0.83,4.5,1561567.9999999998
PRD-1709,Health & Fitness,Middle East,153000,86000,129.27,51.48,8000,0.6,3.5,383320.0000000001
PRD-1774,Personal Audio,Asia-Pacific,87000,65000,58.79,21,48700,0.82,4.5,1688373
PRD-3332,Wearable Tech,Europe,296000,186000,247.32,89.76,16800,0.77,4.4,2165008
PRD-2715,Personal Audio,Europe,98000,85000,87.15,25.97,34700,0.79,,1939946.0000000005
PRD-1359,Consumer Electronics,Asia-Pacific,380000,255000,319,112.24,20200,0.85,4.9,3541552
PRD-3147,Office Equipment,Europe,110000,64000,86.33,35.36,11200,0.78,4.6,396864
PRD-1300,Health & Fitness,Latin America,109000,59000,109.45,33.84,11800,0.74,4.4,724198
PRD-3454,Personal Audio,Asia-Pacific,,55000,58.79,21,36500,0.82,4.3,1230335
PRD-1753,Health & Fitness,Asia-Pacific,103000,86000,88.19,32.5,22700,0.78,4.3,1075163
PRD-1033,Health & Fitness,Asia-Pacific,109000,109000,93.59,31.53,31100,0.78,4.7,1712066
PRD-1317,,Europe,,69000,89,31.28,14600,0.78,3.6,648712
PRD-3165,Personal Audio,Europe,91000,82000,79.95,24.38,38900,0.79,3.9,1988673.0000000005
PRD-1988,Home Automation,Europe,311000,187000,258.12,92.82,15800,0.77,4.1,2113740
PRD-1474,Personal Audio,Asia-Pacific,73000,54000,62.39,20.37,45400,0.82,4.3,1780707.9999999998
PRD-2787,Office Equipment,Europe,96000,62000,89,31.28,13200,0.78,3.7,603904
PRD-1881,Health & Fitness,North America,138000,93000,123.59,42.42,25200,0.8,4.2,1814484
PRD-2723,Outdoor Tech,Europe,219000,144000,204.12,75.48,7200,0.61,4.1,563207.9999999999
PRD-2104,Personal Audio,Asia-Pacific,86000,62000,62.39,20.37,38600,0.82,4.5,1473971.9999999998
PRD-2037,Office Equipment,Europe,120000,73000,83.66,32.3,16100,0.78,4.3,633896
PRD-3251,Consumer Electronics,North America,253000,185000,209.99,74.39,15600,0.84,4.7,1677360.0000000005
PRD-3072,Smart Home,Europe,173000,131000,162.96,56.84,15000,0.81,4.2,1287800
PRD-2588,Home Automation,Europe,314000,196000,229.44,98.28,18600,0.77,4.5,1929576
PRD-1507,Office Equipment,Latin America,80000,58000,68.54,28.84,6200,0.6,3.5,108140.00000000003
PRD-3004,Personal Audio,Asia-Pacific,74000,57000,64.19,22.26,48700,0.82,5,1910990.9999999995
PRD-2969,Health & Fitness,Middle East,151000,82000,129.27,51.48,5800,0.6,3.9,218182.00000000012
PRD-2559,Consumer Electronics,Asia-Pacific,284000,207000,309.43,126.88,18300,0.85,4.6,2849665
PRD-2667,Office Equipment,Europe,102000,61000,83.66,32.3,13900,0.78,4.5,550904
PRD-2034,Kitchen Appliances,North America,196000,152000,223.05,92.56,15900,0.83,8.1,1726791.0000000002
PRD-2911,Smart Home,North America,270000,209000,265.05,95.55,21800,0.95,4.5,3216100
PRD-3348,Office Equipment,North America,86000,51000,68.37,26.4,14100,0.73,3.5,454777.0000000001
PRD-1451,Consumer Electronics,North America,245000,158000,197.99,76.79,14600,0.84,4.6,1366520
PRD-1553,Outdoor Tech,Europe,182000,142000,192.78,77.7,8800,0.61,4.2,688704
PRD-1129,Smart Home,Middle East,183000,100000,201.48,90.64,7700,0.53,4,570467.9999999999
PRD-1407,Office Equipment,Europe,103000,64000,83.66,32.3,12700,0.78,4.1,485272
PRD-3237,Office Equipment,Europe,122000,59000,80.99,36.38,14900,0.78,4,483688.9999999999
PRD-3441,Health & Fitness,North America,161000,107000,116.39,43.68,29400,0.8,4.8,1869674.0000000005
PRD-1038,Office Equipment,North America,91000,,68.37,26.4,14700,0.73,3.5,472959.0000000001
PRD-2528,Home Automation,Europe,237000,167000,222.27,90.09,15400,0.77,4.9,1631572
PRD-2001,Health & Fitness,North America,129000,95000,130.79,41.16,24000,0.8,4.5,1927120
PRD-2042,Wearable Tech,Europe,263000,180000,219.84,95.04,14200,0.77,4.2,1329160
PRD-1590,Consumer Electronics,Latin America,184000,106000,159.99,57.04,9800,0.61,4.3,718910.0000000001
PRD-1236,Gaming Gear,Middle East,197000,139000,184.29,74.88,5500,0.5,3.6,265755
PRD-1498,Home Automation,Asia-Pacific,209000,178000,201.5,82.84,16500,0.74,4.6,1570890
PRD-1079,Health & Fitness,Middle East,132000,75000,129.27,51.48,6300,0.6,4.4,283077.0000000001
PRD-1641,Health & Fitness,North America,156000,91000,109.19,44.94,27700,0.8,4.7,1532725
PRD-2992,Wearable Tech,Asia-Pacific,280000,,244.51,98,16100,0.8,4,1892811
PRD-3194,Wearable Tech,North America,298000,197000,296.01,110.4,16600,0.93,4.1,2586125.9999999995
PRD-3497,Gaming Gear,Asia-Pacific,206000,141000,161.99,61.2,22900,0.74,4.8,1961091
PRD-1332,Smart Home,Europe,162000,132000,158.47,63.8,11300,0.81,4.8,775771
PRD-2094,Kitchen Appliances,North America,189000,131000,229.95,81.88,12600,0.83,4.2,1545682
PRD-3085,Personal Audio,Latin America,70000,44000,54.99,17.39,16500,0.69,4.2,506400
PRD-1380,Consumer Electronics,Latin America,175000,113000,159.99,57.04,7800,0.61,4.6,515010.0000000001
PRD-2574,Kitchen Appliances,North America,205000,136000,236.85,89.89,15600,0.83,4.3,1951575.9999999995
PRD-2493,Outdoor Tech,North America,205000,114000,169.95,58.88,11600,0.77,4.1,969412
PRD-1676,Gaming Gear,North America,385000,215000,366.45,125.55,21100,0.89,4.5,4482989.999999999
PRD-2432,,Europe,252000,200000,240.45,81.84,13300,0.77,4.9,1657513
PRD-2933,Outdoor Tech,Europe,169000,137000,204.12,75.48,9100,0.61,3.8,864623.9999999998
PRD-2597,Gaming Gear,Asia-Pacific,235000,154000,194.39,69.36,17600,0.74,5,1811528
PRD-2319,,Asia-Pacific,323000,202000,338.14,134.2,20400,0.85,5,3635376
PRD-1218,Office Equipment,North America,84000,46000,60.63,22.8,16800,0.73,3.5,505544
PRD-1923,Outdoor Tech,North America,172000,118000,175.05,64.64,10700,0.77,4.6,891387
PRD-1443,Outdoor Tech,North America,159000,113000,169.95,58.88,13100,0.77,4.5,1183017
PRD-1607,Gaming Gear,Asia-Pacific,242000,178000,161.99,61.2,24400,0.74,5,2039276
PRD-1578,Office Equipment,North America,70000,48000,58.7,25.68,14400,0.73,4.3,357488.00000000006
PRD-2509,Smart Home,Middle East,172000,96000,214.62,88,8000,0.53,4.7,744960
PRD-2465,Kitchen Appliances,Europe,240000,157000,240.87,98.01,14000,0.84,5,1603040.0000000002
PRD-2070,Consumer Electronics,Latin America,196000,110000,164.79,62.62,8000,0.61,4.4,511359.9999999999
PRD-2989,Smart Home,Middle East,183000,100000,221.19,95.92,6600,0.53,3.7,543782
PRD-1747,Office Equipment,Latin America,97000,59000,77.48,27.16,8500,0.6,4,271720.00000000006
PRD-2486,Gaming Gear,North America,298000,213000,324.57,133.65,20500,0.89,4.6,3402859.9999999995
PRD-2051,Consumer Electronics,North America,248000,167000,215.99,81.59,17000,0.84,5,1869800
PRD-2543,Outdoor Tech,Europe,177000,122000,187.11,71.04,9600,0.61,4.2,815272
PRD-1396,Kitchen Appliances,Latin America,130000,80000,126.42,54,9600,0.69,4.1,485232
PRD-1086,Gaming Gear,Middle East,181000,127000,189.99,66.24,5300,0.5,3.5,347875.0000000001
PRD-1863,Outdoor Tech,North America,178000,136000,169.95,58.88,13500,0.77,3.9,1185445
PRD-1043,Outdoor Tech,Europe,201000,126000,204.12,75.48,9700,0.61,4.3,920807.9999999998
PRD-2232,Smart Home,Europe,193000,122000,162.96,56.84,14300,0.81,4.3,1202516
PRD-2805,Personal Audio,Europe,108000,80000,82.35,26.77,29800,0.79,4.1,1468284
PRD-2447,Gaming Gear,Asia-Pacific,218000,139000,161.99,61.2,25700,0.74,5,2233303
PRD-2175,Personal Audio,Europe,94000,70000,82.35,-26.77,35400,0.79,3.9,1803532
PRD-1732,Wearable Tech,Asia-Pacific,283000,196000,244.51,98,14600,0.8,4.7,1660046
PRD-3298,Home Automation,Asia-Pacific,216000,153000,213.47,80.56,17600,0.74,4.7,1970216
PRD-1994,Wearable Tech,North America,291000,242000,304.98,120.75,18200,0.93,4.4,2819986.0000000005
PRD-1513,Health & Fitness,Asia-Pacific,118000,84000,96.29,34.45,25500,0.78,4.8,1374920
PRD-1716,Gaming Gear,Middle East,211000,144000,189.99,66.24,6800,0.5,3.7,486500.0000000001
PRD-3138,Office Equipment,North America,82000,54000,68.37,26.4,17100,0.73,3.8,581687.0000000001
PRD-2206,Kitchen Appliances,Latin America,139000,79000,138.03,57.24,9300,0.69,4.2,533346.9999999999
PRD-2662,Wearable Tech,Asia-Pacific,283000,196000,229.54,100.94,20200,0.8,4,2118720
PRD-2800,Health & Fitness,Latin America,96000,78000,100.5,39.24,11600,0.74,4.3,536616
PRD-3074,,North America,317000,195000,278.07,113.85,17500,0.93,4.9,2361850
PRD-3040,Health & Fitness,Latin America,116000,58000,91.54,37.08,10500,0.74,3.8,397830.0000000001
PRD-2032,Wearable Tech,Asia-Pacific,241000,171000,229.54,100.94,16000,0.8,3.8,1645600
PRD-3182,Wearable Tech,Europe,276000,170000,206.1,79.2,16200,0.77,4.3,1609779.9999999998
PRD-1803,Outdoor Tech,North America,183000,116000,164.85,66.56,11300,0.77,4.3,811677
PRD-1145,Kitchen Appliances,Europe,250000,139000,233.1,89.1,15800,0.84,5,1886200
PRD-2106,Gaming Gear,Middle East,203000,117000,207.09,70.56,6400,0.5,,553792
PRD-1946,Gaming Gear,North America,392000,240000,376.92,137.7,20900,0.89,4.9,4367698.000000001
PRD-3304,Personal Audio,Asia-Pacific,88000,68000,60.59,22.89,34900,0.82,4.2,1159730
PRD-1198,Home Automation,Asia-Pacific,244000,150000,213.47,80.56,15200,0.74,4.4,1626232
PRD-1059,Consumer Electronics,Asia-Pacific,327000,214000,338.14,134.2,18500,0.85,4.7,3231890
PRD-1484,Wearable Tech,North America,323000,216000,322.92,117.3,20200,0.93,4.5,3614524
PRD-2062,Wearable Tech,Asia-Pacific,280000,186000,259.48,95.06,17500,0.8,4.7,2411350.0000000005
PRD-2200,Health & Fitness,Latin America,95000,75000,91.54,37.08,9900,0.74,3.9,369154.0000000001
PRD-1948,Home Automation,Asia-Pacific,265000,172000,183.54,78.28,18300,0.74,4.9,1489257.9999999998
PRD-1550,Consumer Electronics,Europe,428000,,523.95,181.35,10800,0.86,4.7,2986080.0000000005
PRD-1570,Health & Fitness,Latin America,111000,66000,91.54,37.08,11600,0.74,3.7,454736.0000000001
PRD-3021,Health & Fitness,North America,146000,120000,116.39,43.68,28700,0.8,4.3,1820777.0000000002
PRD-1664,Wearable Tech,North America,294000,187000,287.04,124.2,15100,0.93,4.4,1977884.0000000005
PRD-1250,Consumer Electronics,Europe,364000,322000,449.1,175.5,9900,0.86,4.5,2022640
PRD-3265,Personal Audio,Latin America,,52000,48.99,18.5,19000,0.69,4.1,463310
PRD-1457,Gaming Gear,Asia-Pacific,225000,163000,167.39,67.32,23500,0.74,5,1963645
PRD-1780,Health & Fitness,Latin America,117000,62000,91.54,37.08,9500,0.74,4.5,338370.00000000006
PRD-1118,Home Automation,Europe,303000,159000,229.44,98.28,20300,0.77,4.4,2200548
PRD-1866,Gaming Gear,Middle East,166000,115000,184.29,74.88,-7000,0.5,3.8,484870
PRD-2246,Gaming Gear,North America,340000,285000,355.98,141.75,22600,0.89,5,4216598
PRD-2761,Smart Home,North America,341000,189000,273.42,105,20800,0.95,,2973136.0000000005
PRD-1301,Consumer Electronics,North America,,198000,203.99,83.99,14000,0.84,4.5,1257000.0000000002
PRD-2148,Office Equipment,North America,84000,46000,70.31,23.52,15500,0.73,3.8,595245.0000000001
PRD-1582,Wearable Tech,Asia-Pacific,260000,179000,252,106.82,13900,0.8,4.6,1579002
PRD-1714,Personal Audio,Asia-Pacific,89000,55000,56.99,19.11,41200,0.82,4.9,1416656
PRD-1219,Smart Home,Middle East,150000,127000,234.33,93.28,6700,0.53,4.5,668035.0000000001
PRD-1227,Office Equipment,Europe,113000,73000,94.34,37.4,16600,0.78,4.2,759204.0000000001
PRD-3495,Personal Audio,Europe,90000,78000,84.75,29.15,30500,0.79,3.9,1527800
PRD-2856,Gaming Gear,Middle East,220000,136000,178.59,68.4,5200,0.5,3.8,216988
PRD-3178,Home Automation,Asia-Pacific,230000,,201.5,82.84,18300,0.74,4.4,1789478
PRD-2862,Smart Home,Europe,164000,138000,162.96,56.84,12300,0.81,4.5,1003276
PRD-2054,Wearable Tech,North America,282000,210000,313.95,106.95,21500,0.93,4,3958500
PRD-3494,Wearable Tech,North America,349000,235000,278.07,113.85,18000,0.93,4.3,2371960
PRD-1070,Consumer Electronics,Europe,400000,274000,508.98,204.75,13000,0.86,4.6,3280990.0000000005
PRD-2661,Health & Fitness,North America,173000,117000,119.99,38.64,22300,0.8,4.5,1524104.9999999998
PRD-1226,Gaming Gear,North America,301000,225000,324.57,133.65,18700,0.89,5,3044203.9999999995
PRD-2412,Smart Home,Europe,176000,106000,145.02,60.32,10800,0.81,4.2,632760.0000000002
PRD-1075,Personal Audio,Latin America,64000,40000,51.99,17.95,18800,0.69,3.5,535952.0000000001
PRD-3346,Kitchen Appliances,Latin America,146000,74000,130.29,58.86,10600,0.69,4.3,537157.9999999999
PRD-2821,Smart Home,North America,332000,224000,281.79,114.45,25500,0.95,5,3711170.000000001
PRD-1952,Wearable Tech,Europe,234000,193000,233.58,92.4,16200,0.77,4.8,1860116
PRD-3130,Health & Fitness,Latin America,95000,75000,106.47,38.16,9000,0.74,4.3,444790
PRD-1620,Consumer Electronics,Latin America,154000,115000,145.59,66.34,10600,0.61,4.1,571050
PRD-2921,Consumer Electronics,North America,255000,194000,197.99,76.79,13100,0.84,4.7,1138720
PRD-2144,Wearable Tech,North America,317000,195000,296.01,110.4,18900,0.93,4.5,2996028.9999999995
PRD-1159,Smart Home,Middle East,155000,109000,227.76,85.36,8400,0.53,3.8,932159.9999999998
PRD-2936,Gaming Gear,North America,382000,280000,366.45,125.55,23000,0.89,4.9,4878699.999999999
PRD-2351,Consumer Electronics,North America,288000,200000,203.99,83.99,12000,0.84,4.1,952000.0000000002
PRD-2898,Office Equipment,North America,91000,53000,60.63,22.8,18700,0.73,4.3,563421
PRD-3058,Home Automation,Asia-Pacific,244000,150000,189.53,-69.16,12800,0.74,4.1,1146736
PRD-1599,Consumer Electronics,Asia-Pacific,340000,260000,290.29,130.54,18100,0.85,4.4,2291475.0000000005
PRD-2147,Gaming Gear,Asia-Pacific,185000,160000,172.79,73.44,24000,0.74,5,2039400
PRD-1885,Personal Audio,,69000,40000,45.99,19.06,18200,0.69,3.5,381126.00000000006
PRD-1286,Gaming Gear,North America,,265000,335.04,145.8,22300,0.89,4.9,3556052
PRD-2322,Smart Home,Europe,157000,114000,153.99,58.58,12500,0.81,4.8,921625.0000000002
PRD-2166,Gaming Gear,Middle East,197000,139000,172.89,77.04,5100,0.5,4,152834.99999999988
PRD-1387,Office Equipment,Latin America,86000,57000,79.72,29.68,6500,0.6,4.2,182260
PRD-2793,Outdoor Tech,North America,178000,136000,159.75,60.8,12500,0.77,4.3,922875
PRD-1527,Office Equipment,Europe,97000,65000,89,31.28,12000,0.78,4.4,530640
PRD-2125,Personal Audio,Latin America,60000,41000,51.99,17.95,16300,0.69,4,453852.0000000001
PRD-1192,Wearable Tech,Asia-Pacific,272000,217000,229.54,100.94,15000,0.8,3.9,1440000
PRD-3344,Wearable Tech,North America,323000,216000,287.04,124.2,17300,0.93,4.2,2278132.0000000005
PRD-2407,Office Equipment,Latin America,95000,53000,70.78,25.48,8000,0.6,4,214400
PRD-3284,Wearable Tech,North America,333000,183000,278.07,113.85,21500,0.93,4.6,3014730
PRD-2033,Outdoor Tech,Europe,196000,147000,198.45,68.82,7100,0.61,4.3,577373
PRD-3297,Office Equipment,Europe,119000,,83.66,32.3,11700,0.78,3.6,411912
PRD-2235,Personal Audio,Europe,91000,82000,84.75,29.15,41700,0.79,4.6,2145520
PRD-3250,Health & Fitness,Latin America,121000,75000,91.54,37.08,13000,0.74,4.6,511980.0000000001
PRD-1377,Office Equipment,Europe,122000,59000,91.67,34.34,11500,0.78,4.3,478295
PRD-2375,Kitchen Appliances,Europe,214000,168000,256.41,95.04,15800,0.84,4.5,2167646
PRD-3169,Smart Home,Middle East,168000,119000,240.9,-82.72,7500,0.53,4.7,899350
PRD-2401,Smart Home,North America,301000,251000,281.79,114.45,24700,0.95,4.6,3581298.000000001
PRD-1258,Home Automation,Asia-Pacific,237000,175000,219.45,71.44,18000,0.74,4,2252180
PRD-3180,Consumer Electronics,Latin America,180000,130000,169.59,68.2,8500,0.61,4.7,551815
PRD-2434,Personal Audio,Asia-Pacific,85000,59000,65.99,19.74,45800,0.82,4.5,1974250
PRD-3049,Smart Home,Middle East,178000,118000,227.76,85.36,7800,0.53,4.4,814719.9999999998
PRD-1878,Office Equipment,North America,82000,57000,68.37,26.4,15700,0.73,3.5,519929.0000000001
PRD-1830,Consumer Electronics,Latin America,163000,108000,145.59,66.34,8900,0.61,3.8,434325
PRD-2897,Gaming Gear,Asia-Pacific,204000,182000,183.59,71.4,19400,0.74,4.4,1790486
PRD-2118,Office Equipment,North America,73000,58000,62.57,24.96,14100,0.73,4,399301
PRD-2817,Office Equipment,Europe,111000,67000,80.99,36.38,14500,0.78,4.6,468844.9999999999
PRD-3121,Smart Home,North America,285000,196000,265.05,95.55,27600,0.95,4.2,4197200
PRD-2755,Personal Audio,Latin America,71000,46000,51.99,17.95,21100,0.69,4.2,601244.0000000001
PRD-3199,Smart Home,Middle East,140000,94000,221.19,95.92,8100,0.53,4.5,780687
PRD-2082,Smart Home,Europe,178000,112000,136.05,62.06,13800,0.81,4.2,731062.0000000001
PRD-3132,Smart Home,Europe,167000,113000,136.05,62.06,12100,0.81,3.8,615279.0000000001
PRD-2393,Outdoor Tech,Europe,162000,111000,192.78,77.7,9300,0.61,4.1,797244
PRD-2150,Consumer Electronics,Europe,432000,300000,464.07,193.05,12500,0.86,5,2655750
PRD-1105,Personal Audio,Latin America,74000,44000,47.49,16.84,20500,0.69,4.2,510325
PRD-2918,Home Automation,Europe,311000,187000,243.78,95.55,14400,0.77,4.5,1636512.0000000005
PRD-3413,Outdoor Tech,Europe,182000,142000,170.1,66.6,7400,0.61,3.9,441900
PRD-3190,Health & Fitness,Latin America,91000,65000,109.45,33.84,11000,0.74,3.9,675710
PRD-3443,Outdoor Tech,Europe,209000,112000,192.78,77.7,8200,0.61,3.7,622656
PRD-2690,Consumer Electronics,,448000,269000,494.01,187.2,12300,0.86,4.8,3056763
PRD-1917,Office Equipment,Europe,127000,72000,97.01,33.32,11200,0.78,4,514328
PRD-2409,Consumer Electronics,Asia-Pacific,360000,258000,319,112.24,17400,0.85,4.5,2979624
PRD-3033,Outdoor Tech,North America,213000,139000,180.15,70.4,11300,0.77,3.8,888175
PRD-3302,Wearable Tech,Europe,260000,172000,219.84,95.04,15500,0.77,4.6,1502400
PRD-2069,health & fitness,Middle East,128000,88000,125.1,46.8,6900,0.6,4.4,324270
PRD-1916,Gaming Gear,North America,343000,220000,335.04,145.8,19100,0.89,5,3051484
PRD-2775,Personal Audio,Europe,95000,74000,72.75,28.36,41000,0.79,4.3,1650990
PRD-2313,Outdoor Tech,North America,165000,131000,154.65,68.48,10000,0.77,4.2,565700
PRD-2561,Consumer Electronics,North America,223000,189000,203.99,83.99,15300,0.84,4.9,1424000.0000000002
PRD-1055,Kitchen Appliances,Europe,223000,150000,248.64,106.92,12300,0.84,4.5,1370155.9999999995
PRD-2520,Consumer Electronics,Latin America,184000,106000,150.39,58.9,9100,0.61,4.7,542558.9999999998
PRD-2333,Outdoor Tech,Europe,167000,130000,187.11,71.04,7700,0.61,4.5,596739
PRD-2282,Wearable Tech,Europe,231000,184000,247.32,89.76,12800,0.77,4.8,1601768
PRD-1919,Health & Fitness,Middle East,117000,81000,129.27,51.48,6700,0.6,4.3,323193.0000000001
PRD-1980,Consumer Electronics,Latin America,177000,118000,174.39,60.76,9300,0.61,3.9,761759
PRD-3363,Outdoor Tech,North America,211000,133000,154.65,68.48,13300,0.77,,802061
PRD-2224,Personal Audio,Asia-Pacific,81000,62000,65.99,19.74,36500,0.82,4.8,1545125
PRD-1293,Outdoor Tech,North America,202000,140000,175.05,64.64,12600,0.77,4.4,1049166.0000000002
PRD-1547,Gaming Gear,Asia-Pacific,183000,152000,194.39,69.36,20500,0.74,4.6,2228114.9999999995
PRD-1428,Office Equipment,North America,88000,43000,60.63,22.8,13800,0.73,4.2,391054
PRD-1585,Personal Audio,Latin America,79000,45000,48.99,18.5,16700,0.69,4.3,385183.00000000006
PRD-1597,Office Equipment,Latin America,90000,54000,79.72,29.68,8200,0.6,3.9,266328
PRD-1492,Wearable Tech,Asia-Pacific,316000,192000,266.97,103.88,16300,0.8,4.1,2150367.0000000005
PRD-1724,Wearable Tech,North America,285000,221000,296.01,110.4,18400,0.93,4,2909223.9999999995
PRD-2569,Smart Home,Middle East,167000,113000,221.19,95.92,6300,0.53,4.3,509201
PRD-1870,Health & Fitness,Latin America,96000,78000,106.47,38.16,12500,0.74,3.9,679875
PRD-1331,Consumer Electronics,North America,260000,157000,185.99,79.19,15300,0.84,5.5,1217040.0000000002
PRD-3137,Gaming Gear,Asia-Pacific,179000,136000,167.39,67.32,26200,0.74,5,2306834
PRD-1516,Kitchen Appliances,Latin America,122000,81000,134.16,52.38,9100,0.69,4.4,541198
PRD-3354,Kitchen Appliances,North America,187000,123000,229.95,81.88,13900,0.83,4.6,1748173
PRD-1836,Gaming Gear,Middle East,199000,146000,201.39,79.2,6500,0.5,4,449234.9999999999
PRD-2644,Personal Audio,Asia-Pacific,89000,55000,65.99,19.74,37800,0.82,4.2,1604250
PRD-1877,Gaming Gear,Asia-Pacific,181000,144000,167.39,67.32,24200,0.74,4.6,2096694
PRD-2422,Wearable Tech,Asia-Pacific,316000,192000,252,106.82,15000,0.8,,1669700
PRD-2270,Consumer Electronics,Europe,408000,302000,494.01,187.2,12000,0.86,4.3,2971720
PRD-1223,Outdoor Tech,Europe,184000,148000,181.44,79.92,7300,0.61,4.2,409096
PRD-1662,Smart Home,Europe,160000,126000,136.05,62.06,13400,0.81,4.8,705466.0000000001
PRD-1931,Consumer Electronics,North America,263000,166000,203.99,83.99,17700,0.84,4.7,1695000.0000000005
PRD-1697,Gaming Gear,Asia-Pacific,200000,166000,188.99,63.24,21300,0.74,4.7,2312475
PRD-2275,Personal Audio,Latin America,66000,45000,50.49,20.17,17100,0.69,4.1,407472
PRD-1525,Personal Audio,Latin America,60000,38000,47.49,16.84,21100,0.69,3.6,548715
PRD-1617,Office Equipment,Europe,109000,60000,83.66,32.3,15700,0.78,3.8,637352
PRD-2815,Personal Audio,Latin America,69000,40000,53.49,19.61,16700,0.69,3.8,456796
PRD-1865,Kitchen Appliances,Europe,238000,149000,271.95,92.07,11900,0.84,4.6,1753572
PRD-1137,Office Equipment,Europe,101000,58000,80.99,36.38,12800,0.78,3.7,412007.9999999999
PRD-2628,Office Equipment,North America,90000,48000,58.7,25.68,18900,0.73,3.9,486078.0000000001
PRD-3499,Smart Home,Middle East,,113000,208.05,80.08,5800,0.53,4.7,462226.0000000001
PRD-3350,Consumer Electronics,Europe,440000,241000,449.1,175.5,11600,,4.8,2492760.0000000005
PRD-3193,Health & Fitness,Asia-Pacific,128000,97000,96.29,34.45,28800,0.78,4.6,1555992
PRD-3089,Health & Fitness,Middle East,143000,82000,137.61,49.92,5400,0.6,4.2,248526.00000000006
PRD-2540,Consumer Electronics,Europe,416000,244000,508.98,204.75,11900,0.86,4.7,2960337
PRD-3174,Kitchen Appliances,North America,207000,144000,209.25,95.23,12100,0.83,4.7,1028642
PRD-2004,Kitchen Appliances,North America,233000,141000,243.75,97.9,14600,0.83,4.8,1755410
PRD-1394,Wearable Tech,North America,288000,231000,278.07,113.85,15300,0.93,4,1993566
PRD-2922,Smart Home,Europe,158000,120000,136.05,62.06,14500,0.81,4.1,794855.0000000002
PRD-2417,Gaming Gear,Asia-Pacific,189000,176000,178.19,65.28,23800,1.11,4.3,2322258
PRD-1944,Kitchen Appliances,North America,240000,162000,236.85,89.89,12100,0.83,4.1,1376215.9999999998
PRD-2467,Office Equipment,Latin America,93000,62000,73.01,28,6200,0.6,3.6,124062.00000000006
PRD-1397,Gaming Gear,Asia-Pacific,231000,138000,161.99,61.2,19600,0.74,4.5,1606484.0000000002
PRD-1831,Smart Home,North America,341000,189000,290.16,101.85,22900,0.95,5,3782299.000000001
PRD-1132,Wearable Tech,Asia-Pacific,280000,186000,274.45,92.12,18800,0.8,4.3,2961803.9999999995
PRD-1178,Home Automation,Europe,294000,189000,236.61,87.36,16300,0.77,5,1949775
PRD-1593,Outdoor Tech,North America,174000,124000,164.85,66.56,13600,0.77,4.6,1038744
PRD-2880,Consumer Electronics,Latin America,152000,109000,145.59,66.34,7700,0.61,4.5,349225
PRD-2643,Outdoor Tech,North America,163000,125000,164.85,66.56,12000,0.77,4.2,891480
PRD-2311,Smart Home,North America,267000,198000,298.53,111.3,28300,0.95,5,4833608.999999999
PRD-3197,Gaming Gear,Asia-Pacific,237000,162000,172.79,73.44,21100,0.74,4.6,1697284.9999999998
PRD-2261,Consumer Electronics,North America,260000,157000,215.99,81.59,14100,0.84,4.7,1478040
PRD-3185,Kitchen Appliances,Europe,228000,166000,279.72,100.98,15400,0.84,4.6,2358596
PRD-2801,Consumer Electronics,North America,270000,193000,185.99,79.19,13800,0.84,4.4,1010840.0000000002
PRD-2394,Kitchen Appliances,North America,224000,157000,216.15,84.55,13800,0.83,4.4,1435080.0000000002
PRD-3116,Gaming Gear,North America,350000,245000,324.57,133.65,17200,0.89,4.8,2688824
PRD-2595,Personal Audio,Europe,104000,84000,82.35,26.77,36400,0.79,4.4,1835112
PRD-3179,Health & Fitness,Middle East,116000,77000,129.27,51.48,7300,0.6,3.6,374867.0000000001
PRD-3399,Consumer Electronics,Asia-Pacific,350000,223000,309.43,126.88,19600,0.85,4.5,3004980
PRD-2222,Wearable Tech,Europe,239000,156000,240.45,81.84,16100,0.77,4.1,2158620.9999999995
PRD-1779,CONSUMER ELECTRONICS,Asia-Pacific,310000,228000,319,112.24,20900,0.85,4.3,3783284
PRD-3009,Consumer Electronics,Asia-Pacific,363000,198000,347.71,119.56,20900,0.85,4.9,4207334.999999999
PRD-1963,Health & Fitness,Asia-Pacific,109000,109000,88.19,32.5,28800,0.78,5,1385872
PRD-2089,Smart Home,Middle East,155000,109000,214.62,88,7800,0.53,4.2,723636
PRD-1699,Smart Home,Middle East,162000,97000,240.9,82.72,8200,0.53,4.6,1038076
PRD-2772,Smart Home,Europe,200000,109000,140.53,55.1,14000,0.81,4,887020
PRD-1425,Personal Audio,Europe,86000,83000,77.55,27.56,28400,0.79,4.5,1250715.9999999998
PRD-2670,Consumer Electronics,Latin America,198000,116000,145.59,66.34,9400,0.61,3.7,430950
PRD-2177,Gaming Gear,Asia-Pacific,214000,173000,194.39,69.36,26000,0.74,4.8,2863779.9999999995
PRD-2777,Gaming Gear,Asia-Pacific,216000,181000,172.79,73.44,20500,0.74,5,1639674.9999999998
PRD-1469,Health & Fitness,Middle East,127000,84000,141.78,54.6,5800,0.6,4,294644.00000000006
PRD-1221,Health & Fitness,North America,141000,104000,109.19,44.94,27000,0.8,4.2,1489750
PRD-1403,Outdoor Tech,Europe,167000,130000,198.45,68.82,8400,0.61,4.1,791892
PRD-3024,Kitchen Appliances,North America,189000,131000,216.15,84.55,11500,0.83,4.6,1193400.0000000002
PRD-2794,Personal Audio,Asia-Pacific,96000,61000,64.19,22.26,39500,0.82,4.3,1499234.9999999998
PRD-1201,Smart Home,North America,295000,229000,290.16,101.85,27000,0.95,4.9,4560370.000000001
PRD-2049,Consumer Electronics,Asia-Pacific,,251000,328.57,123.22,20600,0.85,4.7,3662210
PRD-2488,Home Automation,Asia-Pacific,202000,155000,195.51,76,18000,0.74,4.6,1794180
PRD-3474,Kitchen Appliances,North America,242000,125000,243.75,97.9,13200,0.83,4.9,1558220
PRD-1918,Home Automation,Asia-Pacific,232000,160000,201.5,82.84,16900,0.74,4,1613354
PRD-1144,Personal Audio,Asia-Pacific,74000,57000,58.79,21,38200,0.82,4.3,1312578
PRD-3388,Home Automation,Asia-Pacific,242000,143000,201.5,82.84,15400,0.74,4.1,1442364
PRD-2717,Gaming Gear,Asia-Pacific,223000,155000,167.39,67.32,25500,0.74,4.5,2173785
PRD-1867,Office Equipment,Latin America,92000,59000,81.95,26.32,8100,0.6,3.5,299603
PRD-1930,Health & Fitness,Latin America,92000,68000,109.45,33.84,10000,0.74,4.6,596100
PRD-3392,Wearable Tech,Europe,289000,159000,206.1,79.2,13500,0.77,4,1265150
PRD-2844,Kitchen Appliances,North America,209000,151000,243.75,97.9,15500,0.83,4.7,1900675
PRD-1962,Smart Home,Europe,189000,110000,158.47,63.8,14400,0.81,3.9,1064248
PRD-1299,CONSUMER ELECTRONICS,Asia-Pacific,287000,219000,309.43,126.88,25200,0.85,5,4094260
PRD-1649,Health & Fitness,Middle East,115000,72000,125.1,46.8,6700,0.6,3.9,337610
PRD-2187,Office Equipment,Europe,95000,59000,80.99,36.38,11000,0.78,4.4,336709.99999999994
PRD-1959,Consumer Electronics,Asia-Pacific,281000,196000,347.71,119.56,23700,0.85,5,4930154.999999999
PRD-1907,Gaming Gear,Asia-Pacific,210000,157000,188.99,63.24,26200,0.74,4.4,2927650
PRD-2523,Outdoor Tech,North America,174000,124000,154.65,68.48,12600,0.77,3.9,787742
PRD-1675,Personal Audio,Latin America,65000,42000,45.99,19.06,21900,0.69,3.7,482767.0000000001
PRD-1100,Consumer Electronics,Europe,456000,297000,464.07,193.05,9500,0.86,4.4,1821690
PRD-1850,Consumer Electronics,Europe,368000,249000,494.01,187.2,11700,0.86,4.9,2972677
PRD-2195,Kitchen Appliances,Europe,235000,141000,233.1,89.1,14100,0.84,4.6,1654400
PRD-1788,Office Equipment,North America,74000,45000,58.7,25.68,17900,0.73,4,472058
PRD-3087,Office Equipment,Europe,113000,73000,83.66,32.3,14400,0.78,3.9,553584
PRD-3367,Office Equipment,Latin America,80000,58000,75.25,30.52,8100,0.6,4.2,224313.00000000006
PRD-2108,Home Automation,Europe,294000,189000,222.27,90.09,14900,0.77,4.4,1486482
PRD-3241,Smart Home,North America,267000,198000,281.79,114.45,26300,0.95,4.5,3936042.000000001
PRD-2639,Health & Fitness,Middle East,153000,86000,150.12,53.04,7400,0.6,3.9,479392.0000000001
PRD-1340,Consumer Electronics,Europe,408000,302000,523.95,181.35,12900,0.86,5,3709540
PRD-2504,Wearable Tech,North America,358000,202000,287.04,124.2,16200,0.93,4.3,2078008.0000000005
PRD-2841,Health & Fitness,North America,159000,102000,130.79,41.16,25500,0.8,4.4,2024565
PRD-2556,,Middle East,189000,154000,189.99,66.24,4700,0.5,3.6,238625.00000000012
PRD-3358,Home Automation,Asia-Pacific,209000,178000,219.45,71.44,14000,0.74,4.3,1685139.9999999998
PRD-2368,Home Automation,Asia-Pacific,216000,153000,183.54,78.28,12500,0.74,4.3,946750
PRD-3022,Wearable Tech,Asia-Pacific,319000,201000,274.45,92.12,17600,0.8,3.8,2689007.9999999995
PRD-2225,Kitchen Appliances,Europe,269000,154000,264.18,103.95,15300,0.84,4.4,2028519.0000000005
PRD-2756,Gaming Gear,North America,305000,238000,335.04,145.8,20300,0.89,5,3298572
PRD-1212,Smart Home,Europe,173000,131000,149.5,53.36,11900,0.81,4.5,840066
PRD-3270,Consumer Electronics,Latin America,200000,122000,159.99,57.04,7200,0.61,4.1,419240.0000000001
PRD-1521,Health & Fitness,North America,165000,90000,127.19,46.2,28900,0.8,4.4,2085611
PRD-1312,Wearable Tech,Asia-Pacific,255000,219000,244.51,98,14100,0.8,4.2,1591790.9999999998
PRD-2424,Kitchen Appliances,North America,187000,123000,243.75,97.9,15100,0.83,4.2,1892335
PRD-1787,Gaming Gear,Asia-Pacific,223000,155000,178.19,65.28,18300,0.74,7.6,1688253
PRD-3418,Home Automation,Asia-Pacific,202000,155000,183.54,78.28,16800,0.74,3.9,1411367.9999999998
PRD-3127,Office Equipment,Latin America,91000,57000,81.95,26.32,8800,0.6,3.6,341544
PRD-1001,Consumer Electronics,North America,250000,180000,199.99,79.99,15000,0.85,4.6,1370000.0000000002
PRD-1563,,North America,205000,114000,180.15,70.4,12500,0.77,4.8,1052875
PRD-3263,Outdoor Tech,Europe,167000,130000,175.77,73.26,7100,0.61,3.8,430821
PRD-2567,Gaming Gear,Asia-Pacific,206000,141000,172.79,73.44,24600,0.74,4.4,2097010
PRD-3097,Office Equipment,Latin America,78000,52000,73.01,28,8100,0.6,3.8,234581.00000000006
PRD-2189,Health & Fitness,Middle East,120000,89000,133.44,56.16,6600,0.6,3.6,301048
PRD-1106,Gaming Gear,North America,322000,223000,376.92,137.7,19700,0.89,5,4167634.000000001
PRD-2045,Kitchen Appliances,Europe,216000,176000,240.87,98.01,13600,0.84,4.5,1550896.0000000002
PRD-3192,Smart Home,Europe,162000,132000,140.53,55.1,14400,0.81,4.5,936192
PRD-2548,Home Automation,Asia-Pacific,196000,132000,201.5,82.84,14500,0.74,4.2,1392570
PRD-2529,Consumer Electronics,Asia-Pacific,340000,260000,338.14,134.2,25200,0.85,5.1,4539288
PRD-1324,Personal Audio,Asia-Pacific,93000,67000,64.19,22.26,43700,0.82,5.3,1672340.9999999998
PRD-2112,Smart Home,Europe,203000,121000,153.99,58.58,14900,0.81,4,1097609.0000000002
PRD-2280,Consumer Electronics,Latin America,,104000,164.79,62.62,10000,0.61,4.1,766699.9999999999
PRD-3422,Wearable Tech,Europe,244000,173000,233.58,92.4,14800,0.77,4.9,1672464
PRD-2160,Consumer  Electronics,Latin America,161000,102000,155.19,64.48,10400,0.61,3.8,680383.9999999999
PRD-3019,Smart Home,Middle East,155000,109000,201.48,90.64,7200,0.53,4.6,534047.9999999999
PRD-2103,Outdoor Tech,North America,213000,139000,154.65,68.48,12300,0.77,4.5,707891
PRD-1471,Smart Home,North America,301000,251000,298.53,111.3,26800,0.95,4.2,4465763.999999999
PRD-1081,Smart Home,North America,313000,227000,273.42,105,28300,0.95,4.6,4226286
PRD-3432,Smart Home,Europe,196000,134000,158.47,63.8,13100,0.81,4,910177
PRD-2535,Personal Audio,Europe,106000,72000,79.95,24.38,30100,0.79,4.8,1494657.0000000002
PRD-1388,Home Automation,Europe,308000,178000,236.61,87.36,20100,0.77,4.8,2513925
PRD-1770,Consumer Electronics,Latin America,168000,125000,174.39,60.76,7300,0.61,4.2,536499
PRD-2157,Office Equipment,Europe,113000,73000,89,31.28,15500,0.78,4.6,708660
PRD-1229,Health & Fitness,Middle East,143000,82000,125.1,46.8,6500,0.6,3.5,283950
PRD-3184,Personal Audio,Asia-Pacific,93000,67000,56.99,19.11,37000,0.82,5,1241560
PRD-1883,Outdoor Tech,Europe,181000,135000,204.12,75.48,10200,0.61,,996127.9999999998
PRD-1285,Personal Audio,Latin America,68000,51000,51.99,17.95,15200,0.69,4.1,398408.0000000001
PRD-2664,,North America,229000,126000,223.05,92.56,13600,0.83,5.8,1419664.0000000002
PRD-3017,Gaming Gear,Asia-Pacific,191000,184000,194.39,69.36,18300,0.74,4.7,1913048.9999999995
PRD-1329,,Asia-Pacific,333000,237000,347.71,119.56,18300,0.85,5,3605144.9999999995
PRD-3426,Gaming Gear,Middle East,195000,132000,172.89,77.04,5600,0.5,4.4,209759.99999999988
PRD-1894,Personal Audio,Asia-Pacific,82000,65000,62.39,20.37,46600,0.82,4.8,1811131.9999999998
PRD-1170,Consumer Electronics,Latin America,166000,120000,159.99,57.04,9500,0.61,3.8,692025.0000000001
PRD-2582,Wearable Tech,Europe,273000,161000,233.58,92.4,13900,0.77,3.9,1528402
PRD-3208,Home Automation,Asia-Pacific,262000,164000,183.54,78.28,13400,0.74,4.2,984483.9999999998
PRD-1518,Office Equipment,North America,72000,,70.31,23.52,18100,0.73,3.6,719899.0000000001
PRD-2990,Consumer Electronics,Europe,388000,319000,464.07,193.05,13200,0.86,5,2870463.9999999995
PRD-2606,Gaming Gear,North America,385000,215000,345.51,129.6,19500,0.89,4.9,3610245
PRD-1012,Wearable Tech,Asia-Pacific,280000,190000,249.5,98,16800,0.79,4.3,2075200
PRD-1056,Gaming Gear,Middle East,215000,116000,207.09,70.56,4800,0.5,3.7,324344
PRD-1628,Home Automation,Europe,275000,181000,215.1,81.9,18400,0.77,4.3,1994880
PRD-1572,Smart Home,Europe,196000,134000,145.02,60.32,10000,0.81,4.3,517000.0000000001
PRD-3288,Office Equipment,North America,88000,43000,66.44,24.24,17800,0.73,3.9,620160
PRD-1845,Personal Audio,Europe,95000,74000,77.55,27.56,29400,0.79,3.9,1300705.9999999998
PRD-1657,Office Equipment,Latin America,87000,63000,81.95,26.32,6500,0.6,3.5,211595
PRD-3356,Gaming Gear,North America,308000,250000,366.45,125.55,23600,0.89,5,5127239.999999999
PRD-1864,Personal Audio,Asia-Pacific,96000,61000,55.19,21.63,42800,0.82,5,1279368
PRD-3150,Consumer Electronics,Latin America,156000,121000,150.39,58.9,7700,0.61,3.8,427472.9999999999
PRD-2934,Kitchen Appliances,North America,233000,141000,229.95,81.88,13500,0.83,4.1,1624945
PRD-1255,Personal Audio,Latin America,80000,48000,45.99,19.06,21300,0.69,4.3,445609.0000000001
PRD-3439,Smart Home,Middle East,172000,96000,201.48,90.64,7400,0.53,4,552215.9999999999
PRD-2088,Office Equipment,North America,86000,,68.37,26.4,19200,0.73,4.2,665824.0000000001
PRD-1444,Personal Audio,Asia-Pacific,88000,68000,55.19,21.63,41600,0.82,4.5,1240096
PRD-1869,Consumer Electronics,,347000,212000,299.86,115.9,17800,0.85,4.8,2715488
PRD-2966,Gaming Gear,North America,322000,223000,335.04,145.8,16400,0.89,4.7,2558536
PRD-1943,Outdoor Tech,Europe,175000,116000,170.1,66.6,8200,0.61,3.8,557700
PRD-1911,Health & Fitness,North America,159000,102000,112.79,39.9,27400,0.8,4,1736186.0000000005
PRD-1922,Wearable Tech,Europe,278000,179000,206.1,79.2,14900,0.77,3.9,1433809.9999999998
PRD-2824,Personal Audio,Asia-Pacific,82000,65000,58.79,21,43300,0.82,4.1,1489307
PRD-3473,Outdoor Tech,Europe,177000,122000,175.77,73.26,8900,0.61,3.5,613339
PRD-1900,Health & Fitness,Latin America,110000,63000,97.51,36,9000,0.74,3.7,380590
PRD-3096,Gaming Gear,Middle East,197000,139000,201.39,79.2,7000,0.5,4.4,519329.9999999999
PRD-2142,Smart Home,Europe,173000,131000,140.53,55.1,10900,0.81,3.8,627187.0000000001
PRD-1742,Wearable Tech,Europe,221000,149000,233.58,92.4,13100,0.77,4,1479458
PRD-1591,Smart Home,North America,282000,253000,256.68,108.15,382500,0.95,4.5,3252515
PRD-2091,Health & Fitness,North America,146000,120000,123.59,42.42,20600,0.8,5,1406102
PRD-2030,Consumer Electronics,Europe,456000,297000,538.92,198.9,13100,0.86,4.8,3701262
PRD-1538,Home Automation,Europe,245000,194000,229.44,98.28,20800,0.77,4.9,2289128
PRD-1825,Personal Audio,Latin America,71000,46000,54.99,17.39,22600,0.69,3.8,732760
PRD-1722,Smart Home,Europe,155000,108000,140.53,55.1,10500,0.81,4.4,634015.0000000001
PRD-1013,Outdoor Tech,Europe,190000,130000,189,74,8500,0.68,4,657500
PRD-2403,Outdoor Tech,North America,185000,123000,180.15,70.4,13200,0.77,4.7,1140700
PRD-2846,Gaming Gear,North America,343000,220000,314.1,121.5,17400,0.89,4.4,2788240.0000000005
PRD-2534,Wearable Tech,North America,304000,218000,322.92,117.3,17800,0.93,4.1,3138036
PRD-1065,Personal Audio,Europe,103000,960000,79.95,24.38,33600,0.79,4.7,1684152.0000000002
PRD-1048,Home Automation,Asia-Pacific,225000,136000,219.45,71.44,14600,0.74,4.3,1799946
PRD-1452,Smart Home,Europe,207000,133000,136.05,62.06,10600,,4,444294.0000000001
PRD-1422,Smart Home,Europe,182000,124000,149.5,53.36,14600,0.81,4.2,1097644
PRD-1837,Office Equipment,Latin America,79000,55000,73.01,28,7400,0.6,3.5,199074.00000000006
PRD-1500,Consumer Electronics,Latin America,165000,114000,169.59,68.2,7400,0.61,3.8,471286
PRD-2385,Personal Audio,Europe,99000,65000,82.35,26.77,28700,0.79,4.7,1431146
PRD-3016,Kitchen Appliances,Latin America,147000,78000,122.55,49.14,9000,0.69,4.3,435690
PRD-2505,Personal Audio,Europe,93000,66000,87.15,25.97,41300,0.79,3.9,2367734.0000000005
PRD-2453,Outdoor Tech,Europe,215000,131000,198.45,68.82,7300,0.61,3.7,600299
PRD-1030,Health & Fitness,Latin America,,68000,99.5,36,11200,0.67,4.2,538200
PRD-2355,Personal Audio,Europe,86000,83000,72.75,28.36,39900,0.79,4.9,1602161
PRD-3467,Gaming Gear,Asia-Pacific,242000,178000,178.19,65.28,20900,0.74,5,1939819
PRD-1798,Home Automation,Asia-Pacific,246000,158000,189.53,69.16,17700,0.74,4.8,1726549
PRD-2358,Office Equipment,North America,,43000,70.31,23.52,19000,0.73,3.5,758010.0000000001
PRD-2158,Home Automation,Asia-Pacific,205000,163000,183.54,78.28,15400,0.74,4.6,1253003.9999999998
PRD-3075,Personal Audio,Europe,81000,64000,84.75,29.15,29400,0.79,4.5,1489640
PRD-2620,Health & Fitness,Latin America,105000,67000,91.54,37.08,10200,0.74,4.4,383492.0000000001
PRD-3466,Kitchen Appliances,Latin America,137000,75000,138.03,57.24,10200,0.69,4.6,612057.9999999999
PRD-3176,Gaming Gear,North America,340000,285000,335.04,145.8,20900,0.89,4.4,3330116
PRD-2855,Kitchen Appliances,Europe,230000,174000,264.18,103.95,13200,0.84,4.6,1711036.0000000005
PRD-1495,Personal Audio,Latin America,,49000,51.99,17.95,19400,0.69,3.8,540376.0000000001
PRD-3157,Office Equipment,Latin America,104000,61000,75.25,30.52,6400,0.6,8.4,121272
PRD-1966,Kitchen Appliances,Latin America,155000,77000,122.55,49.14,10300,0.69,3.6,524123
PRD-1107,Office Equipment,Europe,120000,73000,89,31.28,11600,0.78,3.9,476552
PRD-1164,Kitchen Appliances,North America,189000,131000,243.75,97.9,13800,0.83,4.9,1692730
PRD-3376,Kitchen Appliances,Latin America,122000,81000,118.68,55.62,7600,0.69,4.1,276256.00000000006
PRD-1744,Personal Audio,Asia-Pacific,75000,60000,64.19,22.26,44900,0.82,4.7,1747656.9999999998
PRD-1713,Outdoor Tech,North America,163000,125000,175.05,64.64,13000,0.77,3.8,1147330.0000000002
PRD-3453,Outdoor Tech,North America,174000,124000,180.15,70.4,11700,0.77,4.3,986075
PRD-2295,Personal Audio,Europe,88000,71000,87.15,25.97,33600,0.79,4.2,1896648.0000000002
PRD-3222,Smart Home,Europe,187000,104000,158.47,63.8,10400,0.81,4.3,693568
PRD-1817,Gaming Gear,Asia-Pacific,187000,168000,161.99,61.2,20200,0.74,5,1680958.0000000002
PRD-1665,Personal Audio,Europe,104000,84000,87.15,25.97,39200,0.79,4,2210256.0000000005
PRD-1432,Wearable Tech,Asia-Pacific,238000,162000,259.48,95.06,20200,0.8,4.5,2921284.0000000005
PRD-1820,Consumer Electronics,Europe,436000,314000,538.92,198.9,10700,0.86,5,2888214
PRD-1490,Consumer Electronics,Europe,440000,241000,508.98,204.75,8800,0.86,5,1996224
PRD-2083,Health & Fitness,Asia-Pacific,102000,81000,93.59,31.53,27400,0.78,4.3,1517444
PRD-2494,Personal Audio,Asia-Pacific,82000,68000,55.19,21.63,36100,0.82,4.1,1061516
PRD-3319,Smart Home,Middle East,182000,95000,234.33,93.28,7800,0.53,3.7,823190
PRD-1887,Office Equipment,Europe,111000,67000,86.33,35.36,15600,0.78,4.2,617132
PRD-1410,Consumer Electronics,Latin America,200000,122000,145.59,66.34,8600,0.61,4.4,359550
PRD-2927,Gaming Gear,Asia-Pacific,233000,146000,167.39,67.32,21300,0.74,5,1752491
PRD-1932,Smart Home,Europe,,138000,140.53,55.1,13300,0.81,4.1,834219
PRD-1188,Office Equipment,North America,73000,58000,66.44,24.24,15400,0.73,3.6,518880
PRD-2013,Outdoor Tech,North America,192000,109000,164.85,66.56,13900,0.77,4,1065231
PRD-1835,Kitchen Appliances,Europe,204000,,240.87,98.01,10700,0.84,4.8,1188602.0000000002
PRD-3161,Consumer Electronics,North America,225000,198000,179.99,71.99,17700,0.84,4.2,1488600.0000000002
PRD-1096,,Latin America,151000,91000,134.16,52.38,8800,0.69,3.9,477664
PRD-1751,Consumer Electronics,North America,285000,191000,185.99,79.19,15800,0.84,4.8,1211440.0000000002
PRD-1275,Personal Audio,Europe,107000,76000,79.95,24.38,41300,0.79,4.4,2112041.0000000005
PRD-2238,,North America,68000,43000,66.44,24.24,13300,0.73,4.3,450260
PRD-2542,Wearable Tech,Asia-Pacific,300000,,266.97,103.88,14100,0.8,4.8,1805569.0000000005
PRD-2367,Office Equipment,Europe,119000,70000,89,31.28,12800,0.78,4.3,549816
PRD-2740,Health & Fitness,Latin America,99000,67000,97.51,36,9600,0.74,4.7,424496
PRD-1175,Kitchen Appliances,Europe,209000,152000,264.18,103.95,-11600,0.84,4.8,1497668.0000000002
PRD-3490,Health & Fitness,Latin America,108000,77000,103.48,34.92,11900,0.74,4.1,630864
PRD-3173,Outdoor Tech,Europe,205000,139000,187.11,71.04,8200,0.61,4.4,607774.0000000001
PRD-3336,Gaming Gear,Middle East,174000,142000,184.29,74.88,6400,0.5,3.9,384224
PRD-3160,Health & Fitness,Latin America,109000,59000,97.51,36,10000,0.74,4.1,447100
PRD-1047,Office Equipment,Europe,123000,62000,86.33,35.36,14800,0.78,4.3,569356
PRD-1777,Office Equipment,Latin America,82000,63000,70.78,25.48,6100,0.6,3.8,131330
PRD-1098,Office Equipment,North America,89000,46000,70.31,23.52,17600,0.73,4.2,688504.0000000001
PRD-2827,Office Equipment,Latin America,77000,47000,70.78,25.48,8200,0.6,3.5,247460
PRD-2349,Consumer Electronics,Asia-Pacific,370000,221000,309.43,126.88,22400,0.85,4.9,3498120.0000000005
PRD-1592,Wearable Tech,Europe,281000,187000,240.45,81.84,12500,0.77,3.9,1514624.9999999998
PRD-1321,Smart Home,North America,276000,231000,306.9,98.7,25700,0.95,5,4843740
PRD-1694,Wearable Tech,North America,339000,204000,322.92,117.3,16700,0.93,4.2,2890854
PRD-2679,Consumer Electronics,Asia-Pacific,366000,209000,328.57,123.22,17200,0.85,4.9,2957020
PRD-2746,Kitchen Appliances,Latin America,144000,96000,118.68,55.62,9100,0.69,3.9,333846.0000000001
PRD-1298,Home Automation,Europe,278000,191000,250.95,84.63,15400,0.77,4.3,2092328
PRD-3084,Kitchen Appliances,North America,251000,154000,223.05,92.56,14100,0.83,4.2,1434909.0000000002
PRD-2791,Smart Home,North America,288000,207000,306.9,98.7,23100,0.95,4.2,4314420
PRD-3245,Kitchen Appliances,Europe,221000,142000,233.1,89.1,12400,0.84,4.2,1422600
PRD-2736,Gaming Gear,Middle East,172000,135000,207.09,70.56,5500,0.5,3.5,443915
PRD-1103,Outdoor Tech,Europe,196000,147000,170.1,66.6,7700,0.61,3.9,453950
PRD-1052,Wearable Tech,Europe,270000,152000,226.71,84.48,12800,0.77,4.2,1398544.0000000002
PRD-3349,Smart Home,Middle East,153000,103000,214.62,88,8400,0.53,4.6,807608
PRD-2482,Wearable Tech,Asia-Pacific,308000,163000,259.48,95.06,18000,0.8,,2488560.0000000005
PRD-2274,Kitchen Appliances,North America,238000,155000,250.65,87.22,14500,0.83,4.1,1976735
PRD-2901,Health & Fitness,North America,155000,119000,109.19,44.94,19800,0.8,4,998150
PRD-2363,Outdoor Tech,Europe,194000,140000,170.1,66.6,8500,0.61,4.3,545750
PRD-2040,Consumer Electronics,Latin America,172000,101000,145.59,66.34,7200,0.61,4.6,297600
PRD-3007,Office Equipment,Latin America,96000,,77.48,27.16,6100,0.6,3.5,154952.00000000006
PRD-2728,Home Automation,Asia-Pacific,246000,158000,219.45,71.44,16500,0.74,4.1,2038165
PRD-3156,Gaming Gear,Middle East,191000,119000,207.09,70.56,5700,0.5,4,468221
PRD-1741,Smart Home,North America,307000,205000,306.9,98.7,26500,0.95,4.6,5005300
PRD-2256,Gaming Gear,Middle East,218000,130000,201.39,79.2,6700,0.5,4.5,470672.9999999999
PRD-1937,Gaming Gear,Asia-Pacific,239000,170000,172.79,73.44,19100,0.74,5,1488585
PRD-1799,Health & Fitness,Middle East,126000,80000,150.12,53.04,7000,0.6,4,473560.0000000001
PRD-3330,Consumer Electronics,Latin America,194000,105000,164.79,62.62,8800,0.61,3.7,600095.9999999999
PRD-2749,Smart Home,Middle East,152000,98000,240.9,82.72,7300,0.53,4.2,904714
PRD-1506,Gaming Gear,Middle East,201000,153000,189.99,66.24,5500,0.5,4,326625.0000000001
PRD-3240,Consumer Electronics,Latin America,175000,113000,174.39,60.76,10100,0.61,4.3,859663
PRD-1588,Home Automation,Asia-Pacific,235000,167000,189.53,69.16,14300,0.74,4,1319291
PRD-1856,Gaming Gear,North America,354000,258000,324.57,133.65,23800,0.89,4.4,3931896
PRD-2916,Gaming Gear,Middle East,215000,116000,184.29,74.88,6300,0.5,4.5,358283
PRD-3056,Gaming Gear,North America,361000,283000,314.1,121.5,21900,0.89,5,3573940.000000001
PRD-3264,Kitchen Appliances,North America,231000,133000,243.75,97.9,15900,0.83,4.1,1955015
PRD-3242,Wearable Tech,Europe,268000,198000,212.97,87.12,12900,0.77,3.9,1157465
PRD-2448,Office Equipment,North America,72000,55000,66.44,24.24,16800,0.73,4,581960
PRD-1241,Consumer Electronics,North America,233000,169000,197.99,76.79,17400,0.84,4.9,1706880
PRD-3239,,Middle East,154000,90000,133.44,56.16,5700,0.6,4.3,196496
PRD-2627,Gaming Gear,Asia-Pacific,200000,166000,178.19,65.28,19600,0.74,5,1847036
PRD-2633,Outdoor Tech,Europe,198000,113000,175.77,73.26,8400,0.61,3.6,550084
PRD-3209,Health & Fitness,Middle East,135000,83000,145.95,48.36,7900,0.6,3.5,552960.9999999999
PRD-2709,Consumer Electronics,Asia-Pacific,310000,228000,299.86,115.9,19100,0.85,4.7,2975636
PRD-2744,Wearable Tech,North America,320000,206000,322.92,117.3,21800,0.93,4.9,3956516
PRD-3419,Health & Fitness,Middle East,142000,78000,145.95,48.36,6600,0.6,4.2,424093.9999999999
PRD-1165,Personal Audio,Latin America,72000,51000,48.99,18.5,16200,0.69,3.8,370938.00000000006
PRD-2296,Kitchen Appliances,Latin America,154000,73000,130.29,58.86,8000,0.69,3.6,344439.9999999999
PRD-3098,Home Automation,Europe,286000,161000,215.1,81.9,16600,0.77,4.4,1764120
PRD-3110,Consumer Electronics,Europe,364000,322000,494.01,187.2,12700,0.86,4.2,3210487
PRD-2886,Gaming Gear,Middle East,187000,147000,201.39,79.2,5700,0.5,3.6,362482.9999999999
PRD-2267,Gaming Gear,Asia-Pacific,237000,162000,183.59,71.4,22900,0.74,5,2170151
PRD-1536,Gaming Gear,Middle East,168000,122000,172.89,77.04,6000,0.5,3.8,285099.9999999999
PRD-1852,Wearable Tech,Asia-Pacific,266000,198000,259.48,95.06,13800,0.8,3.9,1804996
PRD-1270,Health & Fitness,Latin America,95000,75000,97.51,36,10800,0.74,4.6,494308
PRD-1797,Office Equipment,Europe,99000,72000,91.67,34.34,11900,0.78,3.7,511227
PRD-1205,Kitchen Appliances,,242000,165000,240.87,98.01,12800,0.84,4.6,1421608.0000000002
PRD-2721,Health & Fitness,North America,168000,101000,123.59,42.42,26700,0.8,4.1,1898239
PRD-1204,Personal Audio,,98000,67000,60.59,22.89,45800,0.82,5,1561660.0000000002
PRD-2776,Kitchen Appliances,Latin America,120000,77000,134.16,52.38,10000,0.69,3.7,620800
PRD-1109,Health & Fitness,,151000,82000,145.95,48.36,6900,0.6,4.2,440370.9999999999
PRD-1804,Personal Audio,Asia-Pacific,72000,51000,65.99,19.74,35300,0.82,4.3,1509625
PRD-2694,Kitchen Appliances,North America,191000,138000,250.65,87.22,14900,0.83,4.6,2106107
PRD-1290,Consumer Electronics,Latin America,156000,121000,169.59,68.2,9100,0.61,4.1,645649
PRD-1121,Consumer Electronics,North America,248000,167000,185.99,79.19,12000,0.84,4.6,866600.0000000002
PRD-2550,Consumer Electronics,Latin America,154000,115000,169.59,68.2,9900,0.61,4.5,734761
PRD-3411,Health & Fitness,North America,,99000,127.19,46.2,27200,0.8,5,1963928
PRD-1524,Kitchen Appliances,North America,218000,135000,236.85,89.89,11600,0.83,4.7,1351735.9999999998
PRD-2861,Consumer Electronics,North America,263000,166000,191.99,86.39,16500,0.84,5,1313400.0000000002
PRD-3086,,North America,301000,225000,355.98,141.75,23800,0.89,5,4572674
PRD-3014,Wearable Tech,North America,326000,227000,269.1,103.5,21700,0.93,4.2,3040520.0000000005
PRD-2857,Office Equipment,Latin America,89000,51000,79.72,29.68,8900,0.6,3.5,305356
PRD-1141,Smart Home,North America,304000,194000,281.79,114.45,22400,0.95,4.2,3250416.000000001
PRD-2451,Health & Fitness,North America,165000,90000,119.99,38.64,27000,0.8,4.8,1941450
PRD-2239,Smart Home,Middle East,168000,119000,208.05,80.08,8100,0.53,4.3,749557.0000000001
PRD-2215,Personal Audio,Latin America,68000,51000,48.99,18.5,21500,0.69,3.5,536535
PRD-1277,Gaming Gear,Asia-Pacific,179000,136000,188.99,63.24,20700,0.74,5,2288025
PRD-2021,Consumer Electronics,North America,213000,153000,191.99,86.39,15600,0.84,4.1,1281360.0000000002
PRD-2092,Wearable Tech,Asia-Pacific,319000,201000,237.03,89.18,19000,0.8,4.5,2289150
PRD-2835,Personal Audio,Europe,92000,86000,75.15,25.18,32900,0.79,3.9,1466013.0000000002
PRD-2405,Kitchen Appliances,Europe,247000,181000,233.1,89.1,11600,0.84,4.3,1242400
PRD-1431,Health & Fitness,North America,149000,98000,109.19,44.94,22300,0.8,5,1185775
PRD-3293,Outdoor Tech,Europe,194000,140000,198.45,68.82,7800,0.61,3.6,677114
PRD-2045,Kitchen Appliances,Europe,216000,176000,240.87,98.01,13600,0.84,4.5,1550896.0000000002
PRD-2914,Personal Audio,Asia-Pacific,91000,61000,55.19,21.63,37400,0.82,4.6,1103144
PRD-2614,Personal Audio,Asia-Pacific,77000,69000,58.79,21,34000,0.82,4.4,1138860
PRD-1712,Wearable Tech,Europe,265000,189000,206.1,79.2,11700,0.77,4.2,1030730
PRD-3480,Consumer Electronics,Latin America,154000,115000,159.99,57.04,9200,0.61,3.8,678140.0000000001
PRD-1157,Gaming Gear,Asia-Pacific,191000,184000,178.19,65.28,21800,0.74,5,2086438
PRD-1719,Consumer Electronics,Asia-Pacific,320000,262000,309.43,126.88,25800,0.85,4.7,4127790
PRD-1486,Kitchen Appliances,Latin America,146000,74000,118.68,55.62,8300,0.69,4.6,303398.00000000006
PRD-2464,Personal Audio,Asia-Pacific,97000,64000,60.59,22.89,49600,0.82,4.3,1708920.0000000002
PRD-2221,Smart Home,North America,329000,213000,256.68,108.15,21300,0.95,4.7,2621689
PRD-1990,Health & Fitness,Latin America,89000,58000,91.54,37.08,12000,0.74,4.2,506520.0000000001
PRD-2398,Home Automation,Asia-Pacific,248000,166000,207.48,73.72,13900,0.74,4.1,1445263.9999999998
PRD-1455,Personal Audio,Europe,99000,65000,87.15,25.97,31500,0.79,4.3,1763170.0000000002
PRD-1427,Gaming Gear,Asia-Pacific,195000,150000,183.59,71.4,21600,0.74,4.3,2078304
PRD-2061,Health & Fitness,North America,171000,111000,109.19,44.94,28400,0.8,4.1,1542700
PRD-3283,Health & Fitness,Asia-Pacific,,90000,90.89,35.43,24900,0.78,5,1186954
PRD-2551,Smart Home,North America,326000,202000,273.42,105,25700,0.95,4.7,3800394
PRD-1021,Smart Home,North America,310000,220000,279,105,26000,0.91,,3994000
PRD-1857,Office Equipment,Europe,96000,62000,94.34,37.4,14400,0.78,4.4,661936.0000000001
PRD-2993,Outdoor Tech,Europe,163000,117000,170.1,66.6,7100,0.61,4.5,454850
PRD-2076,Gaming Gear,Middle East,176000,149000,184.29,74.88,5900,0.5,3.5,320519
PRD-3124,Personal Audio,Asia-Pacific,95000,58000,55.19,21.63,46600,0.82,4.3,1410896
PRD-1977,Office Equipment,Europe,123000,62000,80.99,36.38,13700,0.78,3.6,426156.9999999999
PRD-1609,Smart Home,Middle East,144000,105000,208.05,80.08,6300,0.53,4.1,557211.0000000001
PRD-3051,Health & Fitness,North America,167000,96000,130.79,41.16,20800,0.8,4.1,1601304
PRD-1639,Smart Home,Middle East,167000,113000,234.33,93.28,6900,0.53,3.9,693245.0000000001
PRD-1548,Office Equipment,North America,83000,44000,64.5,22.08,13000,0.73,3.5,424460
PRD-1790,Consumer Electronics,Europe,380000,291000,479.04,210.6,9700,0.86,4.2,1932868.0000000005
PRD-1262,,Europe,283000,196000,226.71,84.48,16000,0.77,3.9,1796680.0000000005
PRD-2871,Health & Fitness,North America,134000,110000,119.99,38.64,27700,0.8,4.2,2009395
PRD-2445,Personal Audio,Europe,96000,77000,84.75,29.15,35000,0.79,4.3,1773000
PRD-3094,Personal Audio,Asia-Pacific,83000,53000,60.59,22.89,42800,0.82,4.5,1477560.0000000002
PRD-3109,Smart Home,Middle East,173000,,234.33,93.28,6200,0.53,4,600510.0000000001
PRD-2707,Office Equipment,Latin America,82000,63000,81.95,26.32,8600,0.6,4.2,333418
PRD-1667,Gaming Gear,Asia-Pacific,235000,154000,167.39,67.32,19400,0.74,4.9,1552357.9999999998
PRD-2708,Home Automation,Europe,297000,198000,243.78,95.55,17700,0.77,4.8,2128671.0000000005
PRD-1376,Gaming Gear,North America,329000,248000,314.1,121.5,19500,0.89,5,3178700.0000000005
PRD-2338,Home Automation,Asia-Pacific,255000,141000,201.5,82.84,17400,0.74,4.5,1668684
PRD-2779,Smart Home,Middle East,175000,107000,221.19,95.92,7900,0.53,4,707633
PRD-3196,Kitchen Appliances,Latin America,134000,93000,134.16,52.38,10300,0.69,4.2,615334
PRD-2377,Office Equipment,Latin America,83000,49000,77.48,27.16,7300,0.6,4.2,235336.00000000006
PRD-1023,Outdoor Tech,North America,185000,125000,169.95,64,11800,0.74,4.3,940209.9999999998
PRD-1752,Smart Home,Europe,180000,118000,158.47,63.8,11600,0.81,4.2,800172
PRD-2634,Kitchen Appliances,North America,198000,160000,243.75,97.9,12400,0.83,5,1450540
PRD-2216,Gaming Gear,North America,399000,265000,314.1,121.5,20700,0.89,5,3322820.0000000005
PRD-1745,Kitchen Appliances,Europe,252000,147000,256.41,95.04,12500,0.84,4.3,1618125
PRD-1230,Consumer Electronics,Latin America,161000,102000,164.79,62.62,7500,0.61,4.5,503274.9999999999
PRD-1234,Personal Audio,Asia-Pacific,83000,53000,55.19,21.63,49600,0.82,4.8,1528576
PRD-2809,Smart Home,Middle East,147000,,201.48,90.64,8600,0.53,3.8,690223.9999999999
PRD-1237,Office Equipment,Latin America,78000,52000,81.95,26.32,6200,0.6,4.1,214906
PRD-1832,Wearable Tech,Europe,250000,191000,219.84,95.04,17000,0.77,4.5,1680600
PRD-2268,Office Equipment,North America,79000,47000,60.63,22.8,14700,0.73,4.1,430101
PRD-2970,Consumer Electronics,Latin America,172000,101000,169.59,68.2,10100,0.61,3.9,751039
PRD-2164,Personal Audio,Asia-Pacific,83000,53000,64.19,22.26,46200,0.82,4.1,1801165.9999999998
PRD-2100,Consumer Electronics,Latin America,166000,120000,150.39,58.9,8800,0.61,4.2,519111.9999999999
PRD-1193,Outdoor Tech,Europe,,138000,198.45,68.82,10000,0.61,4.4,941300
PRD-2418,Office Equipment,North America,86000,51000,58.7,25.68,15400,0.73,4.2,371508.00000000006
PRD-2860,Health & Fitness,Latin America,92000,68000,103.48,34.92,9100,0.74,3.9,463896
PRD-1502,Wearable Tech,Europe,252000,200000,206.1,79.2,14500,0.77,4.5,1388049.9999999998
PRD-1924,Personal Audio,Asia-Pacific,94000,52000,56.99,19.11,50400,0.82,4.6,1763152.0000000002
PRD-1351,Smart Home,North America,319000,249000,281.79,114.45,28100,0.95,5,4134254.000000001
PRD-2615,Kitchen Appliances,Europe,259000,171000,233.1,89.1,14500,0.84,4,1658000
PRD-1704,Kitchen Appliances,North America,198000,160000,209.25,95.23,13500,0.83,4.6,1181270
PRD-3368,Home Automation,Europe,292000,179000,222.27,90.09,16500,0.77,4.8,1709970
PRD-1445,Kitchen Appliances,Europe,214000,168000,271.95,92.07,11500,0.84,4.1,1686620
PRD-2218,Home Automation,Asia-Pacific,198000,140000,189.53,69.16,18200,0.74,4.2,1852734
PRD-3057,Office Equipment,Europe,98000,68000,91.67,34.34,13100,0.78,4.1,585023
PRD-2081,Consumer Electronics,North America,283000,182000,197.99,76.79,12200,0.84,4.8,1013640
PRD-2702,Wearable Tech,Europe,257000,163000,247.32,89.76,13200,0.77,4.2,1659792
PRD-3025,Personal Audio,Latin America,72000,51000,53.49,19.61,20900,0.69,3.5,585092
PRD-2479,Smart Home,Middle East,149000,121000,234.33,93.28,7300,0.53,3.8,759665.0000000001
PRD-1596,Gaming Gear,Middle East,222000,143000,178.59,68.4,7100,0.5,4.5,417349
PRD-1611,Health & Fitness,North America,,116000,119.99,38.64,25500,0.8,4.9,1823424.9999999998
PRD-1094,Wearable Tech,North America,336000,193000,296.01,110.4,21300,0.93,4.9,3424492.9999999995
PRD-3412,Wearable Tech,Asia-Pacific,308000,163000,244.51,98,16600,0.8,4.5,1961066
PRD-2851,Smart Home,North America,279000,242000,256.68,108.15,27800,0.95,4.9,3608134
PRD-1627,Office Equipment,Latin America,103000,58000,73.01,28,8900,0.6,3.7,239589.00000000006
PRD-2046,Gaming Gear,Middle East,209000,138000,201.39,79.2,5400,0.5,3.7,312825.9999999999
PRD-2907,Office Equipment,Europe,123000,62000,94.34,37.4,12600,0.78,4,532444.0000000001
PRD-1265,Kitchen Appliances,Europe,235000,141000,248.64,106.92,15200,0.84,4.2,1778143.9999999995
PRD-1640,Consumer Electronics,Europe,348000,266000,494.01,187.2,9200,0.86,5,2208652
PRD-3231,Health & Fitness,North America,153000,113000,116.39,43.68,24000,0.8,4,1479040.0000000002
PRD-3163,Health & Fitness,Asia-Pacific,112000,89000,85.49,29.58,26300,0.78,4.8,1269433
PRD-1510,Health & Fitness,Latin America,114000,76000,109.45,33.84,9600,0.74,4.1,535856
PRD-1009,Smart Home,Middle East,165000,110000,219,88,7200,0.58,4.2,668200
PRD-1037,Gaming Gear,Asia-Pacific,204000,182000,167.39,67.32,22900,0.74,4.7,1905603
PRD-3389,,Middle East,123000,98000,129.27,51.48,6000,0.6,4.4,245740.00000000012
PRD-3295,Personal Audio,Latin America,74000,41000,54.99,17.39,20700,0.69,3.9,663320
PRD-3228,Office Equipment,North America,90000,51000,64.5,22.08,14900,,4.3,491058
PRD-1765,Personal Audio,Latin America,73000,39000,53.49,19.61,19200,,4.2,538496
PRD-3435,Personal Audio,Europe,93000,66000,82.35,26.77,38500,0.79,4.3,1980830
PRD-2547,Office Equipment,Europe,109000,60000,97.01,33.32,14600,0.78,4.2,760874.0000000001
PRD-2129,Health & Fitness,Middle East,124000,76000,129.27,51.48,8200,0.6,4,437878.0000000001
PRD-1786,Kitchen Appliances,Latin America,,89000,138.03,57.24,9000,0.69,3.7,513109.9999999999
PRD-3277,Office Equipment,Latin America,98000,62000,79.72,29.68,9100,0.6,3.7,295364
PRD-1879,Smart Home,Middle East,147000,116000,214.62,88,6200,0.53,4.5,522044
PRD-2770,Health & Fitness,Latin America,113000,73000,109.45,33.84,10600,0.74,4.5,615466
PRD-2929,Smart Home,Middle East,188000,117000,214.62,88,8200,0.53,4.1,733284
PRD-1889,health & fitness,Middle East,140000,74000,141.78,54.6,6100,0.6,3.5,317798
PRD-1266,Gaming Gear,Middle East,224000,150000,207.09,70.56,6100,0.5,4.5,458833
PRD-1181,Consumer Electronics,North America,,196000,191.99,86.39,14700,0.84,4.2,1116320.0000000002
PRD-2003,Outdoor Tech,Europe,169000,137000,175.77,73.26,9800,0.61,4.5,698598
PRD-1325,Kitchen Appliances,Europe,228000,166000,256.41,95.04,12100,0.84,4.9,1558577
PRD-3068,Home Automation,Europe,248000,204000,236.61,87.36,15100,0.77,4.6,1801675
PRD-3353,Outdoor Tech,Europe,188000,121000,204.12,75.48,9400,0.61,4.3,900215.9999999998
PRD-1561,Smart Home,North America,335000,235000,281.79,114.45,23100,0.95,4.7,3295554.000000001
PRD-3105,Personal Audio,Europe,94000,70000,77.55,27.56,32600,0.79,4.3,1465673.9999999998
PRD-1010,Consumer Electronics,Europe,400000,280000,499,195,11000,0.84,4.7,2664000
PRD-2272,Wearable Tech,Asia-Pacific,294000,175000,259.48,95.06,14300,0.8,4.4,1882206
PRD-1642,Wearable Tech,Asia-Pacific,252000,209000,259.48,95.06,17000,0.8,4.2,2334140.0000000005
PRD-1363,Health & Fitness,Asia-Pacific,108000,105000,98.99,30.55,24400,0.78,4.7,1456936
PRD-3378,Office Equipment,North America,72000,55000,62.57,24.96,15500,0.73,4.4,455955
PRD-1999,Smart Home,Middle East,188000,117000,227.76,85.36,5800,0.53,3.7,520919.9999999999
PRD-1166,Gaming Gear,North America,312000,263000,314.1,121.5,23400,0.89,4.6,3931840.000000001
PRD-1370,Consumer Electronics,Europe,340000,238000,479.04,210.6,9400,0.86,4.8,1945336.0000000005
PRD-3139,Smart Home,Middle East,145000,110000,214.62,88,6800,0.53,3.8,606016
PRD-1294,Personal Audio,Asia-Pacific,81000,62000,56.99,19.11,39900,0.82,4.4,1368412
PRD-3101,consumer electronics,North America,233000,169000,215.99,81.59,15000,,,1614000
PRD-3066,Gaming Gear,Middle East,170000,128000,178.59,68.4,6500,0.5,3.5,418235
PRD-1702,Wearable Tech,Asia-Pacific,244000,181000,266.97,103.88,20000,0.8,3.8,2836800.0000000005
PRD-3393,Outdoor Tech,North America,179000,143000,175.05,64.64,9600,,4.7,737936
PRD-3312,Smart Home,Europe,207000,133000,149.5,53.36,13800,0.81,4.8,986732
PRD-2820,Consumer Electronics,Latin America,158000,127000,174.39,60.76,9800,0.61,3.8,828574
PRD-3409,Smart Home,Middle East,149000,121000,221.19,95.92,6800,0.53,4.2,581836
PRD-3201,Health & Fitness,North America,132000,105000,127.19,46.2,21800,0.8,4.2,1528582
PRD-2132,Wearable Tech,Europe,291000,168000,206.1,79.2,12200,0.77,4.7,1089180
PRD-3437,Gaming Gear,Asia-Pacific,212000,165000,194.39,69.36,18900,0.74,5,1986066.9999999995
PRD-2726,Gaming Gear,North America,364000,218000,366.45,125.55,18500,0.89,5,3874650
PRD-2025,Personal Audio,Europe,86000,86000,84.75,29.15,34000,0.79,4.9,1718400
PRD-1399,Smart Home,Middle East,186000,111000,208.05,80.08,7600,0.53,4.4,675572.0000000001
PRD-1968,Office Equipment,North America,91000,53000,64.5,22.08,13400,0.73,3.9,424428
PRD-1146,Gaming Gear,Middle East,176000,149000,195.69,72.72,6400,0.5,4.2,462008
PRD-2402,Wearable Tech,Europe,296000,186000,212.97,87.12,12000,0.77,4,1028200
PRD-1964,Wearable Tech,North America,346000,225000,269.1,103.5,16600,0.93,4.6,2177960.0000000005
PRD-2935,Personal Audio,Latin America,64000,40000,45.99,19.06,15800,0.69,4.1,321494.00000000006
PRD-3317,Gaming Gear,Asia-Pacific,225000,163000,183.59,71.4,20000,0.74,4.9,1855800
PRD-1603,Health & Fitness,Asia-Pacific,131000,106000,90.89,35.43,33000,0.78,4.2,1593180
PRD-1534,Personal Audio,Asia-Pacific,97000,64000,64.19,22.26,35700,0.82,5,1335900.9999999998
PRD-3035,Kitchen Appliances,Europe,209000,152000,233.1,89.1,14900,0.84,4.5,1784600
PRD-3276,Gaming Gear,Middle East,179000,120000,178.59,68.4,5400,0.5,4.3,296026
PRD-3043,Health & Fitness,Asia-Pacific,119000,88000,98.99,30.55,27700,0.78,4.5,1688788
PRD-2491,Smart Home,North America,335000,235000,265.05,95.55,21100,0.95,5,3006450
PRD-3416,Gaming Gear,North America,298000,213000,376.92,137.7,18900,0.89,5,4010258.000000001
PRD-3427,Office Equipment,Latin America,77000,50000,77.48,27.16,6300,0.6,3.8,190016.00000000006
PRD-2113,Health & Fitness,Asia-Pacific,119000,88000,85.49,29.58,30000,0.78,5,1470300
PRD-2227,Office Equipment,Latin America,104000,61000,79.72,29.68,7000,0.6,4.1,185280
PRD-2924,Wearable Tech,North America,291000,242000,287.04,124.2,16700,0.93,4.8,2186428.0000000005
PRD-2232,Smart Home,Europe,193000,122000,162.96,56.84,14300,0.81,4.3,1202516
PRD-2923,Health & Fitness,Asia-Pacific,126000,87000,93.59,31.53,29100,0.78,4.2,1592946
PRD-1263,Outdoor Tech,North America,176000,130000,154.65,68.48,11600,0.77,4.6,693572
PRD-2360,Consumer Electronics,Europe,452000,283000,464.07,193.05,10500,0.86,4.8,2110710
PRD-1200,Consumer Electronics,Latin America,191000,129000,145.59,66.34,10300,0.61,4.7,496275
PRD-1602,Smart Home,Europe,166000,107000,162.96,56.84,11100,0.81,4.1,904932
PRD-1371,Health & Fitness,North America,153000,113000,130.79,41.16,27900,0.8,4.3,2234677
PRD-2419,Smart Home,Middle East,153000,103000,227.76,85.36,6000,0.53,4.2,598399.9999999999
PRD-1615,Personal Audio,Latin America,67000,49000,54.99,17.39,18400,0.69,4.1,575840
PRD-2039,Health & Fitness,Middle East,151000,82000,137.61,49.92,6300,0.6,3.5,319447.0000000001
PRD-3038,Home Automation,Europe,294000,189000,258.12,92.82,20700,0.77,4.8,2938710.0000000005
PRD-1975,Personal Audio,Latin America,76000,50000,53.49,19.61,15600,0.69,3.9,402528
PRD-2095,Personal Audio,Latin America,72000,51000,45.99,19.06,22400,0.69,6.6,480232.0000000001
PRD-2682,Smart Home,Europe,180000,118000,149.5,53.36,10600,0.81,4.6,721084
PRD-1703,Outdoor Tech,Europe,198000,113000,187.11,71.04,9100,0.61,4.3,745237
PRD-1389,Consumer Electronics,Asia-Pacific,323000,202000,290.29,130.54,22100,0.85,4.7,3005475.0000000005
PRD-2884,Personal Audio,Asia-Pacific,79000,56000,60.59,22.89,33600,0.82,4.8,1131720
PRD-3244,Personal Audio,Asia-Pacific,90000,58000,58.79,21,44500,0.82,4.6,1533655
PRD-2698,Home Automation,Asia-Pacific,214000,146000,195.51,76,15100,0.74,4.3,1444600.9999999998
PRD-2325,Personal Audio,Europe,102000,77000,79.95,24.38,36800,0.79,4,1865976.0000000002
PRD-1532,Wearable Tech,Europe,289000,159000,233.58,92.4,15800,0.77,4.3,1782644
PRD-1606,Kitchen Appliances,Latin America,137000,75000,126.42,54,7800,0.69,3.8,352876
PRD-2019,Consumer Electronics,Asia-Pacific,373000,232000,290.29,130.54,18700,0.85,4.9,2382325.0000000005
PRD-2370,Consumer Electronics,Latin America,170000,131000,155.19,64.48,8700,0.61,4.6,488177
PRD-3082,Wearable Tech,Asia-Pacific,311000,173000,229.54,100.94,13800,0.8,4.5,1290680
PRD-2293,Health & Fitness,Asia-Pacific,108000,105000,93.59,31.53,33600,0.78,5,1872216
PRD-1828,Home Automation,Asia-Pacific,207000,171000,213.47,80.56,12800,0.74,4.6,1323248
PRD-1117,Office Equipment,,84000,52000,77.48,27.16,6600,0.6,3.8,196112.00000000006
PRD-1493,Outdoor Tech,Europe,188000,121000,187.11,71.04,7200,0.61,3.5,526704
PRD-2949,Consumer Electronics,Asia-Pacific,373000,232000,338.14,134.2,25800,0.85,5,4656652
PRD-2999,Health & Fitness,Middle East,128000,88000,145.95,48.36,6400,0.6,3.7,408575.9999999999
PRD-2553,Outdoor Tech,,200000,134000,175.05,64.64,13700,0.77,4.8,1178617.0000000002
PRD-3303,Outdoor Tech,North America,159000,113000,185.25,62.72,11200,0.77,4.2,1100336
PRD-2423,Outdoor Tech,Europe,188000,121000,175.77,73.26,10000,0.61,3.9,716100
PRD-1568,Home Automation,Europe,283000,209000,258.12,92.82,15200,0.77,4.7,2020560
PRD-1666,Kitchen Appliances,Latin America,133000,88000,130.29,58.86,142500,0.69,4.5,457584.9999999999
PRD-1567,Office Equipment,Latin America,77000,50000,70.78,25.48,7500,0.6,4.1,212750
PRD-3230,Consumer Electronics,Europe,340000,238000,523.95,181.35,12100,0.86,4.5,3567460.0000000005
PRD-2926,Kitchen Appliances,Latin America,132000,84000,130.29,58.86,10400,0.69,3.8,526871.9999999999
PRD-1987,Office Equipment,Latin America,86000,60000,70.78,25.48,7800,0.6,3.5,207340
PRD-2825,Kitchen Appliances,Europe,271000,162000,233.1,89.1,12000,0.84,4.8,1295000
PRD-1612,Wearable Tech,Asia-Pacific,300000,194000,229.54,100.94,15500,0.8,4.4,1499300
PRD-2850,Consumer Electronics,Latin America,182000,100000,159.99,57.04,10600,0.61,4.7,809270.0000000002
PRD-3257,Gaming Gear,Asia-Pacific,231000,138000,178.19,65.28,25100,0.74,5,2465041
PRD-3164,Wearable Tech,North America,352000,181000,322.92,117.3,-14900,0.93,4.3,2530738
PRD-1016,Gaming Gear,North America,350000,250000,349,135,20500,0.9,4.9,3787000
PRD-1210,Health & Fitness,Latin America,98000,64000,94.53,32.76,13300,0.74,3.9,659541
PRD-3018,Office Equipment,North America,86000,54000,64.5,22.08,17900,0.73,3.5,619318
PRD-2067,Office Equipment,Europe,101000,58000,94.34,37.4,11700,0.78,4.1,507198
PRD-2575,Personal Audio,Latin America,77000,39000,47.49,16.84,18600,0.69,4.3,454090
PRD-1956,Gaming Gear,Middle East,187000,147000,172.89,77.04,6200,0.5,4.3,260269.99999999988
PRD-1447,Office Equipment,Latin America,83000,49000,81.95,26.32,7900,0.6,3.8,307477
PRD-2474,Wearable Tech,North America,314000,185000,313.95,106.95,14600,0.93,4.5,2523200
PRD-1941,Health & Fitness,North America,134000,110000,127.19,46.2,19600,0.8,4.9,1343404
PRD-3324,Kitchen Appliances,North America,224000,157000,250.65,87.22,12600,0.83,4.8,1678218
PRD-1772,Wearable Tech,Europe,257000,163000,212.97,87.12,14400,0.77,4.9,1392240
PRD-2301,Health & Fitness,North America,153000,113000,123.59,42.42,26000,0.8,4.7,1844420
PRD-2640,Consumer Electronics,Latin America,173000,107000,159.99,57.04,8600,0.61,3.9,605370.0000000001
PRD-1626,Gaming Gear,Middle East,189000,154000,201.39,79.2,5200,0.5,4.3,292387.9999999999
PRD-1517,Gaming Gear,Asia-Pacific,218000,139000,172.79,73.44,18500,0.74,4.8,1480975
PRD-1459,Smart Home,Middle East,182000,95000,214.62,88,6000,0.53,4,482720
PRD-1018,Home Automation,Asia-Pacific,230000,155000,199.5,76,15400,0.76,4.4,1516900
PRD-3335,Kitchen Appliances,Europe,247000,181000,271.95,92.07,10600,0.84,4.7,1478728
PRD-1271,Consumer Electronics,North America,268000,184000,179.99,71.99,12600,0.84,,908800.0000000002
PRD-3207,Office Equipment,Europe,107000,74000,89,31.28,13700,0.78,4.2,609764
PRD-3306,Gaming Gear,Middle East,207000,131000,201.39,79.2,5900,0.5,4.1,382920.9999999999
PRD-1324,Personal Audio,Asia-Pacific,93000,67000,64.19,22.26,43700,0.82,4.2,1672340.9999999998
PRD-2706,Gaming Gear,Middle East,205000,124000,184.29,74.88,5000,0.5,3.7,218050
PRD-2397,Office Equipment,Europe,100000,75000,80.99,36.38,14100,0.78,4.1,454000.9999999999
PRD-2229,Consumer Electronics,Asia-Pacific,287000,219000,290.29,130.54,23400,0.85,8.4,3232150.0000000005
PRD-2369,Health & Fitness,Middle East,150000,77000,145.95,48.36,7500,0.6,3.5,504924.9999999999
PRD-2982,Smart Home,Europe,153000,102000,140.53,55.1,11600,0.81,4.8,735988.0000000001
PRD-1454,Wearable Tech,North America,278000,200000,287.04,124.2,18600,0.93,4.7,2550824.0000000005
PRD-3444,Kitchen Appliances,North America,211000,158000,216.15,84.55,11900,0.83,5,1197040.0000000002
PRD-2259,Consumer Electronics,Asia-Pacific,333000,237000,328.57,123.22,25400,0.85,4.4,4645890
PRD-2430,Consumer Electronics,Latin America,165000,114000,159.99,57.04,10300,0.61,4.2,781385.0000000002
PRD-2388,Office Equipment,North America,74000,47000,64.5,22.08,13900,,4.4,468638
PRD-1792,Wearable Tech,Asia-Pacific,274000,167000,252,106.82,17600,0.8,4.3,2114168
PRD-1057,Office Equipment,Latin America,86000,60000,75.25,30.52,8400,0.6,4.2,229732.00000000006
PRD-1584,Kitchen Appliances,North America,211000,158000,243.75,97.9,14200,0.83,4.3,1702070
PRD-3455,Kitchen Appliances,Europe,233000,182000,233.1,89.1,15300,0.84,5,1788200
PRD-1530,Consumer Electronics,Latin America,189000,123000,155.19,64.48,8200,0.61,4.7,431822
PRD-1335,Personal Audio,Europe,105000,65000,82.35,26.77,33300,0.79,4,1680814
PRD-1706,Gaming Gear,North America,326000,235000,335.04,145.8,23000,0.89,5,3791520
PRD-1717,Office Equipment,Latin America,85000,54000,68.54,28.84,7800,0.6,4.2,170660
PRD-2130,Consumer Electronics,Latin America,191000,129000,169.59,68.2,9600,0.61,4,653344
PRD-1972,Wearable Tech,Asia-Pacific,249000,200000,274.45,92.12,19800,0.8,4.2,3161133.9999999995
PRD-2487,Office Equipment,Europe,112000,70000,94.34,37.4,12100,0.78,4.6,506974.0000000001
PRD-2638,Home Automation,Asia-Pacific,221000,169000,189.53,69.16,12300,0.74,4.7,1090551
PRD-3374,Wearable Tech,North America,368000,233000,322.92,117.3,18900,0.93,4,3285218
PRD-2242,Wearable Tech,Asia-Pacific,255000,219000,229.54,100.94,19700,0.8,4.6,2059420
PRD-1496,Gaming Gear,North America,308000,250000,335.04,145.8,18500,0.89,4.6,2942940
PRD-1063,health & fitness,Asia-Pacific,126000,87000,85.49,29.58,33600,0.78,4.5,1665576
PRD-1254,Kitchen Appliances,North America,213000,165000,229.95,81.88,11800,0.83,4.3,1369226
PRD-1813,Health & Fitness,Asia-Pacific,137000,101000,90.89,35.43,27700,0.78,5,1298242
PRD-3398,Home Automation,Europe,245000,194000,250.95,84.63,18000,0.77,4.6,2554760
PRD-2906,Gaming Gear,North America,333000,260000,324.57,133.65,21100,0.89,5,3435411.9999999995
PRD-2831,Consumer Electronics,North America,228000,,209.99,74.39,15200,0.84,4.2,1626120.0000000002
PRD-3386,Gaming Gear,,357000,270000,335.04,145.8,17000,0.89,5,2590080
PRD-3143,Outdoor Tech,Europe,179000,129000,204.12,75.48,7500,0.61,3.5,656799.9999999999
PRD-2904,Kitchen Appliances,North America,202000,129000,250.65,87.22,12200,0.83,4.3,1662846
PRD-2997,Office Equipment,Europe,101000,58000,89,31.28,16300,0.78,4.5,781836
PRD-1212,Smart Home,Europe,173000,131000,149.5,53.36,11900,0.81,4.5,840066
PRD-1068,Office Equipment,North America,78000,57000,62.57,24.96,16200,0.73,4.4,474282
PRD-2616,Gaming Gear,Middle East,183000,134000,195.69,72.72,5800,0.5,4.3,396226
PRD-2976,Gaming Gear,Middle East,209000,138000,189.99,66.24,4900,0.5,4.1,259375.00000000012
PRD-3078,Office Equipment,North America,84000,46000,66.44,24.24,14200,0.73,4.2,469240
PRD-2304,Kitchen Appliances,North America,200000,167000,229.95,81.88,15800,0.83,5,1972506
PRD-3100,Health & Fitness,Latin America,112000,69000,94.53,32.76,12500,0.74,4.5,591125
PRD-1060,Health & Fitness,Latin America,89000,58000,97.51,36,12900,0.74,3.8,646479.0000000001
PRD-3044,Wearable Tech,North America,272000,179000,304.98,120.75,15800,0.93,4,2459834.0000000005
PRD-2074,Personal Audio,Asia-Pacific,74000,57000,55.19,21.63,34900,0.82,4.7,1040244
PRD-1278,Office Equipment,North America,82000,54000,62.57,24.96,13100,0.73,4.1,356691
PRD-1827,Office Equipment,Europe,114000,,83.66,32.3,13100,0.78,4.6,501816
PRD-3461,Consumer Electronics,North America,265000,175000,209.99,74.39,12800,0.84,4.4,1295680.0000000002
PRD-1638,Office Equipment,North America,92000,56000,60.63,22.8,17300,0.73,3.9,506459
PRD-1135,Personal Audio,Latin America,62000,564000,53.49,19.61,22200,0.69,4,643136
PRD-1326,Gaming Gear,Middle East,218000,130000,172.89,77.04,4700,0.5,4.1,102494.99999999988
PRD-2056,Kitchen Appliances,Latin America,127000,98000,141.9,50.76,8900,0.69,4.1,586146.0000000001
PRD-3395,Kitchen Appliances,Europe,240000,157000,279.72,100.98,12900,0.84,4.3,1908746
PRD-2964,Kitchen Appliances,North America,196000,152000,209.25,95.23,14800,0.83,5,1339496
PRD-2058,Office Equipment,North America,75000,50000,60.63,22.8,17800,0.73,4.4,548374
PRD-3061,Smart Home,North America,295000,229000,256.68,108.15,22900,0.95,4.6,2877337
PRD-1834,Personal Audio,Asia-Pacific,84000,56000,60.59,22.89,39100,0.82,4.1,1334070
PRD-1433,Outdoor Tech,Europe,194000,140000,181.44,79.92,9200,0.61,3.9,599984
PRD-1905,Personal Audio,Europe,92000,86000,79.95,24.38,35700,0.79,4.6,1805849.0000000002
PRD-1385,Kitchen Appliances,Europe,221000,142000,264.18,103.95,14500,0.84,4.5,1960335.0000000005
PRD-1183,Health & Fitness,Asia-Pacific,119000,88000,90.89,35.43,32200,0.78,4.8,1578812
PRD-1854,Kitchen Appliances,North America,216000,128000,250.65,87.22,14100,0.83,4.7,1960363
PRD-1552,Wearable Tech,Asia-Pacific,308000,163000,274.45,92.12,19300,0.8,4.8,3047968.9999999995
PRD-1658,Home Automation,Europe,314000,196000,243.78,95.55,20000,0.77,4.1,2454600.0000000005
PRD-1908,Office Equipment,North America,69000,45000,62.57,24.96,17100,0.73,4.3,529131
PRD-1616,Gaming Gear,North America,396000,253000,355.98,141.75,17400,0.89,4.9,3078602.0000000005
PRD-3334,Personal Audio,Asia-Pacific,73000,54000,55.19,21.63,38600,0.82,5,1168416
PRD-3320,Consumer Electronics,Europe,384000,305000,494.01,187.2,10600,0.86,5,2563186
PRD-1202,Wearable Tech,Europe,291000,168000,219.84,95.04,13300,0.77,4.3,1200840
PRD-2007,Office Equipment,Europe,105000,68000,91.67,34.34,14900,0.78,4.5,681217
PRD-3258,Office Equipment,North America,77000,55000,58.7,25.68,16300,0.73,4.1,406226
PRD-2847,Office Equipment,Europe,127000,72000,91.67,34.34,15700,0.78,4.4,701081
PRD-3083,Outdoor Tech,Europe,184000,148000,198.45,68.82,9400,0.61,3.9,886522
PRD-1692,Smart Home,Europe,185000,136000,153.99,58.58,14500,0.81,4.6,1062445.0000000002
PRD-2425,Personal Audio,Latin America,71000,49000,48.99,18.5,17900,0.69,4.2,425771
PRD-2678,Home Automation,Europe,259000,183000,215.1,81.9,16100,0.77,5,1702520
PRD-2340,Consumer Electronics,Latin America,200000,122000,169.59,68.2,7900,0.61,3.7,478981
PRD-1974,Kitchen Appliances,North America,202000,129000,216.15,84.55,13300,0.83,5,1419280.0000000002
PRD-2705,Kitchen Appliances,Europe,,160000,271.95,92.07,12700,0.84,4.5,1913476
PRD-2390,Consumer Electronics,Europe,384000,305000,523.95,181.35,11400,0.86,4.6,3216640.0000000005
PRD-2646,Gaming Gear,Middle East,211000,,178.59,68.4,6300,0.5,4.1,339197
PRD-2516,Gaming Gear,North America,347000,233000,366.45,125.55,22300,0.89,4.4,4792069.999999999
PRD-1080,Consumer Electronics,Latin America,201000,128000,169.59,68.2,7100,0.61,4.4,390869
PRD-3430,Health & Fitness,Latin America,111000,66000,100.5,39.24,9900,0.74,4.5,429474
PRD-2968,Home Automation,Asia-Pacific,219000,161000,201.5,82.84,14900,0.74,4.7,1388034
PRD-1295,Kitchen Appliances,Europe,269000,154000,279.72,100.98,11000,0.84,4,1543140
PRD-1826,Gaming Gear,North America,305000,238000,355.98,141.75,21900,0.89,4.6,4148637
PRD-3268,Home Automation,Asia-Pacific,255000,141000,189.53,69.16,16200,0.74,4.9,1553994
PRD-1353,Outdoor Tech,North America,196000,121000,180.15,70.4,9900,0.77,4,769525
PRD-1077,Office Equipment,Europe,105000,68000,97.01,33.32,16000,0.78,4.1,846040.0000000001
PRD-1969,Smart Home,Middle East,165000,108000,201.48,90.64,8100,0.53,3.9,624803.9999999999
PRD-3442,Wearable Tech,Asia-Pacific,260000,179000,274.45,92.12,18100,0.8,,2861172.9999999995
PRD-2172,Smart Home,Europe,198000,103000,158.47,63.8,12000,0.81,4.7,835040
PRD-3471,Health & Fitness,North America,135000,116000,130.79,41.16,21600,0.8,4.6,1685008
PRD-2622,Smart Home,Europe,185000,136000,145.02,60.32,13500,0.81,3.9,822450.0000000002
PRD-3048,Office Equipment,North America,73000,58000,58.7,25.68,12800,0.73,4.4,291656.00000000006
PRD-3063,Outdoor Tech,North America,181000,110000,164.85,66.56,12400,0.77,4.7,927796
PRD-2433,Outdoor Tech,North America,211000,133000,164.85,66.56,9400,0.77,4.5,579925.9999999999
PRD-2324,Wearable Tech,North America,288000,231000,322.92,117.3,21300,0.93,4.4,3860706
PRD-3090,Consumer Electronics,Latin America,161000,102000,145.59,66.34,9700,0.61,4.2,505725
PRD-2514,Kitchen Appliances,North America,211000,158000,229.95,81.88,13100,0.83,4.7,1570717
PRD-2153,Outdoor Tech,Europe,184000,148000,170.1,66.6,10100,0.61,3.5,713350
PRD-2741,Consumer Electronics,North America,278000,164000,179.99,71.99,17300,0.84,4.8,1426400.0000000002
PRD-2828,Home Automation,Europe,281000,200000,258.12,92.82,16800,0.77,5,2296040
PRD-3405,Personal Audio,Europe,109000,996000,72.75,28.36,35400,0.79,4.5,1379406
PRD-2205,Personal Audio,Europe,107000,76000,75.15,25.18,38500,0.79,4.8,1740845.0000000002
PRD-2913,Outdoor Tech,North America,167000,138000,169.95,58.88,11900,0.77,4.6,1016733
PRD-3269,Health & Fitness,Middle East,131000,97000,150.12,53.04,6300,0.6,4.1,383604.0000000001
PRD-1307,Gaming Gear,Asia-Pacific,208000,149000,172.79,73.44,22700,0.74,5,1898245
PRD-1849,Smart Home,Middle East,175000,1284000,234.33,93.28,8500,0.53,4.7,916925
PRD-1231,Smart Home,North America,338000,246000,265.05,95.55,29400,0.95,4.7,4399300
PRD-2525,Kitchen Appliances,Europe,233000,182000,248.64,106.92,11000,0.84,4.6,1143919.9999999998
PRD-3500,Consumer Electronics,Europe,348000,266000,538.92,198.9,12000,0.86,4.9,3466240
PRD-2204,Wearable Tech,North America,307000,229000,304.98,120.75,14700,0.93,4.1,2172181.0000000005
PRD-2277,,Europe,107000,74000,94.34,37.4,14800,0.78,3.8,661712.0000000001
PRD-2973,Outdoor Tech,North America,161000,,175.05,64.64,14000,0.77,4.2,1265740.0000000002
PRD-3457,Office Equipment,Latin America,90000,54000,70.78,25.48,7000,0.6,3.6,173100
PRD-2785,Personal Audio,Latin America,81000,50000,47.49,16.84,22800,0.69,4,567820
PRD-1566,Gaming Gear,Middle East,195000,132000,195.69,72.72,6500,0.5,3.6,472305
PRD-1668,Office Equipment,North America,78000,44000,68.37,26.4,18700,0.73,3.7,662839.0000000001
PRD-3456,Gaming Gear,Middle East,222000,143000,195.69,72.72,6100,0.5,4.2,385117
PRD-1814,Wearable Tech,North America,320000,206000,278.07,113.85,15800,0.93,4.5,2068676
PRD-3167,Gaming Gear,Asia-Pacific,208000,149000,188.99,63.24,19100,0.74,4.8,2044825
PRD-1795,Personal Audio,Latin America,61000,43000,48.99,18.5,20900,0.69,4,533241
PRD-1179,Consumer Electronics,Asia-Pacific,307000,216000,290.29,130.54,17400,0.85,5,2256650.0000000005
PRD-1138,Home Automation,Asia-Pacific,251000,174000,207.48,73.72,12500,0.74,4.8,1247000
PRD-2466,Gaming Gear,Middle East,168000,122000,201.39,79.2,5500,0.5,4.2,382044.9999999999
PRD-1529,Health & Fitness,Middle East,123000,98000,145.95,48.36,7100,0.6,3.6,471888.9999999999
PRD-3491,Consumer Electronics,North America,223000,189000,191.99,86.39,14100,0.84,4.2,1076960.0000000002
PRD-2527,Office Equipment,Latin America,90000,54000,75.25,30.52,7600,0.6,3.5,195948.00000000006
PRD-2285,Kitchen Appliances,Europe,262000,179000,271.95,92.07,12300,0.84,4,1771524
PRD-1414,Personal Audio,Asia-Pacific,,63000,60.59,22.89,37800,0.82,4.7,1286060
PRD-1892,Wearable Tech,Europe,242000,165000,226.71,84.48,13600,0.77,4.1,1527328.0000000002
PRD-1161,Health & Fitness,North America,146000,120000,130.79,41.16,22500,0.8,4.6,1750675
PRD-3013,Health & Fitness,Asia-Pacific,102000,81000,88.19,32.5,25200,0.78,4.7,1220388
PRD-3316,Kitchen Appliances,Latin America,126000,94000,141.9,50.76,9800,0.69,4.5,673172.0000000001
PRD-1259,Health & Fitness,Middle East,120000,89000,141.78,54.6,7100,0.6,4.3,409978
PRD-1395,Personal Audio,Europe,102000,77000,84.75,-29.15,39600,0.79,4.7,2022760
PRD-3372,Smart Home,Europe,202000,115000,153.99,58.58,10900,0.81,4.4,722969.0000000001
PRD-1343,,Europe,173000,150000,192.78,77.7,6900,0.61,4.5,471052
PRD-1355,Kitchen Appliances,Europe,262000,179000,233.1,89.1,13300,0.84,4.7,1474200
PRD-1920,Consumer Electronics,Latin America,182000,100000,169.59,68.2,7700,0.61,4.3,498703
PRD-1247,Gaming Gear,Asia-Pacific,214000,173000,167.39,67.32,18700,0.74,4.4,1484308.9999999998
PRD-2591,Consumer Electronics,North America,258000,203000,185.99,79.19,16700,0.84,4.7,1322560.0000000002
PRD-2271,Health & Fitness,North America,132000,105000,109.19,44.94,23800,0.8,4.9,1292150
PRD-2386,Kitchen Appliances,Latin America,126000,94000,122.55,49.14,10500,0.69,4.1,550805
PRD-2059,Smart Home,Middle East,183000,100000,234.33,93.28,7100,0.53,4.4,718455.0000000001
PRD-2170,Health & Fitness,Latin America,112000,69000,100.5,39.24,13400,0.74,4.1,639884
PRD-2611,Smart Home,North America,316000,238000,281.79,114.45,30400,0.95,4.3,4533136.000000001
PRD-1072,Wearable Tech,Asia-Pacific,288000,215000,266.97,103.88,15800,0.8,4.7,2073822.0000000005
PRD-2650,Health & Fitness,Latin America,120000,72000,103.48,34.92,11200,0.74,,575872
PRD-3001,Smart-Home,North America,304000,194000,306.9,98.7,28900,0.95,5,5518980
PRD-3243,Outdoor Tech,North America,165000,131000,180.15,70.4,13900,0.77,4.6,1229525
PRD-1976,Gaming Gear,North America,333000,260000,345.51,129.6,22800,0.89,,4329748
PRD-3278,Home Automation,Europe,261000,192000,236.61,87.36,18900,0.77,4.3,2367825
PRD-2173,Health & Fitness,Asia-Pacific,115000,104000,88.19,32.5,23500,0.78,4.8,1089715
PRD-1973,Outdoor Tech,Europe,201000,126000,192.78,77.7,9000,0.61,3.6,708720
PRD-2097,Office Equipment,Europe,117000,63000,86.33,35.36,13000,0.78,3.9,482610
PRD-1858,Home Automation,Asia-Pacific,239000,135000,195.51,76,14200,0.74,4.4,1323041.9999999998
PRD-2071,Smart Home,North America,304000,194000,265.05,95.55,30900,0.95,4.6,4739550
PRD-3053,Outdoor Tech,Europe,217000,138000,175.77,73.26,8700,0.61,4.1,536837
PRD-2625,Personal Audio,Europe,87000,67000,75.15,25.18,39600,0.79,4.2,1824812.0000000002
PRD-2134,Personal Audio,Asia-Pacific,98000,67000,56.99,19.11,42400,0.82,4.3,1441112
PRD-1466,Gaming Gear,North America,368000,230000,366.45,125.55,16600,0.89,4.8,3400939.9999999995
PRD-2208,Office Equipment,North America,82000,54000,58.7,25.68,18400,0.73,3.5,471568
PRD-3285,Personal Audio,Europe,86000,83000,84.75,29.15,37100,0.79,4.2,1893760
PRD-2109,Consumer Electronics,Asia-Pacific,307000,216000,338.14,134.2,24500,0.85,4.3,4473530
PRD-2948,Home Automation,Europe,264000,202000,222.27,90.09,-15900,0.77,4.3,1635662
PRD-1176,Gaming Gear,Middle East,203000,117000,178.59,68.4,6900,0.5,4,440311
PRD-2371,Smart Home,North America,353000,233000,306.9,98.7,22400,0.95,4.8,4077680
PRD-3171,Health & Fitness,North America,158000,97000,112.79,39.9,19600,0.8,4.4,1173644.0000000002
PRD-2684,Wearable Tech,North America,330000,237000,313.95,106.95,18600,0.93,4.2,3283200
PRD-2156,Gaming Gear,North America,301000,225000,376.92,137.7,17000,0.89,4.6,3540740.0000000005
PRD-2938,Home Automation,Asia-Pacific,258000,149000,219.45,71.44,13600,0.74,4.9,1605935.9999999998
PRD-3226,Kitchen Appliances,Latin America,154000,73000,122.55,49.14,11100,0.69,4,587851
PRD-2345,,Europe,254000,155000,279.72,100.98,14700,0.84,4.7,2218478
PRD-3172,Wearable Tech,Asia-Pacific,255000,219000,266.97,103.88,18300,0.8,3.9,2510547.0000000005
PRD-1901,Consumer Electronics,North America,228000,207000,179.99,71.99,16400,0.84,4.9,1336200.0000000002
PRD-1540,Health & Fitness,Latin America,97000,61000,100.5,39.24,10600,0.74,3.9,491356
PRD-1092,Smart Home,Europe,184000,130000,140.53,55.1,12500,0.81,4.2,753875
PRD-1913,Outdoor Tech,Europe,207000,146000,187.11,71.04,7500,0.61,4,517525
PRD-3129,Consumer Electronics,Asia-Pacific,343000,200000,299.86,115.9,19800,0.85,5,3099408
PRD-1757,Gaming Gear,Asia-Pacific,193000,142000,194.39,69.36,25300,0.74,4.3,2828258.9999999995
PRD-1782,Smart Home,Europe,205000,127000,145.02,60.32,12800,0.81,4,752160.0000000002
PRD-1760,Consumer Electronics,Europe,448000,269000,523.95,181.35,13200,0.86,4.4,3805320
PRD-1379,Health & Fitness,Middle East,154000,,150.12,53.04,6800,0.6,3.5,416144.0000000001
PRD-1794,Kitchen Appliances,North America,222000,149000,243.75,97.9,11500,0.83,5,1306275
PRD-2115,Personal Audio,Europe,97000,81000,79.95,24.38,29100,0.79,4.3,1439087.0000000002
PRD-2315,Kitchen Appliances,Europe,221000,142000,248.64,106.92,13500,0.84,4.9,1550219.9999999995
PRD-2711,,North America,243000,205000,197.99,76.79,15900,0.84,5,1479080
PRD-2727,Office Equipment,Europe,99000,72000,86.33,35.36,16400,0.78,4.1,664908
PRD-2354,Wearable Tech,North America,333000,183000,296.01,110.4,15500,0.93,4.2,2360955
PRD-2002,Wearable Tech,Asia-Pacific,288000,215000,252,106.82,14400,0.8,4,1587592
PRD-3037,Office Equipment,Latin America,81000,61000,70.78,25.48,6800,0.6,4.2,166040
PRD-1815,Personal Audio,Europe,82000,68000,84.75,29.15,40600,0.79,4.1,2107360
PRD-2729,Health & Fitness,Middle East,126000,80000,141.78,54.6,6500,0.6,4.4,360670
PRD-2902,Wearable Tech,Asia-Pacific,249000,200000,259.48,95.06,18500,0.8,4.6,2592770.0000000005
PRD-1970,Consumer Electronics,Europe,344000,252000,523.95,181.35,11100,0.86,,3206860.0000000005
PRD-1168,Home Automation,Asia-Pacific,212000,138000,189.53,69.16,13900,0.74,4.6,1323143
PRD-3402,Smart Home,Europe,171000,125000,140.53,55.1,12000,0.81,4.2,729160.0000000001
PRD-3425,Kitchen Appliances,Europe,274000,170000,256.41,95.04,14100,0.84,,1831317
PRD-1350,Consumer Electronics,Latin America,151000,104000,174.39,60.76,10700,0.61,3.7,960841
PRD-3487,Office Equipment,Latin America,103000,58000,79.72,29.68,7700,0.6,3.5,224308
PRD-1053,Outdoor Tech,North America,167000,138000,154.65,68.48,13800,0.77,3.8,884146
PRD-3145,Personal Audio,Latin America,68000,51000,45.99,19.06,20000,0.69,3.8,419600.0000000001
PRD-2619,Consumer Electronics,Asia-Pacific,376000,244000,319,112.24,22100,0.85,5,3949396
PRD-1984,Personal Audio,Asia-Pacific,91000,61000,58.79,21,40700,0.82,4.2,1386053
PRD-3333,Outdoor Tech,North America,185000,123000,169.95,58.88,12300,0.77,4,1058161
PRD-2281,Smart Home,North America,319000,249000,265.05,95.55,26000,0.95,4.3,3839000
PRD-3321,Health & Fitness,North America,170000,106000,109.19,44.94,20600,0.8,4.5,1047550
PRD-3365,Kitchen Appliances,Europe,206000,144000,248.64,106.92,11700,,4.5,1308123.9999999998
PRD-3122,Wearable Tech,Europe,283000,196000,247.32,89.76,13600,0.77,4.7,1663816
PRD-1876,Kitchen Appliances,Latin America,140000,83000,130.29,58.86,7700,0.69,4.2,327011
PRD-1008,Office Equipment,North America,80000,50000,64.5,24,16000,0.7,3.9,518000
PRD-1739,Health & Fitness,Middle East,130000,93000,145.95,48.36,5800,0.6,4.4,343021.9999999999
PRD-1112,Wearable Tech,Europe,263000,180000,233.58,92.4,15400,0.77,4.9,1731172
PRD-1315,Personal Audio,Latin America,78000,41000,47.49,16.84,16900,0.69,3.9,398985.00000000006
PRD-2006,Gaming Gear,North America,382000,280000,314.1,121.5,24600,0.89,4.5,4075960.000000001
PRD-3234,Kitchen Appliances,North America,200000,167000,216.15,84.55,14600,0.83,4.3,1554360.0000000002
PRD-2867,Gaming Gear,Asia-Pacific,239000,170000,161.99,61.2,26400,0.74,4.6,2251856
PRD-2758,Home Automation,Asia-Pacific,207000,171000,201.5,82.84,17900,0.74,3.9,1746014
PRD-1102,Wearable Tech,Asia-Pacific,,171000,244.51,98,17300,0.8,4.5,2122623
PRD-1197,Office Equipment,Europe,98000,68000,83.66,32.3,15300,0.78,4.4,619808
PRD-1487,Gaming Gear,Asia-Pacific,189000,176000,188.99,63.24,25500,0.74,5,2841625
PRD-1610,Consumer Electronics,Europe,416000,,538.92,-198.9,12800,0.86,4.3,3692256
PRD-1577,Gaming Gear,Asia-Pacific,212000,165000,178.19,65.28,22400,,4.4,2152184
PRD-2353,Health & Fitness,Asia-Pacific,104000,90000,96.29,34.45,27200,0.78,4.7,1488048
PRD-2456,Gaming Gear,North America,357000,270000,355.98,141.75,18700,0.89,4.8,3379101.0000000005
PRD-2107,Office Equipment,Latin America,81000,61000,75.25,30.52,7400,0.6,3.8,189002.00000000006
PRD-3069,Consumer Electronics,Asia-Pacific,353000,235000,290.29,130.54,24700,0.85,4.5,3357825.000000001
PRD-1839,Consumer Electronics,Asia-Pacific,300000,265000,328.57,123.22,24700,0.85,5,4507145
PRD-3117,Office Equipment,Europe,95000,59000,94.34,37.4,15600,0.78,3.7,734264.0000000001
PRD-2798,Home Automation,Europe,242000,185000,229.44,98.28,15200,0.77,4.2,1566632
PRD-2470,Health & Fitness,Latin America,97000,61000,94.53,32.76,9700,0.74,4.3,441169
PRD-2888,Home Automation,Europe,272000,172000,215.1,81.9,20000,0.77,4.7,2220000
PRD-3065,Kitchen Appliances,Europe,242000,165000,264.18,103.95,10700,0.84,4.3,1307461.0000000002
PRD-1322,Wearable Tech,Europe,276000,170000,233.58,92.4,12600,1.26,4.6,1332868
PRD-2972,Wearable Tech,Europe,263000,180000,206.1,79.2,13100,0.77,4.6,1219390
PRD-2244,Kitchen Appliances,North America,207000,144000,223.05,92.56,13200,0.83,4.3,1371468.0000000002
PRD-3126,Gaming Gear,Middle East,224000,150000,184.29,74.88,5100,0.5,4.2,183991
PRD-2339,Health & Fitness,Middle East,131000,97000,129.27,51.48,6900,0.6,3.7,308751.0000000001
PRD-1884,Kitchen Appliances,North America,246000,139000,229.95,81.88,15300,0.83,4.5,1880471
PRD-2699,Health & Fitness,,149000,73000,125.1,46.8,5800,0.6,3.5,232140
PRD-1989,Consumer Electronics,Asia-Pacific,327000,214000,319,112.24,25600,0.85,5,4752056
PRD-2498,Home Automation,Europe,283000,209000,243.78,95.55,21000,,5,2620830.0000000005
PRD-2217,Office Equipment,Europe,110000,64000,91.67,34.34,12300,,4.2,531159
PRD-1693,Health & Fitness,Asia-Pacific,107000,100000,85.49,29.58,29100,0.78,4.7,1419981
PRD-2939,Health & Fitness,Middle East,132000,75000,141.78,54.6,8000,0.6,4.1,490440
PRD-2121,Health & Fitness,North America,167000,96000,112.79,39.9,22800,0.8,4.8,1398892.0000000002
PRD-2669,Health & Fitness,Middle East,130000,93000,137.61,49.92,8000,0.6,3.7,478520.0000000001
PRD-1330,Health & Fitness,Latin America,91000,65000,100.5,39.24,12800,0.74,4.2,628128
PRD-2956,Kitchen Appliances,,151000,91000,118.68,55.62,11200,0.69,3.6,464272.0000000001
PRD-3382,Wearable Tech,Asia-Pacific,269000,207000,266.97,103.88,15100,0.8,4.7,1986659.0000000005
PRD-1701,Health & Fitness,North America,152000,108000,112.79,39.9,22100,0.8,4.3,1350869.0000000002
PRD-1152,Smart Home,Europe,178000,112000,145.02,60.32,14800,0.81,3.8,963560.0000000002
PRD-1215,Personal Audio,Europe,81000,64000,77.55,27.56,35000,0.79,4.8,1604649.9999999998
PRD-2762,Wearable Tech,Europe,250000,191000,206.1,79.2,15800,0.77,4.9,1564019.9999999998
PRD-1653,Outdoor Tech,North America,168000,144000,169.95,58.88,10900,0.77,4.2,898663
PRD-1042,Wearable Tech,Asia-Pacific,249000,200000,237.03,89.18,14300,0.8,3.8,1665255
PRD-2489,Health & Fitness,Middle East,142000,78000,125.1,46.8,7100,0.6,3.8,335930
PRD-1069,Smart Home,Middle East,188000,117000,240.9,-82.72,6400,0.53,4.4,707352
PRD-3391,Smart Home,North America,291000,218000,273.42,105,27300,0.95,4.6,4088866
PRD-1925,Kitchen Appliances,Europe,230000,174000,279.72,100.98,14300,0.84,4.2,2151982
PRD-1334,Wearable Tech,North America,298000,197000,269.1,103.5,19500,0.93,4.4,2734200.0000000005
PRD-3055,Personal Audio,Latin America,60000,41000,48.99,18.5,22600,0.69,3.5,588074
PRD-3107,Gaming Gear,Asia-Pacific,214000,173000,183.59,71.4,24200,0.74,5,2327998
PRD-2334,Kitchen Appliances,North America,231000,133000,209.25,95.23,17000,0.83,4.8,1574340
PRD-3259,Smart Home,Middle East,186000,111000,227.76,85.36,6500,0.53,4.1,628599.9999999999
PRD-2688,Office Equipment,North America,87000,56000,60.63,22.8,15200,0.73,3.5,432016
PRD-1208,Home Automation,Europe,248000,204000,215.1,81.9,17900,0.77,4.9,1932280
PRD-1769,Health & Fitness,Middle East,149000,73000,133.44,56.16,6400,0.6,4.2,272592
PRD-3041,Consumer Electronics,North America,240000,196000,209.99,74.39,12300,0.84,5,1231880.0000000002
PRD-1720,Health & Fitness,Latin America,120000,72000,109.45,33.84,12100,0.74,3.8,722881
PRD-1776,Gaming Gear,Middle East,205000,124000,195.69,72.72,5400,0.5,4.4,335038
PRD-1995,Personal Audio,Europe,103000,80000,75.15,25.18,30800,0.79,4,1356076.0000000002
PRD-3300,Consumer Electronics,Latin America,170000,131000,145.59,66.34,8000,0.61,3.9,333000
PRD-1341,Health & Fitness,North America,132000,105000,116.39,43.68,25700,0.8,4.5,1631647.0000000002
PRD-3337,Office Equipment,Latin America,95000,53000,81.95,26.32,7400,0.6,3.5,263662
PRD-1898,Home Automation,Europe,281000,200000,222.27,90.09,18200,0.77,4.7,1924676
PRD-1791,Health & Fitness,North America,168000,101000,130.79,41.16,28700,0.8,4.8,2303381
PRD-1099,Smart Home,Middle East,160000,125000,221.19,95.92,7100,0.53,4.2,604417
PRD-2807,Gaming Gear,Asia-Pacific,181000,144000,194.39,69.36,22400,0.74,5,2475671.9999999995
PRD-1222,Wearable Tech,Asia-Pacific,311000,173000,259.48,95.06,16500,0.8,4.8,2228930.0000000005
PRD-1526,Gaming Gear,North America,357000,270000,376.92,137.7,20300,0.89,4.4,4229166.000000001
PRD-1718,Home Automation,Europe,305000,168000,250.95,84.63,15900,0.77,4.8,2171488
PRD-3030,Consumer Electronics,Latin America,166000,120000,174.39,60.76,8100,0.61,4.6,634403
PRD-2420,Consumer Electronics,Europe,440000,241000,479.04,210.6,12400,0.86,4.4,2647656.0000000005
PRD-2812,Wearable Tech,Asia-Pacific,305000,213000,274.45,92.12,13900,0.8,4.1,2016387
PRD-1430,Consumer Electronics,Europe,452000,283000,494.01,187.2,11300,0.86,4.4,2731953
PRD-3168,Office Equipment,North America,68000,43000,62.57,24.96,18600,0.73,3.6,588546
PRD-3036,Gaming Gear,Middle East,203000,117000,195.69,72.72,6000,0.5,3.7,417820
PRD-1915,Personal Audio,Latin America,78000,43000,51.99,17.95,20000,0.69,4.3,559800.0000000001
PRD-1688,Home Automation,Europe,267000,211000,222.27,90.09,14400,0.77,5,1425392
PRD-2309,Health & Fitness,Middle East,154000,90000,141.78,54.6,6300,0.6,3.9,305234
PRD-2373,Outdoor Tech,North America,159000,113000,159.75,60.8,12200,0.77,3.8,935190
PRD-2452,Wearable Tech,Asia-Pacific,269000,207000,229.54,100.94,16500,0.8,5.5,1645900
PRD-3377,Gaming Gear,Asia-Pacific,218000,139000,188.99,63.24,24000,0.74,4.5,2661000
PRD-3081,Health & Fitness,North America,141000,104000,119.99,38.64,23000,0.8,5,1626049.9999999998
PRD-1344,Kitchen Appliances,North America,238000,155000,216.15,84.55,15600,0.83,4.8,1659960.0000000005
PRD-1655,Kitchen Appliances,Europe,226000,158000,271.95,92.07,14400,0.84,4.9,2206272
PRD-3339,Consumer Electronics,Asia-Pacific,360000,258000,299.86,115.9,24500,0.85,4.9,3889020
PRD-3406,Kitchen Appliances,Latin America,141000,88000,134.16,52.38,8500,0.69,3.9,466130
PRD-2868,Office Equipment,North America,80000,49000,66.44,24.24,17300,0.73,3.5,601060
PRD-1679,Health & Fitness,Middle East,134000,79000,141.78,54.6,7300,0.6,3.7,423414
PRD-1289,Health & Fitness,Middle East,139000,96000,129.27,51.48,7800,0.6,4.1,371762.0000000001
PRD-2649,Consumer Electronics,Asia-Pacific,320000,262000,290.29,130.54,24100,0.85,5,3267975.0000000005
PRD-1214,Wearable Tech,North America,317000,195000,313.95,106.95,20400,0.93,4.1,3710800
PRD-3360,Consumer Electronics,Latin America,165000,114000,150.39,58.9,9600,0.61,4.6,599303.9999999998
PRD-3095,Kitchen Appliances,Europe,276000,178000,240.87,98.01,11900,0.84,4.1,1246034.0000000002
PRD-1453,Health & Fitness,Asia-Pacific,121000,98000,93.59,31.53,31900,0.78,,1760714
PRD-2253,Outdoor Tech,North America,170000,111000,185.25,62.72,12700,0.77,4.6,1275131
PRD-2566,Kitchen Appliances,Latin America,157000,82000,134.16,52.38,7900,0.69,4,407062
PRD-3463,Health & Fitness,Asia-Pacific,131000,106000,98.99,30.55,28600,0.78,5,1720384
PRD-1373,Outdoor Tech,Europe,200000,120000,175.77,73.26,7700,0.61,4.3,469327
PRD-3141,Health & Fitness,North America,137000,121000,123.59,42.42,27400,0.8,4.6,1966058
PRD-3438,Office Equipment,North America,70000,48000,64.5,22.08,18400,0.73,4,662528
PRD-1802,Wearable Tech,Europe,294000,177000,240.45,81.84,15700,0.77,4.7,2019177
PRD-2174,Wearable Tech,North America,362000,212000,269.1,103.5,20600,0.93,4.3,2837360.0000000005
PRD-3423,Outdoor Tech,North America,205000,114000,159.75,60.8,10600,0.77,4.5,729870
PRD-1004,Wearable Tech,North America,320000,210000,299,115,18200,0.88,4.5,2818800
PRD-2531,Consumer Electronics,North America,265000,175000,179.99,71.99,14000,0.84,5,1072000.0000000002
PRD-1261,Smart Home,North America,285000,196000,298.53,111.3,21100,0.95,4.5,3469552.999999999
PRD-1604,Wearable Tech,North America,304000,218000,278.07,113.85,19300,0.93,4.8,2647446
PRD-2411,Consumer Electronics,North America,280000,173000,209.99,74.39,14700,0.84,4.8,1540320.0000000002
PRD-1629,Consumer Electronics,Asia-Pacific,284000,207000,328.57,123.22,20000,0.85,5,3616000
PRD-1775,Kitchen Appliances,Europe,211000,160000,233.1,89.1,13700,0.84,4.1,1601800
PRD-2549,Health & Fitness,Middle East,138000,92000,129.27,51.48,5600,0.6,3.5,205624.00000000012
PRD-2207,Gaming Gear,Asia-Pacific,179000,136000,178.19,65.28,18900,0.74,4.6,1818999
PRD-2364,Kitchen Appliances,North America,194000,145000,236.85,89.89,12500,0.83,4.6,1497999.9999999998
PRD-2859,Consumer Electronics,Asia-Pacific,337000,248000,290.29,130.54,20000,0.85,4.8,2610000.0000000005
PRD-1731,Health & Fitness,North America,,117000,127.19,46.2,24300,0.8,4.1,1678056.9999999998
PRD-2257,Office Equipment,Latin America,88000,48000,73.01,28,7700,0.6,3.9,210577.00000000006
PRD-2811,Health & Fitness,North America,138000,93000,116.39,43.68,23300,0.8,4.6,1463143.0000000002
PRD-2151,Health & Fitness,North America,141000,104000,127.19,46.2,25000,0.8,4.6,1779749.9999999998
PRD-2449,Smart Home,Middle East,177000,112000,208.05,80.08,6700,0.53,4,568399.0000000001
PRD-2700,Consumer Electronics,Latin America,168000,125000,164.79,62.62,10200,0.61,4.6,749133.9999999999
PRD-1650,Consumer Electronics,Latin America,179000,124000,164.79,62.62,7700,0.61,3.9,483708.9999999999
PRD-2330,Consumer Electronics,Europe,396000,260000,508.98,204.75,9500,0.86,5,2234185
PRD-1998,Office Equipment,North America,78000,57000,58.7,25.68,14900,0.73,3.7,356998.00000000006
PRD-2310,Consumer Electronics,Latin America,175000,113000,150.39,58.9,7100,0.61,3.9,361578.9999999999
PRD-1895,Kitchen Appliances,Europe,271000,162000,248.64,106.92,13100,0.84,4.4,1423531.9999999995
PRD-2500,Health & Fitness,Latin America,111000,66000,106.47,38.16,10800,0.74,4.1,560748
PRD-2724,Kitchen Appliances,North America,222000,149000,229.95,81.88,16200,0.83,4.4,2027734
PRD-1280,Consumer Electronics,Europe,420000,258000,508.98,204.75,10900,0.86,4.3,2638107
PRD-1661,Consumer Electronics,North America,258000,203000,197.99,76.79,17900,0.84,4.3,1708480
PRD-1619,Health & Fitness,Middle East,138000,92000,137.61,49.92,6100,0.6,4.1,304909.0000000001
PRD-3195,Personal Audio,Europe,105000,65000,72.75,-28.36,42000,0.79,4.8,1694380
PRD-1207,Office Equipment,Latin America,94000,48000,73.01,28,8700,0.6,3.5,249587.00000000006
PRD-3488,Home Automation,Europe,275000,181000,236.61,87.36,15600,0.77,5,1872300
PRD-1811,Consumer Electronics,North America,278000,164000,191.99,86.39,12300,0.84,4.4,856880
PRD-3493,Health & Fitness,Asia-Pacific,110000,85000,90.89,35.43,31100,0.78,4.8,1529806
PRD-2443,health & fitness,Asia-Pacific,118000,84000,90.89,35.43,23200,0.78,5,1084672
PRD-3299,Health & Fitness,Middle East,150000,77000,137.61,49.92,6900,0.6,3.9,378061.0000000001
PRD-1149,Consumer Electronics,Asia-Pacific,363000,198000,319,112.24,24300,0.85,5,4463268
PRD-1748,Home Automation,,259000,183000,229.44,98.28,17500,0.77,,1853300
PRD-2078,Home Automation,Europe,256000,174000,243.78,95.55,20500,0.77,4.6,2608715.0000000005
PRD-1228,Home Automation,Asia-Pacific,205000,163000,195.51,76,16600,0.74,4.2,1615865.9999999998
PRD-3052,Wearable Tech,Asia-Pacific,272000,217000,252,106.82,19200,1.41,4.7,2298456
PRD-3045,Personal Audio,Europe,97000,81000,75.15,25.18,40600,0.79,4.7,1850782.0000000002
PRD-2991,Health & Fitness,North America,171000,111000,127.19,46.2,26500,0.8,4.5,1864235
PRD-3394,Personal Audio,Asia-Pacific,97000,64000,56.99,19.11,46200,0.82,4.7,1589056.0000000002
PRD-2668,Home Automation,Asia-Pacific,253000,133000,213.47,80.56,13700,0.74,4.5,1434867
PRD-1122,Smart Home,Europe,153000,102000,158.47,63.8,13600,0.81,4,1032512
PRD-1663,Health & Fitness,Asia-Pacific,127000,92000,93.59,31.53,26600,0.78,4.9,1431796
PRD-1364,Wearable Tech,North America,342000,214000,304.98,120.75,21100,0.93,4.2,3331253.0000000005
PRD-2469,Consumer Electronics,Asia-Pacific,350000,223000,328.57,123.22,21300,0.85,5,3800955
PRD-1698,Office Equipment,North America,90000,48000,62.57,24.96,13600,0.73,3.5,373496
PRD-2681,Consumer Electronics,North America,285000,191000,215.99,81.59,14600,0.84,4.1,1486240
PRD-1413,Outdoor Tech,North America,191000,141000,185.25,62.72,12000,0.77,4.7,1138360
PRD-2635,Personal Audio,Latin America,75000,46000,48.99,18.5,22000,0.69,3.9,549780
PRD-2659,Smart Home,Middle East,185000,106000,208.05,80.08,8300,0.53,3.7,771151
PRD-1002,Smart Home,Europe,180000,120000,149.5,58,12500,0.75,4.3,843750
PRD-1979,Health & Fitness,Middle East,155000,94000,133.44,56.16,7900,0.6,3.9,361512
PRD-2079,Consumer Electronics,Asia-Pacific,363000,198000,299.86,115.9,22600,0.85,,3596496
PRD-1041,Health & Fitness,North America,155000,119000,123.59,42.42,23800,0.8,4.3,1657846
PRD-2594,Wearable Tech,North America,294000,187000,269.1,103.5,21100,1.27,4.8,3013160.0000000005
PRD-2233,Health & Fitness,Asia-Pacific,112000,89000,90.89,35.43,28600,0.78,4.4,1385156
PRD-2849,Health & Fitness,Middle East,117000,81000,150.12,53.04,6100,0.6,3.6,394188.0000000001
PRD-1116,Gaming Gear,Middle East,,138000,172.89,77.04,5800,0.5,4.4,208929.99999999988
PRD-1185,Personal Audio,Europe,97000,81000,84.75,29.15,31900,0.79,3.9,1595640
PRD-1078,Home Automation,Asia-Pacific,258000,149000,201.5,82.84,16000,0.74,4.1,1491560
PRD-2005,Personal Audio,Latin America,64000,40000,48.99,18.5,17300,0.69,3.7,423477
PRD-2961,Health & Fitness,North America,150000,103000,112.79,39.9,24300,0.8,4.7,1518227.0000000005
PRD-1633,Health & Fitness,Asia-Pacific,110000,85000,82.79,33.48,24100,0.78,5,993371.0000000002
PRD-2111,Consumer Electronics,North America,240000,196000,179.99,71.99,-13500,0.84,4.6,1022000.0000000002
PRD-2009,Health & Fitness,Middle East,132000,75000,150.12,53.04,5700,0.6,3.7,346356.0000000001
PRD-1386,Gaming Gear,Middle East,213000,151000,178.59,68.4,5800,0.5,3.7,275102
PRD-2154,Kitchen Appliances,North America,251000,154000,236.85,89.89,15200,0.83,4.9,1828791.9999999995
PRD-2792,Wearable Tech,Europe,286000,,233.58,92.4,17100,0.77,4.7,1977178
PRD-2838,Office Equipment,North America,69000,45000,58.7,25.68,15800,0.73,3.6,407716.00000000006
PRD-2520,Consumer Electronics,Latin America,184000,106000,150.39,58.9,9100,0.61,4.7,542558.9999999998
PRD-1721,Consumer Electronics,North America,250000,176000,203.99,83.99,14400,0.84,5,1302000.0000000002
PRD-2435,Kitchen Appliances,Europe,206000,144000,264.18,103.95,12800,0.84,4.1,1700944.0000000002
PRD-2441,Consumer Electronics,North America,238000,187000,191.99,86.39,16100,0.84,4.6,1275160.0000000002
PRD-1058,Home Automation,Europe,311000,187000,222.27,90.09,17200,0.77,4.8,1775496
PRD-2830,Health & Fitness,Latin America,110000,63000,91.54,37.08,12700,0.74,4.1,518642.0000000001
PRD-1735,Personal Audio,Latin America,63000,600000,47.49,-16.84,17500,0.69,3.5,423375
PRD-2429,Health & Fitness,Middle East,146000,91000,150.12,53.04,5900,0.6,4.2,335772.0000000001
PRD-2802,Smart Home,Europe,169000,119000,158.47,63.8,10000,0.81,3.8,658700
PRD-3342,Smart Home,Europe,176000,106000,136.05,62.06,14900,0.81,4.6,820451.0000000002
PRD-2214,Kitchen Appliances,North America,244000,132000,243.75,97.9,11900,0.83,4.5,1359615
PRD-3373,Health and Fitness,Asia-Pacific,118000,84000,85.49,29.58,32500,0.78,4.5,1615075
PRD-1361,Consumer Electronics,North America,218000,171000,209.99,74.39,16700,0.84,4.1,1875520.0000000005
PRD-3079,Smart Home,Middle East,150000,127000,208.05,80.08,8500,0.53,4.2,810745
PRD-1727,Gaming Gear,Asia-Pacific,229000,179000,172.79,73.44,23300,0.74,4.5,1906855
PRD-2683,Health & Fitness,Asia-Pacific,103000,86000,82.79,33.48,31900,0.78,4.7,1383989.0000000002
PRD-2180,Consumer Electronics,Europe,364000,322000,523.95,181.35,9000,0.86,4.9,2397400
PRD-1450,Health & Fitness,Latin America,118000,65000,106.47,38.16,12200,0.74,4.5,650382
PRD-2565,Personal Audio,Europe,90000,78000,72.75,28.36,33300,0.79,4.6,1310187
PRD-1115,Kitchen Appliances,Europe,216000,176000,256.41,95.04,14700,0.84,4.1,1980139
PRD-2510,Consumer Electronics,Europe,360000,308000,449.1,175.5,10900,0.86,4.9,2314240.0000000005
PRD-2093,Outdoor Tech,Europe,190000,127000,204.12,75.48,8600,0.61,3.9,789303.9999999998
PRD-3091,Smart Home,North America,338000,246000,290.16,101.85,25200,0.95,4.4,4161412.000000001
PRD-3106,Kitchen Appliances,Latin America,119000,72000,141.9,50.76,7700,0.69,3.7,510778.0000000001
PRD-2346,Gaming Gear,Middle East,179000,120000,189.99,66.24,5800,0.5,3.9,418750.0000000001
PRD-1508,Home Automation,Europe,292000,179000,250.95,84.63,19300,0.77,5,2738976
PRD-1206,Gaming Gear,Middle East,170000,128000,201.39,79.2,5000,0.5,3.8,312949.9999999999
PRD-1327,Office Equipment,Latin America,88000,48000,77.48,27.16,8300,0.6,3.5,281656.00000000006
PRD-1477,Office Equipment,Latin America,95000,53000,75.25,30.52,8600,0.6,3.6,236678.00000000006
PRD-3236,Gaming Gear,North America,329000,248000,345.51,129.6,24600,0.89,5,4734386
PRD-2571,Health & Fitness,North America,156000,91000,127.19,46.2,25700,0.8,4,1834442.9999999998
PRD-1733,Outdoor Tech,Europe,165000,124000,170.1,66.6,9900,0.61,4.1,735650
PRD-2085,Personal Audio,Europe,84000,75000,87.15,25.97,40300,0.79,4.5,2306554.0000000005
PRD-3408,Office Equipment,North America,83000,44000,70.31,23.52,17000,0.73,4.2,668430.0000000001
PRD-3311,Consumer Electronics,North America,245000,158000,215.99,81.59,12200,0.84,4.3,1236680
PRD-1576,Kitchen Appliances,Latin America,161000,94000,138.03,57.24,10800,0.69,4,617531.9999999999
PRD-2858,Home Automation,Europe,234000,157000,236.61,87.36,18400,0.77,4.9,2355200
PRD-1449,Consumer Electronics,Asia-Pacific,314000,239000,299.86,115.9,17200,0.85,4.3,2611112
PRD-2223,Outdoor Tech,North America,202000,140000,164.85,66.56,11700,0.77,4.8,807993
PRD-1654,Personal Audio,Asia-Pacific,92000,64000,55.19,21.63,33600,0.82,4.2,971616
PRD-1054,Personal Audio,Asia-Pacific,91000,61000,62.39,20.37,44100,0.82,4.9,1701081.9999999998
PRD-1369,Smart Home,Middle East,163000,102000,227.76,85.36,7000,0.53,4.6,731799.9999999999
PRD-1554,Kitchen Appliances,North America,249000,146000,216.15,84.55,12900,0.83,4.5,1302640.0000000002
PRD-1796,Gaming Gear,North America,364000,,314.1,121.5,20100,0.89,4.8,3289260.0000000005
PRD-1659,Consumer Electronics,Asia-Pacific,330000,225000,299.86,115.9,21900,0.85,5,3473724
PRD-2864,Wearable Tech,North America,301000,208000,278.07,113.85,20900,0.93,4.1,2923198
PRD-2159,Health & Fitness,,143000,82000,145.95,48.36,6000,0.6,3.8,360539.9999999999
PRD-1705,Personal Audio,Latin America,75000,46000,51.99,17.95,15800,0.69,3.5,416832.0000000001
PRD-3421,Smart Home,North America,335000,235000,306.9,98.7,29600,0.95,4.4,5592720
PRD-2601,Health & Fitness,North America,131000,100000,116.39,43.68,27900,0.8,4.9,1797609.0000000002
PRD-2116,Kitchen Appliances,Latin America,123000,85000,118.68,55.62,10600,0.69,3.7,460436.0000000001
PRD-1983,Outdoor Tech,North America,167000,138000,180.15,70.4,12900,0.77,4.2,1110775
PRD-1736,Gaming Gear,North America,375000,,376.92,137.7,16400,0.89,5,3293208.0000000005
PRD-2461,Smart Home,North America,291000,218000,290.16,101.85,29400,0.95,4.2,5027314.000000001
PRD-2602,Wearable Tech,Asia-Pacific,291000,165000,274.45,92.12,17100,0.8,4.4,2661842.9999999995
PRD-2689,Smart Home,Middle East,157000,114000,234.33,93.28,6000,0.53,4.6,575300.0000000001
PRD-3252,Smart Home,Europe,157000,114000,145.02,60.32,11500,0.81,4.1,703050.0000000002
PRD-2114,Wearable Tech,North America,272000,179000,322.92,117.3,17300,0.93,4.7,3106226
PRD-2292,Smart Home,Europe,187000,104000,136.05,62.06,11400,0.81,3.9,552486.0000000001
PRD-1511,Consumer Electronics,North America,238000,187000,203.99,83.99,17300,0.84,4.2,1651000.0000000002
PRD-3212,Wearable Tech,Europe,231000,184000,233.58,92.4,11600,0.77,4.1,1222688
PRD-2317,Office Equipment,Latin America,86000,57000,75.25,30.52,9000,0.6,3.5,259570.00000000006
PRD-1409,Health & Fitness,,,97000,137.61,49.92,7400,0.6,4.4,420906.0000000001
PRD-2877,Office Equipment,Europe,108000,57000,83.66,32.3,11300,0.78,4.2,415368
PRD-3103,Health & Fitness,Asia-Pacific,115000,104000,82.79,33.48,32800,0.78,5,1398368.0000000002
PRD-2889,Consumer Electronics,Asia-Pacific,281000,,328.57,123.22,21900,0.85,4.6,4020165
PRD-3247,Office Equipment,Latin America,86000,57000,70.78,25.48,8400,0.6,3.9,237520
PRD-1180,Health & Fitness,Latin America,116000,58000,103.48,34.92,12300,0.74,4.1,669288
PRD-1125,Personal Audio,Europe,100000,69000,82.35,26.77,39900,0.79,4.3,2048642
PRD-1982,Wearable Tech,Europe,270000,152000,212.97,87.12,11600,0.77,4.6,1037860
PRD-2128,Home Automation,Asia-Pacific,244000,150000,201.5,82.84,14000,0.74,4.8,1267240
PRD-1844,Wearable Tech,North America,365000,223000,313.95,106.95,17500,0.93,4.3,3034500
PRD-2022,Smart Home,Europe,184000,130000,162.96,56.84,11500,0.81,4.6,906380
PRD-1605,Personal Audio,Europe,106000,72000,84.75,29.15,32900,0.79,4.4,1651240
PRD-3194,Wearable Tech,North America,298000,197000,296.01,110.4,16600,0.93,4.1,2586125.9999999995
PRD-1504,Personal Audio,Asia-Pacific,85000,59000,56.99,19.11,49100,0.82,4.1,1715908.0000000002
PRD-2264,Wearable Tech,North America,298000,197000,313.95,106.95,18000,0.93,4.8,3231000
PRD-2269,Smart Home,Middle East,140000,94000,234.33,93.28,5800,0.53,4.1,584090.0000000001
PRD-2258,Home Automation,Europe,316000,205000,215.1,81.9,15600,0.77,4.5,1556919.9999999998
PRD-1071,Health & Fitness,North America,129000,95000,112.79,-39.9,26000,0.8,4.1,1671140.0000000005
PRD-1305,Personal Audio,Europe,91000,82000,72.75,28.36,-30100,0.79,4.2,1163139
PRD-1914,Kitchen Appliances,North America,209000,151000,209.25,95.23,16600,0.83,4.3,1532732
PRD-2790,Consumer Electronics,Latin America,187000,117000,155.19,64.48,9000,0.61,4,512390
PRD-1564,Personal Audio,Asia-Pacific,82000,68000,58.79,21,39500,0.82,4.8,1342705
PRD-1384,Personal Audio,Asia-Pacific,90000,58000,65.99,19.74,34000,0.82,4.9,1424500
PRD-1440,Consumer Electronics,Latin America,170000,131000,164.79,62.62,9400,0.61,4.2,659397.9999999999
PRD-1725,Personal Audio,Europe,101000,73000,72.75,28.36,31200,0.79,4.7,1210968
PRD-3039,Consumer Electronics,Asia-Pacific,307000,216000,319,112.24,22800,0.85,4.7,4191128
PRD-1874,Wearable Tech,North America,310000,239000,287.04,124.2,19100,0.93,4.1,2561244.0000000005
PRD-2400,Consumer Electronics,Latin America,194000,105000,174.39,60.76,9500,0.61,4.4,780485
PRD-1784,Wearable Tech,North America,275000,189000,304.98,120.75,21700,0.93,4.7,3533791.0000000005
PRD-2932,Wearable Tech,Asia-Pacific,288000,215000,237.03,89.18,20000,0.8,4.4,2454000
PRD-2920,Health & Fitness,Latin America,89000,58000,106.47,38.16,11100,0.74,4.6,611241
PRD-3414,Kitchen Appliances,North America,249000,146000,236.85,89.89,16500,0.83,4.2,2029839.9999999995
PRD-2484,Kitchen Appliances,North America,249000,146000,250.65,87.22,11800,0.83,4.9,1533474
PRD-1888,Home Automation,Asia-Pacific,200000,147000,219.45,71.44,15600,0.74,4.2,1961956
PRD-2905,Personal Audio,,76000,50000,50.49,20.17,21900,0.69,4.3,538008
PRD-1345,Personal Audio,Latin America,66000,45000,53.49,19.61,18600,0.69,3.7,519168
PRD-1104,Kitchen Appliances,North America,196000,152000,236.85,89.89,17000,0.83,4.2,2150319.9999999995
PRD-1945,Personal Audio,Latin America,67000,47000,47.49,16.84,21700,0.69,4.1,551105
PRD-1088,Home Automation,Europe,264000,202000,250.95,84.63,18700,0.77,4.6,2644184
PRD-1251,Health & Fitness,North America,162000,112000,123.59,42.42,29200,0.8,4,2096164
PRD-3232,Wearable Tech,Asia-Pacific,246000,190000,274.45,92.12,14400,0.8,4.6,2189552
PRD-2657,Gaming Gear,Asia-Pacific,229000,179000,161.99,61.2,21600,0.74,4.9,1769064
PRD-3144,Kitchen Appliances,North America,244000,132000,229.95,81.88,16600,0.83,4.9,2081962
PRD-1264,Personal Audio,Asia-Pacific,95000,58000,62.39,20.37,36100,,4.6,1363921.9999999998
PRD-2658,Office Equipment,North America,76000,52000,66.44,24.24,13800,0.73,3.7,454360
PRD-1909,Smart Home,Middle East,170000,124000,240.9,82.72,6800,0.53,4.3,781624
PRD-3151,Smart Home,North America,329000,213000,298.53,111.3,29900,0.95,5,5056176.999999999
PRD-1405,Personal Audio,Latin America,64000,52000,54.99,17.39,22000,0.69,3.5,711200
PRD-3214,Personal Audio,Asia-Pacific,78000,53000,64.19,22.26,40700,0.82,,1575550.9999999998
PRD-1045,Personal Audio,Latin America,76000,50000,45.99,19.06,17100,0.69,3.5,334503.00000000006
PRD-3313,Health & Fitness,Asia-Pacific,121000,98000,82.79,33.48,27400,0.78,4.9,1132094.0000000002
PRD-2665,Personal Audio,Latin America,63000,50000,54.99,17.39,16000,0.69,3.7,488600
PRD-2945,Kitchen Appliances,Europe,257000,163000,248.64,106.92,11400,0.84,4,1195607.9999999998
PRD-2201,Consumer Electronics,North America,268000,184000,209.99,74.39,17600,0.84,5,1934560.0000000005
PRD-2193,Outdoor Tech,North America,176000,130000,180.15,70.4,10600,0.77,3.9,857350
PRD-1173,Outdoor Tech,North America,213000,139000,164.85,66.56,13200,0.77,4.1,945428
PRD-2321,Consumer Electronics,North America,253000,185000,179.99,71.99,16800,0.84,4.3,1376400.0000000002
PRD-2291,Consumer Electronics,North America,218000,171000,197.99,76.79,15500,0.84,4.5,1489600
PRD-2722,Wearable Tech,Asia-Pacific,274000,167000,237.03,89.18,16300,0.8,4.7,1968955
PRD-2782,Wearable Tech,Asia-Pacific,266000,198000,244.51,98,19300,0.8,4.3,2363643
PRD-1821,Health & Fitness,North America,143000,109000,119.99,38.64,20800,0.8,4.6,1440079.9999999998
PRD-1406,Gaming Gear,North America,378000,268000,355.98,141.75,21300,0.89,5,3917099
PRD-2765,Kitchen Appliances,Europe,204000,136000,279.72,100.98,15000,0.84,4.1,2341100
PRD-1456,Kitchen Appliances,Latin America,126000,94000,130.29,58.86,11300,0.69,3.7,587158.9999999999
PRD-2940,Consumer Electronics,Latin America,201000,128000,150.39,58.9,9300,0.61,4.1,521856.99999999977
PRD-3238,Home Automation,Asia-Pacific,223000,177000,207.48,73.72,14800,0.74,4,1579647.9999999998
PRD-1025,Kitchen Appliances,Europe,240000,160000,259,99,13200,0.82,4.5,1712000
PRD-1249,Smart Home,Middle East,173000,101000,214.62,88,7300,0.53,4.3,650326
PRD-1287,Office Equipment,Europe,110000,64000,97.01,33.32,13400,0.78,3.8,679446.0000000001
PRD-2626,Kitchen Appliances,Latin America,153000,95000,138.03,57.24,9600,0.69,7.3,527583.9999999999
PRD-2647,Office Equipment,Latin America,85000,54000,79.72,29.68,7200,0.6,3.5,221288
PRD-1209,Consumer Electronics,Asia-Pacific,353000,235000,328.57,123.22,19400,0.85,4.8,3395790
PRD-1947,Office Equipment,Europe,108000,57000,89,31.28,12400,0.78,3.8,550728
PRD-1194,Kitchen Appliances,North America,220000,142000,223.05,92.56,15100,0.83,4.7,1608399.0000000002
PRD-1512,Smart Home,Europe,202000,115000,140.53,55.1,12900,0.81,4.7,785047
PRD-2127,Office Equipment,Europe,98000,68000,97.01,33.32,14200,0.78,3.7,738398.0000000001
PRD-3361,Smart Home,North America,344000,200000,298.53,111.3,25000,0.95,4.8,4136749.999999999
PRD-2139,Consumer Electronics,Asia-Pacific,353000,235000,309.43,126.88,17600,0.85,5,2624880
PRD-3111,Health & Fitness,North America,162000,112000,109.19,44.94,25200,0.8,4.8,1345100
PRD-3134,Wearable Tech,North America,307000,229000,287.04,124.2,20700,0.93,4.5,2834788.0000000005
PRD-1064,Wearable Tech,North America,291000,242000,322.92,117.3,19700,0.93,4,3517714
PRD-3210,Consumer Electronics,Latin America,151000,104000,155.19,64.48,9300,0.61,4.5,588603
PRD-2773,Health & Fitness,Asia-Pacific,116000,,96.29,34.45,28000,0.78,5,1507520
PRD-1533,,North America,179000,143000,159.75,60.8,11400,0.77,3.9,806030
PRD-1613,Outdoor Tech,Europe,177000,122000,198.45,68.82,6800,0.61,3.8,582484
PRD-2387,Gaming Gear,Asia-Pacific,225000,163000,194.39,69.36,21800,0.74,4.5,2337653.9999999995
PRD-3355,Personal Audio,Latin America,71000,49000,45.99,19.06,16300,0.69,3.5,318959.00000000006
PRD-2052,Smart Home,Europe,153000,102000,149.5,53.36,12600,0.81,4.4,956364
PRD-1812,Smart Home,Europe,175000,137000,162.96,56.84,13900,0.81,3.8,1163068
PRD-1729,Smart Home,Middle East,185000,106000,221.19,95.92,5900,0.53,4.4,448093
PRD-3229,Smart Home,Middle East,163000,102000,201.48,90.64,5800,0.53,4.3,377871.9999999999
PRD-2457,Office Equipment,Europe,97000,65000,83.66,32.3,16600,0.78,3.7,690576
PRD-1187,Gaming Gear,Asia-Pacific,221000,147000,161.99,61.2,23800,0.74,4.8,2030802
PRD-1304,Wearable Tech,North America,352000,181000,296.01,110.4,17800,0.93,4.6,2770857.9999999995
PRD-1672,Wearable Tech,Asia-Pacific,291000,165000,237.03,89.18,18500,0.8,4,2279225
PRD-2712,Smart Home,Europe,205000,127000,136.05,62.06,11800,0.81,4.4,541082.0000000001
PRD-1441,Smart Home,North America,353000,233000,265.05,95.55,24400,0.95,4.4,3549800
PRD-1083,Outdoor Tech,North America,192000,109000,175.05,64.64,10000,0.77,4.7,803100
PRD-3064,Personal Audio,Asia-Pacific,98000,67000,65.99,19.74,39100,0.82,,1643375
PRD-3211,Smart Home,North America,319000,249000,306.9,98.7,23900,0.95,4.7,4407980
PRD-2444,Wearable Tech,North America,368000,233000,278.07,113.85,20400,0.93,4.7,2749088
PRD-2693,Outdoor Tech,Europe,192000,134000,181.44,79.92,9900,0.61,4.3,679048
PRD-1624,Personal Audio,Asia-Pacific,80000,59000,60.59,22.89,47000,0.82,4.4,1632900.0000000002
PRD-3329,Health & Fitness,Middle East,127000,84000,125.1,46.8,7500,0.6,3.7,376250
PRD-2654,Wearable Tech,North America,285000,221000,278.07,113.85,16900,0.93,4.4,2269318
PRD-2910,CONSUMER ELECTRONICS,Latin America,177000,118000,164.79,62.62,8500,0.61,4.3,573444.9999999999
PRD-1186,Kitchen Appliances,Latin America,123000,85000,126.42,54,11400,0.69,4.4,617588
PRD-1246,Kitchen Appliances,Latin America,119000,72000,130.29,58.86,9200,0.69,4,466155.9999999999
PRD-3496,Kitchen Appliances,Latin America,157000,82000,126.42,54,11000,0.69,4.4,557620
PRD-1949,,Middle East,136000,88000,145.95,48.36,7300,0.6,4.1,488406.9999999999
PRD-3397,Office Equipment,Latin America,93000,62000,68.54,28.84,8700,0.6,4,190390
PRD-1926,Gaming Gear,Middle East,220000,136000,189.99,66.24,5700,0.5,7.3,349375.0000000001
PRD-1426,Kitchen Appliances,Latin America,150000,87000,141.9,50.76,10500,0.69,3.9,719970.0000000001
PRD-2745,Personal Audio,Europe,82000,68000,79.95,24.38,37800,0.79,4.5,1950546.0000000005
PRD-1734,Kitchen Appliances,North America,229000,126000,236.85,89.89,14800,0.83,4.4,1820007.9999999995
PRD-3224,Wearable Tech,North America,342000,214000,269.1,103.5,18200,0.93,5,2457920.0000000005
PRD-1248,Office Equipment,North America,70000,50000,68.37,26.4,18200,0.73,4.3,643854.0000000001
PRD-1833,Outdoor Tech,North America,209000,126000,185.25,62.72,12400,0.77,4.1,1184372
PRD-1644,Kitchen Appliances,North America,205000,136000,250.65,87.22,16800,0.83,5,2404624
PRD-1955,Kitchen Appliances,Europe,264000,138000,256.41,95.04,15400,0.84,4,2083098
PRD-3233,Outdoor Tech,Europe,200000,120000,192.78,77.7,9800,0.61,4,807784
PRD-1550,Consumer Electronics,Europe,428000,,523.95,181.35,10800,0.86,4.7,2986080.0000000005
PRD-1217,Gaming Gear,Asia-Pacific,185000,160000,183.59,71.4,25700,0.74,4.6,2538283
PRD-2995,Personal Audio,Latin America,62000,,47.49,16.84,19200,0.69,3.7,479480
PRD-3059,Health & Fitness,Middle East,124000,76000,150.12,53.04,7600,0.6,4.4,537808.0000000001
PRD-2198,Home Automation,Europe,239000,176000,258.12,92.82,19600,0.77,4.9,2824880
PRD-3034,Personal Audio,Asia-Pacific,86000,62000,58.79,21,35300,0.82,4.9,1185987
PRD-2598,Office Equipment,,78000,44000,64.5,22.08,17400,0.73,4.1,616108
PRD-1279,Smart Home,Middle East,145000,110000,240.9,82.72,8000,0.53,4.1,1010440
PRD-1416,Gaming Gear,Middle East,179000,120000,201.39,79.2,6300,0.5,3.5,470796.9999999999
PRD-1153,Health & Fitness,Asia-Pacific,102000,81000,98.99,30.55,29700,0.78,5,1849668
PRD-1479,Consumer Electronics,Asia-Pacific,360000,258000,338.14,134.2,19100,0.85,,3277254
PRD-1557,Office Equipment,Europe,112000,70000,80.99,36.38,13200,0.78,4.2,406851.9999999999
PRD-1928,Home Automation,Europe,234000,157000,250.95,84.63,19800,0.77,4.5,2902136
PRD-3131,Consumer Electronics,North America,268000,184000,197.99,76.79,16400,0.84,4.4,1535680
PRD-1669,Smart Home,Middle East,190000,122000,214.62,88,7600,0.53,3.7,650312
PRD-2507,Gaming Gear,Asia-Pacific,212000,165000,167.39,67.32,20700,0.74,,1694448.9999999998
PRD-3351,Health & Fitness,North America,144000,114000,123.59,42.42,22800,0.8,4.3,1592676
PRD-2783,Outdoor Tech,Europe,213000,125000,170.1,66.6,8800,0.61,3.7,572800
PRD-1805,Kitchen Appliances,Europe,245000,173000,264.18,103.95,14900,0.84,5,1969427.0000000005
PRD-2641,Smart Home,North America,264000,187000,256.68,108.15,22100,0.95,5,2831513
PRD-1646,Gaming Gear,North America,336000,273000,324.57,133.65,19300,0.89,4.7,3075755.9999999995
PRD-2743,Health & Fitness,Asia-Pacific,137000,101000,85.49,29.58,25500,0.78,4.3,1187705
PRD-3148,Home Automation,Asia-Pacific,198000,140000,219.45,-71.44,16900,0.74,4.6,2163369
PRD-3492,,Europe,191000,116000,162.96,56.84,10300,0.81,4.7,786036
PRD-1485,Personal Audio,Europe,83000,71000,79.95,24.38,34700,0.79,4.1,1774279.0000000002
PRD-1268,Home Automation,Europe,239000,176000,222.27,90.09,21000,0.77,4.5,2360780
PRD-2357,Gaming Gear,Asia-Pacific,195000,150000,172.79,73.44,19800,0.74,4.7,1622130
PRD-1891,Smart Home,North America,332000,224000,298.53,111.3,27600,0.95,4.7,4611547.999999999
PRD-1128,Office Equipment,,75000,50000,64.5,22.08,19000,0.73,4,680980
PRD-2163,Outdoor Tech,North America,207000,120000,159.75,60.8,9600,0.77,4.1,622920
PRD-2213,Outdoor Tech,Europe,179000,129000,175.77,73.26,8200,0.61,4.2,532582
PRD-1154,Wearable Tech,North America,326000,227000,304.98,120.75,17100,0.93,4.5,2597333.0000000005
PRD-3296,Gaming Gear,North America,319000,288000,355.98,141.75,19900,0.89,4.7,3656177
PRD-2680,Health & Fitness,Latin America,102000,78000,94.53,32.76,12200,0.74,4,573594
PRD-2306,Gaming Gear,North America,329000,248000,366.45,125.55,17800,0.89,4.7,3711020
PRD-1274,Wearable Tech,North America,307000,229000,322.92,117.3,16200,0.93,4.8,2795044
PRD-2036,Gaming Gear,North America,322000,223000,355.98,141.75,18000,0.89,5,3311140.0000000005
PRD-1196,Gaming Gear,North America,361000,283000,355.98,141.75,16800,0.89,4.4,2955064.0000000005
PRD-2190,Consumer Electronics,Latin America,186000,112000,174.39,60.76,7600,0.61,4.7,565588
PRD-1174,Personal Audio,Asia-Pacific,86000,,65.99,19.74,42000,0.82,4.1,1794500
PRD-2532,Smart Home,Europe,166000,107000,153.99,58.58,10100,0.81,4.5,690641.0000000001
PRD-1939,Smart Home,Middle East,142000,99000,221.19,95.92,7500,0.53,4.1,698525
PRD-1763,Outdoor Tech,Europe,192000,134000,192.78,77.7,7100,0.61,3.9,491068
PRD-2436,Gaming Gear,Middle East,201000,153000,178.59,68.4,5000,0.5,4.4,196950
PRD-1846,Kitchen Appliances,Latin America,120000,77000,141.9,50.76,10700,,4.4,778198.0000000001
PRD-2065,Personal Audio,Latin America,62000,47000,50.49,20.17,20700,0.69,3.5,518624
PRD-2732,Wearable Tech,Europe,294000,177000,226.71,84.48,14500,0.77,4,1591335.0000000002
PRD-1475,Kitchen Appliances,Europe,247000,181000,248.64,106.92,12700,0.84,5,1371843.9999999995
PRD-1090,Health & Fitness,Latin America,104000,63000,109.45,33.84,9300,0.74,4.7,536173
PRD-1191,Health & Fitness,North America,167000,96000,119.99,38.64,-24700,0.8,4.4,1746344.9999999998
PRD-3077,Gaming Gear,Asia-Pacific,185000,160000,161.99,61.2,22200,0.74,4.3,1892538
PRD-1781,Consumer Electronics,North America,243000,205000,209.99,74.39,17100,0.84,4.6,1870760.0000000005
PRD-1292,Wearable Tech,Europe,239000,156000,206.1,79.2,17300,0.77,4.8,1800370
PRD-1123,Health & Fitness,Asia-Pacific,122000,103000,88.19,32.5,27200,0.78,5,1289768
PRD-2008,Home Automation,Asia-Pacific,258000,149000,189.53,69.16,14800,0.74,4.5,1374476
PRD-3206,Gaming Gear,North America,389000,228000,376.92,137.7,22800,,5,4837216.000000001
PRD-1488,Office Equipment,North America,86000,51000,62.57,24.96,16600,0.73,3.8,487326
PRD-2086,Kitchen Appliances,Latin America,147000,78000,130.29,58.86,9800,0.69,3.9,475013.9999999999
PRD-1421,Consumer Electronics,North America,288000,200000,215.99,81.59,13200,0.84,4.8,1286080
PRD-3123,Outdoor Tech,North America,176000,130000,169.95,58.88,9700,0.77,4.3,771379
PRD-1630,Health & Fitness,Latin America,108000,77000,94.53,32.76,9100,0.74,4.4,377107
PRD-2490,Consumer Electronics,Latin America,159000,132000,164.79,62.62,8300,0.61,3.8,557010.9999999999
PRD-3166,Kitchen Appliances,Latin America,158000,86000,118.68,55.62,9400,0.69,4.4,348764.0000000001
PRD-2739,Consumer Electronics,Asia-Pacific,356000,246000,338.14,134.2,21100,0.85,4.5,3701134
PRD-1771,smart home,North America,350000,222000,281.79,114.45,28900,0.95,4.4,4264126.000000001
PRD-2347,Office Equipment,Latin America,98000,62000,68.54,28.84,6600,0.6,3.5,102020.00000000003
PRD-2555,Kitchen Appliances,Europe,266000,146000,279.72,100.98,12100,0.84,4.4,1750754
PRD-3136,Kitchen Appliances,Latin America,139000,79000,130.29,58.86,8600,0.69,4.6,396297.9999999999
PRD-2931,Health & Fitness,North America,129000,95000,123.59,42.42,22100,0.8,4.9,1569857
PRD-1020,Consumer Electronics,Latin America,175000,115000,159.99,62,8900,0.64,4.2,582111.0000000001
PRD-2853,Outdoor Tech,North America,172000,118000,164.85,66.56,9800,0.77,3.9,673241.9999999999
PRD-2421,Health & Fitness,North America,144000,114000,130.79,41.16,24700,0.8,5,1955861
PRD-2720,Consumer Electronics,Europe,380000,291000,449.1,175.5,8800,0.86,4.6,1736680
PRD-2303,Outdoor Tech,Europe,200000,120000,204.12,75.48,7000,0.61,3.6,580479.9999999999
PRD-3262,Wearable Tech,Asia-Pacific,286000,205000,252,106.82,16000,0.8,4.4,1831880
PRD-2110,Health & Fitness,Latin America,116000,58000,97.51,36,11400,0.74,4.5,527214.0000000001
PRD-1478,Home Automation,Europe,253000,165000,222.27,90.09,17700,0.77,4.2,1921586
PRD-1049,Health & Fitness,Middle East,155000,94000,141.78,-54.6,5600,0.6,3.5,239208.00000000006
PRD-1840,Health & Fitness,Latin America,113000,73000,94.53,32.76,11500,0.74,4.1,524355
PRD-1014,Kitchen Appliances,North America,220000,145000,229.95,89,14200,0.83,4.6,1636489.9999999998
PRD-1309,Smart Home,Middle East,168000,119000,221.19,95.92,8600,0.53,3.9,790322
PRD-1503,Outdoor Tech,North America,211000,133000,175.05,64.64,10400,0.77,4.1,804264
PRD-2631,Health & Fitness,North America,152000,108000,130.79,41.16,20100,0.8,4.7,1541563
PRD-2558,Home Automation,Europe,275000,181000,250.95,84.63,17000,0.77,4.7,2371440
PRD-2120,Consumer Electronics,Europe,376000,277000,508.98,204.75,11600,0.86,4.2,2876068
PRD-2501,Consumer Electronics,North America,230000,160000,197.99,76.79,12600,0.84,4.2,1137120
PRD-1401,Health & Fitness,North America,128000,89000,119.99,38.64,20100,1.5,4.1,1418135
PRD-2590,Health & Fitness,Latin America,90000,61000,100.5,39.24,9200,0.74,4.6,412592
PRD-2583,Outdoor Tech,North America,168000,144000,159.75,60.8,9900,0.77,4.6,667605
PRD-3449,Health & Fitness,,119000,85000,133.44,56.16,7200,0.6,4,352416
PRD-2212,Wearable Tech,Asia-Pacific,302000,203000,252,106.82,18100,0.8,4.8,2122758
PRD-1755,Personal Audio,Europe,85000,79000,82.35,26.77,34300,0.79,4.5,1742394
PRD-1951,Smart Home,North America,322000,191000,306.9,98.7,21600,0.95,4.3,3984120
PRD-1497,Office Equipment,Europe,116000,60000,97.01,33.32,16400,0.78,4.6,868516.0000000001
PRD-2276,Gaming Gear,North America,389000,228000,324.57,133.65,24400,0.89,4.9,4041448
PRD-2515,Personal Audio,Latin America,79000,45000,45.99,19.06,15200,0.69,3.6,285336.00000000006
PRD-1623,Outdoor Tech,North America,200000,134000,185.25,62.72,9800,0.77,4.4,866794
PRD-2607,Office Equipment,Europe,106000,71000,80.99,36.38,11500,0.78,3.8,336014.9999999999
PRD-2155,Personal Audio,Latin America,70000,44000,47.49,16.84,18100,0.69,3.8,440765
PRD-3460,Health & Fitness,Latin America,93000,71000,91.54,37.08,10900,0.74,4.3,429614.0000000001
PRD-1411,Smart Home,North America,310000,216000,290.16,101.85,22100,0.95,4.6,3635651.0000000005
PRD-3315,Personal Audio,Europe,99000,65000,77.55,27.56,40300,0.79,6.8,1850596.9999999998
PRD-1017,Office Equipment,Europe,110000,65000,89,34,13800,0.72,4.1,584000
PRD-1936,Kitchen Appliances,Latin America,136000,97000,134.16,52.38,9400,0.69,3.8,535732
PRD-3142,Wearable Tech,Asia-Pacific,302000,203000,237.03,89.18,16800,0.8,4.1,1978880
PRD-2974,Personal Audio,Asia-Pacific,88000,52000,56.99,19.11,44900,0.82,4.2,1560812
PRD-1671,Health & Fitness,North America,131000,100000,123.59,42.42,19800,0.8,4.5,1376166
PRD-1637,Gaming Gear,Asia-Pacific,206000,141000,183.59,71.4,26400,0.74,5,2614816
PRD-2731,Smart Home,North America,298000,240000,298.53,111.3,29100,0.95,4.6,4910392.999999999
PRD-2585,Kitchen Appliances,Europe,226000,158000,256.41,95.04,13300,0.84,4.2,1762221
PRD-1579,Smart Home,Middle East,172000,96000,227.76,85.36,8600,0.53,4.3,956639.9999999998
PRD-2774,Wearable Tech,North America,365000,223000,296.01,110.4,16000,0.93,4.7,2381759.9999999995
PRD-1953,Outdoor Tech,North America,198000,128000,159.75,60.8,11800,0.77,4.4,841610
PRD-2797,Office Equipment,Latin America,92000,59000,77.48,27.16,7500,0.6,3.6,226400.00000000006
PRD-1142,Wearable Tech,Europe,299000,194000,212.97,87.12,16700,0.77,4.7,1608695
PRD-1822,Wearable Tech,Asia-Pacific,314000,182000,229.54,100.94,19200,0.8,4.1,1973120
PRD-2892,Smart Home,Europe,189000,110000,149.5,53.36,13400,0.81,4.3,989276
PRD-2057,Gaming Gear,Asia-Pacific,227000,171000,183.59,71.4,18000,0.74,4.5,1621420
PRD-2648,Home Automation,Europe,305000,168000,236.61,87.36,14500,0.77,4.1,1691125
PRD-1458,Office Equipment,North America,74000,47000,68.37,26.4,15200,0.73,4,516944.0000000001
PRD-3485,Kitchen Appliances,Europe,266000,146000,264.18,103.95,11100,0.84,4.8,1366553.0000000002
PRD-3486,Gaming Gear,Middle East,189000,154000,178.59,68.4,6700,0.5,4,395273
PRD-3255,Personal Audio,Europe,102000,77000,75.15,25.18,34000,0.79,4.4,1519980.0000000002
PRD-2379,Consumer Electronics,Asia-Pacific,314000,239000,347.71,119.56,24300,0.85,4.7,4991044.999999999
PRD-2029,Smart Home,Middle East,160000,125000,208.05,80.08,6500,0.53,4.6,546805.0000000001
PRD-2960,Consumer Electronics,Europe,456000,297000,508.98,204.75,12200,0.86,5,2958606
PRD-3314,Wearable Tech,North America,278000,200000,313.95,106.95,15700,,4.4,2771900
PRD-2171,Consumer Electronics,North America,233000,169000,185.99,79.19,16200,0.84,4.2,1328160.0000000002
PRD-1160,Consumer Electronics,Europe,444000,255000,479.04,210.6,11400,0.86,5,2361216.0000000005
PRD-2692,Wearable Tech,Asia-Pacific,322000,211000,259.48,95.06,14800,0.8,3.8,1900416.0000000005
PRD-3188,Home Automation,Europe,316000,205000,250.95,84.63,14200,0.77,4.9,1840744
PRD-3322,Wearable Tech,Asia-Pacific,277000,177000,259.48,95.06,-285000,0.8,4,2669980.0000000005
PRD-2476,Kitchen Appliances,Latin America,141000,88000,141.9,50.76,9200,0.69,4.6,609488.0000000001
PRD-1853,Outdoor Tech,Europe,213000,125000,181.44,79.92,9400,0.61,4.4,616288
PRD-3140,Consumer Electronics,Europe,420000,258000,449.1,175.5,9100,0.86,5,1811760
PRD-1660,Health & Fitness,Latin America,90000,61000,106.47,38.16,10100,0.74,4.2,538931
PRD-1460,Consumer Electronics,Europe,384000,305000,449.1,175.5,12300,0.86,4.2,2676280.0000000005
PRD-3407,Gaming Gear,Asia-Pacific,183000,152000,172.79,73.44,26000,,4.3,2248100
PRD-2343,Outdoor Tech,North America,191000,141000,175.05,64.64,11100,0.77,4,893551.0000000002
PRD-2962,Wearable Tech,Asia-Pacific,241000,171000,266.97,103.88,14600,0.8,4.2,1969114.0000000005
PRD-2463,Outdoor Tech,North America,179000,143000,185.25,62.72,10500,0.77,4.3,964565
PRD-2872,Wearable Tech,Asia-Pacific,297000,184000,229.54,100.94,17000,0.8,4.8,1705200
PRD-2645,Kitchen Appliances,Europe,218000,184000,264.18,103.95,15700,0.84,4.9,2113611.0000000005
PRD-2133,Outdoor Tech,North America,181000,110000,175.05,64.64,13300,0.77,4.3,1177453.0000000002
PRD-1073,Outdoor Tech,Europe,169000,137000,187.11,71.04,7000,0.61,4.1,506490
PRD-2757,Office Equipment,Europe,114000,57000,97.01,33.32,12000,0.78,3.9,593280
PRD-1367,Gaming Gear,Asia-Pacific,202000,174000,178.19,65.28,17600,0.74,4.7,1611216
PRD-1308,Office Equipment,North America,68000,,70.31,23.52,14600,0.73,3.9,572134.0000000001
PRD-2885,Kitchen Appliances,Europe,264000,138000,240.87,98.01,14400,0.84,4.4,1655184.0000000002
PRD-1785,Personal Audio,Europe,98000,85000,75.15,25.18,37500,0.79,,1690875.0000000002
PRD-1746,Gaming Gear,Middle East,177000,155000,172.89,77.04,4900,0.5,3.5,137664.99999999988
PRD-1967,Gaming Gear,Asia-Pacific,204000,182000,194.39,69.36,21100,0.74,5,2252132.9999999995
PRD-1095,Personal Audio,Europe,86000,86000,72.75,28.36,36800,0.79,4.5,1461552
PRD-2975,Kitchen Appliances,Europe,216000,176000,279.72,100.98,12500,0.84,4.9,1842250
PRD-2959,Smart Home,Middle East,160000,125000,240.9,82.72,5900,0.53,3.9,648262
PRD-2768,Home Automation,Europe,289000,170000,250.95,84.63,20800,0.77,4.4,3000456
PRD-3073,Health & Fitness,Asia-Pacific,136000,96000,90.89,35.43,30200,0.78,4.3,1442892
PRD-1091,Consumer Electronics,North America,213000,153000,203.99,83.99,16800,0.84,4.8,1650000.0000000002
PRD-1006,Kitchen Appliances,Latin America,140000,85000,129,54,9500,0.65,4.1,487500
PRD-2043,Outdoor Tech,North America,161000,119000,185.25,62.72,10100,0.77,,957553
PRD-2518,Home Automation,Asia-Pacific,235000,167000,219.45,71.44,13100,0.74,4.4,1536930.9999999998
PRD-3225,Personal Audio,Europe,88000,852000,82.35,26.77,30800,0.79,4.6,1552864
PRD-1237,Office Equipment,Latin America,78000,52000,81.95,26.32,6200,0.6,4.1,214906
PRD-2481,Health & Fitness,North America,140000,99000,109.19,44.94,29200,0.8,4.6,1637100
PRD-2381,Consumer Electronics,North America,245000,158000,185.99,79.19,13400,0.84,5,1028120.0000000002
PRD-2176,Kitchen Appliances,Latin America,119000,72000,122.55,49.14,8500,0.69,4.4,432985
PRD-2832,Smart Home,Europe,194000,128000,145.02,60.32,11100,0.81,4.7,618170.0000000002
PRD-1211,Consumer Electronics,North America,275000,155000,215.99,81.59,16100,0.84,5,1733840
PRD-2584,Personal Audio,Asia-Pacific,92000,64000,64.19,22.26,47500,0.82,4.6,1835674.9999999995
PRD-1523,,Europe,215000,131000,170.1,66.6,8000,0.61,4.4,482000
PRD-1323,Outdoor Tech,North America,170000,111000,159.75,60.8,13700,0.77,4.2,1074615
PRD-1754,Wearable Tech,North America,330000,237000,269.1,103.5,20000,0.93,4.9,2745000.0000000005
PRD-2944,Personal Audio,Asia-Pacific,77000,66000,62.39,20.37,41200,0.82,4.4,1588223.9999999998
PRD-2161,Smart Home,North America,338000,246000,306.9,98.7,27300,0.95,5,5099860
PRD-3155,Kitchen Appliances,Europe,269000,154000,248.64,106.92,14300,0.84,4.8,1603595.9999999995
PRD-2024,Wearable Tech,North America,336000,193000,278.07,113.85,19800,0.93,4.2,2722556
PRD-1114,Personal Audio,Asia-Pacific,,52000,64.19,22.26,34400,0.82,4.5,1302391.9999999998
PRD-1738,Home Automation,Asia-Pacific,253000,133000,183.54,78.28,14900,0.74,4.1,1182373.9999999998
PRD-2047,Office Equipment,Latin America,84000,52000,73.01,28,9100,0.6,4.2,273591.00000000006
PRD-1933,Health & Fitness,Asia-Pacific,130000,102000,96.29,34.45,26300,0.78,4.2,1394392
PRD-3341,Consumer Electronics,North America,280000,173000,197.99,76.79,13500,0.84,4.1,1183200
PRD-1158,Office Equipment,North America,86000,54000,58.7,25.68,13900,0.73,3.8,318978.00000000006
PRD-2286,Gaming Gear,Middle East,185000,140000,184.29,74.88,4800,0.5,4.3,200168
PRD-2181,Health & Fitness,North America,162000,112000,116.39,43.68,27200,0.8,4.4,1703712.0000000002
PRD-2459,Health & Fitness,Middle East,123000,98000,137.61,49.92,6500,0.6,4,348985.0000000001
PRD-1539,Consumer Electronics,Asia-Pacific,350000,223000,347.71,119.56,23000,0.85,4.8,4674449.999999999
PRD-1131,Health & Fitness,North America,171000,111000,116.39,43.68,20300,0.8,4.8,1194013.0000000002
PRD-2073,Outdoor Tech,North America,187000,129000,169.95,58.88,11200,0.77,4.7,927984
PRD-3447,Office Equipment,Europe,94000,55000,80.99,36.38,12300,0.78,3.7,399702.9999999999
PRD-3305,Kitchen Appliances,Europe,214000,168000,240.87,98.01,14800,0.84,4.9,1732328
PRD-2653,Health & Fitness,Asia-Pacific,124000,107000,90.89,35.43,29400,0.78,4.9,1399524
PRD-1687,Office Equipment,Latin America,100000,50000,75.25,30.52,7100,0.6,3.5,167583
PRD-1061,Consumer Electronics,North America,255000,194000,179.99,71.99,15500,0.84,5,1225000.0000000002
PRD-3213,Outdoor Tech,North America,196000,121000,159.75,60.8,12900,0.77,4.8,959455
PRD-2580,Consumer Electronics,Latin America,179000,124000,155.19,64.48,10700,0.61,4.3,667596.9999999999
PRD-1242,Smart Home,Europe,198000,103000,136.05,62.06,13000,0.81,4.3,660870.0000000001
PRD-2816,Gaming Gear,North America,403000,278000,345.51,129.6,24000,0.89,4.6,4500840
PRD-2502,Smart Home,Europe,196000,134000,136.05,62.06,14100,0.81,4.7,713259.0000000001
PRD-1551,Health & Fitness,North America,140000,99000,116.39,43.68,21100,0.8,4.2,1295181.0000000002
PRD-2789,Health & Fitness,Middle East,122000,94000,145.95,48.36,7700,0.6,4,535442.9999999999
PRD-2600,Consumer Electronics,Europe,404000,288000,523.95,181.35,9400,0.86,4.3,2528440
PRD-2536,Kitchen Appliances,Latin America,137000,75000,118.68,55.62,10900,0.69,4.2,475354.0000000001
PRD-3158,Home Automation,Europe,278000,191000,222.27,90.09,19800,0.77,5,2148164
PRD-1762,Wearable Tech,Asia-Pacific,322000,211000,274.45,92.12,16100,0.8,4.5,2402512.9999999995
PRD-1342,Wearable Tech,Asia-Pacific,294000,175000,274.45,92.12,15600,0.8,4,2375347.9999999995
PRD-1531,Smart Home,North America,291000,218000,306.9,98.7,20800,0.95,4.9,3821560
PRD-3128,Home Automation,Europe,239000,176000,243.78,95.55,18200,0.77,4.2,2282786.0000000005
PRD-2685,Personal Audio,Europe,85000,79000,77.55,27.56,31500,0.79,4.9,1410684.9999999998
PRD-2604,Kitchen Appliances,North America,235000,148000,216.15,84.55,16900,0.83,4.1,1841040.0000000005
PRD-3369,Consumer Electronics,Asia-Pacific,304000,205000,338.14,134.2,17600,0.85,4.7,3080344
PRD-2072,Wearable Tech,Europe,299000,194000,247.32,89.76,15500,0.77,4,1949180
PRD-1711,Smart Home,North America,264000,187000,273.42,105,24200,0.95,4.8,3624764.0000000005
PRD-2952,Smart Home,Europe,184000,130000,153.99,58.58,10500,0.81,3.9,687805.0000000001
PRD-3067,Office Equipment,Latin America,94000,48000,79.72,29.68,7400,0.6,4,228296
PRD-1336,Kitchen Appliances,Latin America,134000,,122.55,49.14,7900,0.69,4.5,352939
PRD-1024,Personal Audio,Asia-Pacific,85000,60000,59.99,21,42000,0.87,4.6,1492580
PRD-3198,Office Equipment,North America,79000,47000,70.31,23.52,13400,0.73,3.5,500986.0000000001
PRD-1282,Wearable Tech,Asia-Pacific,302000,203000,266.97,103.88,19500,0.8,4.4,2675255.0000000005
PRD-3484,Personal Audio,Asia-Pacific,80000,59000,65.99,19.74,40300,0.82,4.1,1724875
PRD-1026,Gaming Gear,Middle East,195000,135000,189.99,72,5900,0.52,4,366141
PRD-1245,Personal Audio,Europe,94000,70000,87.15,25.97,38200,0.79,4.6,2173076.0000000005
PRD-1360,Health & Fitness,Latin America,106000,70000,91.54,37.08,9200,0.74,,325032.00000000006
PRD-2517,Office Equipment,Europe,94000,55000,86.33,35.36,13400,0.78,4.4,533998
PRD-2348,Home Automation,Europe,261000,192000,250.95,84.63,20300,0.77,5,2923296
PRD-2519,health & fitness,Middle East,119000,85000,141.78,54.6,7800,0.6,3.6,476004
PRD-2365,Personal Audio,Latin America,74000,41000,47.49,16.84,22200,0.69,3.5,565430
PRD-1634,Wearable Tech,North America,349000,235000,313.95,106.95,20900,0.93,4.6,3742300
PRD-1113,Outdoor Tech,North America,161000,119000,159.75,60.8,11100,0.77,4.5,818345
PRD-2247,Office Equipment,Europe,125000,69000,83.66,32.3,13500,0.78,4,499360
PRD-2254,Personal Audio,Asia-Pacific,93000,67000,60.59,22.89,40300,0.82,4.6,1359310
PRD-1929,,Asia-Pacific,337000,248000,309.43,126.88,21700,0.85,4.4,3376335.0000000005
PRD-1238,Home Automation,Europe,286000,161000,243.78,95.55,19400,0.77,4.7,2428662.0000000005
PRD-3080,Consumer Electronics,Europe,432000,300000,538.92,198.9,11700,0.86,4.4,3246234
PRD-2894,Wearable Tech,North America,346000,225000,313.95,106.95,15100,0.93,5,2554700
PRD-1177,Office Equipment,Latin America,81000,61000,79.72,29.68,8000,0.6,3.5,258320
PRD-1501,Smart Home,North America,344000,200000,273.42,105,29100,0.95,5,4357022
PRD-1119,Consumer Electronics,Asia-Pacific,317000,251000,347.71,119.56,22400,0.85,4.3,4542559.999999999
PRD-1489,Smart Home,Middle East,,103000,240.9,82.72,6600,0.53,3.8,787988
PRD-3396,Gaming Gear,Middle East,168000,122000,189.99,66.24,5100,0.5,3.5,341125.0000000001
PRD-2953,Health & Fitness,Asia-Pacific,106000,95000,85.49,29.58,31600,0.78,5,1565756
PRD-2495,Kitchen Appliances,Europe,274000,170000,271.95,92.07,15200,0.84,4.8,2290176
PRD-3219,Consumer Electronics,Asia-Pacific,380000,255000,347.71,119.56,25600,0.85,4.6,5205639.999999999
PRD-2431,Smart Home,North America,344000,200000,256.68,108.15,27000,0.95,4.4,3466310
PRD-1636,Kitchen Appliances,Latin America,157000,82000,141.9,50.76,8600,0.69,3.6,544804.0000000001
PRD-1136,Gaming Gear,North America,371000,243000,345.51,129.6,21500,0.89,4.8,4028065
PRD-2318,Home Automation,Europe,308000,178000,222.27,90.09,18700,0.77,4.1,1985766
PRD-2395,Personal Audio,Latin America,62000,45000,53.49,19.61,16200,0.69,3.5,441856
PRD-2331,Health & Fitness,North America,128000,89000,112.79,39.9,28200,0.8,4.5,1838498.0000000005
PRD-2710,Health & Fitness,Latin America,117000,62000,106.47,38.16,13200,0.74,3.8,722692
PRD-2564,Wearable Tech,North America,349000,235000,296.01,110.4,19500,0.93,5,3035394.9999999995
PRD-2300,Consumer Electronics,Europe,340000,238000,449.1,175.5,13000,0.86,5,2978800.0000000005
PRD-2202,Smart Home,Europe,167000,113000,145.02,60.32,13100,0.81,4.5,829570.0000000002
PRD-3481,Smart Home,North America,326000,202000,256.68,108.15,23700,0.95,5,2992161
PRD-1670,Consumer Electronics,Europe,404000,288000,449.1,175.5,10200,0.86,5,2098720
PRD-3008,Home Automation,Europe,256000,174000,229.44,98.28,19100,0.77,5,2075156
PRD-1319,Health & Fitness,Middle East,116000,77000,145.95,48.36,5600,0.6,3.9,353503.9999999999
PRD-2655,Personal Audio,Europe,101000,73000,84.75,29.15,28400,0.79,4,1405040
PRD-2996,Gaming Gear,North America,371000,243000,376.92,137.7,18200,0.89,4.5,3739804.000000001
PRD-3301,Smart Home,North America,353000,233000,290.16,101.85,30900,0.95,5,5232779.000000001
PRD-2887,Office Equipment,Latin America,102000,56000,73.01,28,6500,0.6,4.1,134565.00000000006
PRD-2048,Home Automation,Europe,303000,159000,215.1,81.9,18900,0.77,4.8,2055480
PRD-1162,Wearable Tech,Asia-Pacific,319000,201000,252,106.82,13400,0.8,4.1,1425412
PRD-1635,Personal Audio,Europe,90000,78000,77.55,27.56,36100,0.79,4.2,1636638.9999999998
PRD-1172,Wearable Tech,Europe,255000,154000,240.45,81.84,12000,0.77,4.5,1494319.9999999998
PRD-3465,Personal Audio,Europe,106000,72000,75.15,25.18,41700,0.79,4.1,1905749.0000000002
PRD-1313,Outdoor Tech,Europe,205000,139000,170.1,66.6,9600,0.61,3.6,649600
PRD-2262,Smart Home,Europe,162000,132000,149.5,53.36,10300,0.81,4.1,696242
PRD-3464,Wearable Tech,North America,304000,218000,304.98,120.75,16400,0.93,4.5,2499372.0000000005
PRD-2099,Health & Fitness,Middle East,147000,95000,141.78,54.6,7500,0.6,4.2,411850
PRD-2312,Wearable Tech,Europe,268000,198000,226.71,84.48,14100,0.77,4.6,1539443.0000000002
PRD-1169,Health & Fitness,Middle East,147000,95000,150.12,53.04,8100,0.6,3.8,544348.0000000001
PRD-1824,Kitchen Appliances,North America,253000,161000,223.05,92.56,12800,0.83,4.9,1256272
PRD-2438,Home Automation,Europe,,179000,236.61,87.36,17900,0.77,4.4,2200575
PRD-3154,Personal Audio,Asia-Pacific,81000,62000,62.39,20.37,50400,0.82,4.1,1974808
PRD-1851,Health & Fitness,North America,164000,118000,109.19,44.94,23000,0.8,4.4,1195750
PRD-3267,Office Equipment,Europe,103000,64000,91.67,34.34,16100,0.78,3.8,756013
PRD-2027,Gaming Gear,Asia-Pacific,197000,158000,161.99,61.2,25100,0.74,4.7,2174829
PRD-2460,Consumer Electronics,,189000,123000,145.59,66.34,7500,0.61,4,282375
PRD-2288,Home Automation,Europe,270000,163000,243.78,95.55,17200,0.77,4.3,2116556.0000000005
PRD-1587,Office Equipment,Europe,94000,55000,91.67,34.34,14500,0.78,4,682285
PRD-2038,Home Automation,Asia-Pacific,219000,161000,213.47,80.56,16200,0.74,4.3,1773142
PRD-1816,Kitchen Appliances,Latin America,144000,96000,126.42,54,9900,0.69,4.6,476958
PRD-2617,Office Equipment,Latin America,100000,50000,70.78,25.48,6500,0.6,3.7,144450
PRD-2943,Outdoor Tech,North America,192000,109000,154.65,68.48,13000,0.77,4.4,819210
PRD-1124,Wearable Tech,North America,282000,210000,269.1,103.5,15500,0.93,4.7,2074800.0000000005
PRD-2890,Health & Fitness,Latin America,107000,73000,94.53,32.76,10100,0.74,3.7,443877
PRD-1082,Wearable Tech,Europe,226000,166000,206.1,79.2,14100,0.77,4,1397289.9999999998
PRD-1442,Wearable Tech,,260000,172000,247.32,89.76,11900,0.77,4.9,1442964
PRD-1537,Office Equipment,Latin America,93000,62000,77.48,27.16,6800,0.6,3.5,187176.00000000006
PRD-1029,Consumer Electronics,Asia-Pacific,330000,230000,319,122,21500,0.85,4.8,3675500
PRD-1139,Health & Fitness,,128000,88000,133.44,56.16,7500,0.6,4,363600
PRD-2203,Health & Fitness,Asia-Pacific,132000,82000,98.99,30.55,26000,0.78,4.6,1565440
PRD-3088,Home Automation,Asia-Pacific,205000,163000,213.47,80.56,14200,0.74,3.9,1519322
PRD-1150,Health & Fitness,Latin America,101000,74000,91.54,37.08,11300,0.74,4.3,440398.0000000001
PRD-3478,Home Automation,Asia-Pacific,196000,132000,189.53,69.16,13200,,4.6,1260884
PRD-3023,Outdoor Tech,Europe,190000,127000,192.78,77.7,7900,0.61,4.3,592132
PRD-2955,Personal Audio,Europe,86000,86000,79.95,24.38,31200,0.79,4.2,1561784.0000000002
PRD-1965,Personal Audio,Europe,89000,74000,82.35,26.77,42000,0.79,4.2,2171360
PRD-2563,Health & Fitness,Asia-Pacific,110000,85000,96.29,34.45,33300,0.78,4.4,1864272
PRD-1354,Personal Audio,Asia-Pacific,78000,53000,58.79,21,47500,0.82,5,1664025
PRD-2399,Health & Fitness,Middle East,127000,84000,133.44,56.16,8100,0.6,4.4,414968
PRD-2119,Smart Home,Middle East,178000,118000,240.9,82.72,8400,0.53,4,1032712
PRD-1749,Consumer Electronics,Asia-Pacific,366000,209000,347.71,119.56,18900,0.85,4.5,3737035
PRD-1862,Wearable Tech,Europe,286000,151000,247.32,89.76,12300,0.77,,1500988
PRD-2165,Kitchen Appliances,Europe,276000,178000,256.41,95.04,12900,0.84,4.8,1627673
PRD-2719,Smart Home,Middle East,180000,123000,214.62,88,6600,0.53,4.4,532692
PRD-2763,Outdoor Tech,North America,209000,126000,175.05,64.64,11400,0.77,4.5,923674.0000000002
PRD-1793,Outdoor Tech,Europe,219000,144000,175.77,73.26,7900,0.61,3.7,446829
PRD-3133,Health & Fitness,Asia-Pacific,132000,82000,93.59,31.53,23800,0.78,5,1263028
PRD-2297,Gaming Gear,Asia-Pacific,202000,174000,167.39,67.32,24900,0.74,5,2115743
PRD-3451,Smart Home,North America,282000,253000,281.79,114.45,21300,0.95,4.2,3029342.0000000005
PRD-1050,Consumer Electronics,Latin America,177000,118000,150.39,58.9,10000,0.61,4.6,619899.9999999998
PRD-3102,Smart Home,Europe,198000,103000,149.5,53.36,11000,0.81,4,756540
PRD-3047,Gaming Gear,Asia-Pacific,221000,147000,178.19,65.28,20200,0.74,4.5,1912782
PRD-1988,Home Automation,Europe,311000,187000,258.12,-92.82,15800,0.77,4.1,2113740
PRD-1462,Wearable Tech,Asia-Pacific,277000,177000,237.03,89.18,14800,0.8,4.3,1734180
PRD-2581,Smart Home,North America,273000,220000,306.9,98.7,28100,0.95,4.5,5357420
PRD-3246,Gaming Gear,Middle East,213000,151000,195.69,72.72,4800,,4.5,226256
PRD-1981,smart home,North America,,209000,281.79,114.45,23900,0.95,5,3520426.000000001
PRD-1224,Kitchen Appliances,North America,251000,154000,250.65,87.22,16300,0.83,4.5,2258909
PRD-3352,Wearable Tech,Asia-Pacific,316000,192000,237.03,89.18,13600,0.8,3.8,1502760
PRD-2605,Personal Audio,Latin America,65000,42000,53.49,19.61,20300,0.69,4.1,580764
PRD-1773,Outdoor Tech,North America,157000,106000,180.15,70.4,10300,0.77,4.5,867425
PRD-1842,Smart Home,Europe,200000,109000,149.5,53.36,15000,0.81,4.7,1133100
PRD-2236,Kitchen Appliances,Latin America,158000,86000,126.42,54,10200,0.69,4,494684
PRD-1110,Consumer Electronics,Latin America,172000,101000,155.19,64.48,7900,0.61,4.2,443609
PRD-2168,Home Automation,Europe,286000,161000,229.44,98.28,18000,0.77,5,1913880
PRD-3380,Consumer Electronics,Europe,372000,263000,508.98,204.75,12500,0.86,4.6,3167875
PRD-1346,Gaming Gear,North America,389000,228000,345.51,129.6,17600,0.89,4.5,3183016
PRD-2135,Kitchen Appliances,Europe,242000,165000,279.72,100.98,11700,0.84,5,1684258
PRD-2015,Kitchen Appliances,Europe,257000,163000,264.18,103.95,12400,0.84,4.7,1566852.0000000002
PRD-1573,Health & Fitness,Asia-Pacific,114000,99000,98.99,30.55,30500,0.78,4.4,1874420
PRD-3256,Kitchen Appliances,Latin America,130000,80000,138.03,57.24,8100,0.69,3.8,444398.9999999999
PRD-3119,,Middle East,120000,89000,125.1,46.8,6100,0.6,4,268630
PRD-2440,Health & Fitness,Latin America,114000,76000,103.48,34.92,13300,0.74,4.5,721848
PRD-3248,Home Automation,Europe,308000,178000,258.12,92.82,17300,0.77,4.5,2373690
PRD-1505,Kitchen Appliances,Europe,206000,144000,279.72,100.98,13900,0.84,4.8,2134486
PRD-1574,Wearable Tech,North America,358000,202000,304.98,120.75,17700,1.48,5,2700871.0000000005
PRD-1412,Wearable Tech,Europe,224000,158000,219.84,95.04,16500,0.77,4,1677200
PRD-1356,Gaming Gear,Middle East,185000,140000,195.69,72.72,5300,0.5,,326741
PRD-1890,Consumer Electronics,Latin America,158000,127000,150.39,58.9,10500,0.61,4.5,675644.9999999998
PRD-2813,Outdoor Tech,Europe,181000,135000,192.78,77.7,9500,0.61,3.5,777260
PRD-2687,Gaming Gear,Asia-Pacific,193000,142000,183.59,71.4,23500,0.74,4.7,2301465
PRD-1621,Smart Home,North America,326000,202000,290.16,101.85,27800,0.95,4.3,4707018.000000001
PRD-1873,Health & Fitness,Asia-Pacific,133000,86000,93.59,31.53,32800,0.78,4.6,1816568
PRD-2439,Consumer Electronics,Asia-Pacific,304000,205000,290.29,130.54,19400,0.85,4.3,2590150.0000000005
PRD-2803,Health & Fitness,Asia-Pacific,133000,86000,88.19,32.5,30500,0.78,5,1479545
PRD-1673,Outdoor Tech,Europe,171000,143000,204.12,75.48,8300,0.61,4.5,753712
PRD-1035,Personal Audio,Europe,89000,74000,87.15,25.97,30500,0.79,4.9,1702990.0000000002
PRD-1281,Health & Fitness,North America,137000,121000,112.79,39.9,21300,0.8,4.9,1294557.0000000002
PRD-1586,Gaming Gear,North America,347000,233000,314.1,121.5,24000,0.89,5,4042400.000000001
PRD-1546,Kitchen Appliances,Latin America,141000,88000,122.55,49.14,10000,0.69,4.2,505100
PRD-2568,Office Equipment,North America,92000,56000,70.31,23.52,16000,0.73,4.3,600640.0000000001
PRD-1562,Wearable Tech,Europe,244000,173000,212.97,87.12,17100,0.77,4.1,1735035
PRD-2226,Gaming Gear,Middle East,191000,119000,178.59,68.4,91500,0.5,3.6,362159
PRD-2506,,Latin America,161000,94000,130.29,58.86,10100,0.69,4.4,466442.9999999999
PRD-3290,CONSUMER ELECTRONICS,Europe,452000,283000,538.92,198.9,9600,0.86,5,2529192
PRD-1423,Health & Fitness,Asia-Pacific,104000,90000,82.79,33.48,29400,0.78,4.3,1255714.0000000002
PRD-3217,Office Equipment,Latin America,101000,53000,77.48,27.16,7800,0.6,4.1,238496.00000000006
PRD-1366,Kitchen Appliances,Latin America,154000,73000,138.03,57.24,8700,0.69,4.3,475872.9999999999
PRD-2570,Consumer Electronics,Europe,348000,266000,464.07,193.05,12900,0.86,4.5,2882157.9999999995
PRD-1938,Office Equipment,North America,80000,49000,70.31,23.52,18600,0.73,4.1,741294.0000000001
PRD-1291,Smart Home,North America,,213000,273.42,105,23400,0.95,4.3,3399028.0000000005
PRD-2957,Gaming Gear,Asia-Pacific,197000,158000,188.99,63.24,23300,0.74,5,2574975
PRD-1542,Smart Home,Europe,171000,125000,158.47,63.8,14000,0.81,4.5,1029380
PRD-2730,Consumer Electronics,Latin America,193000,99000,150.39,58.9,7400,0.61,4.4,385025.9999999999
PRD-1494,Kitchen Appliances,North America,187000,123000,209.25,95.23,16200,0.83,4.9,1537124
PRD-3146,Gaming Gear,North America,399000,265000,366.45,125.55,19100,0.89,4.6,3937190
PRD-1034,Wearable Tech,North America,346000,225000,287.04,124.2,18000,0.93,4.2,2360120.0000000005
PRD-1039,Smart Home,,165000,108000,214.62,88,5800,0.53,4.6,461396
PRD-2823,Outdoor Tech,North America,204000,108000,180.15,70.4,13600,0.77,4.1,1180600
PRD-1927,Office Equipment,Latin America,89000,51000,68.54,28.84,6400,0.6,3.9,114080.00000000003
PRD-3183,Outdoor Tech,North America,170000,111000,175.05,64.64,11800,0.77,3.9,1021838.0000000002
PRD-1320,Consumer Electronics,Latin America,180000,130000,155.19,64.48,9900,0.61,3.9,588028.9999999999
PRD-2954,Wearable Tech,North America,336000,193000,322.92,117.3,18400,0.93,4.6,3254408
PRD-1875,Personal Audio,Europe,108000,80000,87.15,25.97,32600,0.79,4.8,1806468.0000000002
PRD-1005,Personal Audio,Europe,95000,75000,79.95,26.5,35000,0.82,4.4,1700750
PRD-1390,Health & Fitness,Latin America,121000,75000,103.48,34.92,10200,0.74,3.8,503312
PRD-1374,Kitchen Appliances,North America,200000,167000,243.75,97.9,16900,0.83,4.6,2097865
PRD-2759,Health & Fitness,Middle East,144000,87000,129.27,51.48,7100,0.6,4.2,321309.0000000001
PRD-1960,Health & Fitness,Latin America,107000,73000,100.5,39.24,11000,0.74,4.4,493860
PRD-2252,Wearable Tech,Europe,276000,170000,219.84,95.04,17400,0.77,3.9,1725520
PRD-2624,Wearable Tech,North America,339000,204000,304.98,120.75,15300,0.93,4.6,2275719.0000000005
PRD-1213,Health & Fitness,Asia-Pacific,136000,96000,82.79,33.48,23200,0.78,4.6,911992.0000000002
PRD-1678,Home Automation,Asia-Pacific,260000,157000,219.45,71.44,18500,0.74,4.5,2321185
PRD-2524,Personal Audio,Asia-Pacific,94000,55000,62.39,20.37,39900,0.82,5,1527597.9999999998
PRD-1338,Office Equipment,North America,79000,47000,64.5,22.08,16000,0.73,3.7,552720
PRD-2026,Kitchen Appliances,Latin America,151000,91000,126.42,54,8100,0.69,4.3,344602
PRD-2477,Gaming Gear,Asia-Pacific,183000,152000,183.59,71.4,18700,0.74,5,1762953
PRD-1383,Outdoor Tech,North America,165000,131000,164.85,66.56,11000,0.77,3.8,785190
PRD-2123,Outdoor Tech,Europe,217000,138000,187.11,71.04,9400,0.61,3.7,736058
PRD-1652,Wearable Tech,Europe,273000,161000,247.32,89.76,15100,0.77,4.6,1945156
PRD-2237,Gaming Gear,Asia-Pacific,208000,149000,161.99,61.2,20900,0.74,4.4,1749511
PRD-1541,Consumer Electronics,North America,273000,202000,185.99,79.19,12500,0.84,5,860000.0000000002
PRD-1829,Health & Fitness,Middle East,144000,87000,137.61,49.92,7600,0.6,3.8,435444.0000000001
PRD-2753,Outdoor Tech,Europe,186000,114000,187.11,71.04,8000,0.61,3.9,628560.0000000001
PRD-1003,Health & Fitness,Asia-Pacific,120000,95000,89.99,32.5,28000,0.8,4.7,1394719.9999999998
PRD-2870,Consumer Electronics,Europe,412000,316000,538.92,198.9,9200,0.86,4.7,2400184
PRD-3220,Health & Fitness,Latin America,106000,70000,100.5,39.24,12000,0.74,3.7,559120
PRD-1648,Home Automation,Asia-Pacific,228000,,195.51,76,17100,0.74,4.7,1671620.9999999998
PRD-1509,Consumer Electronics,Asia-Pacific,304000,205000,309.43,126.88,21100,0.85,5,3342805.0000000005
PRD-1067,Gaming Gear,Asia-Pacific,233000,146000,188.99,63.24,24900,0.74,4.5,2752175
PRD-2883,Outdoor Tech,North America,198000,128000,185.25,62.72,10900,0.77,4.8,1009577
PRD-1408,Home Automation,Asia-Pacific,255000,141000,213.47,80.56,12300,0.74,4.1,1238793
PRD-1189,Smart Home,Middle East,178000,118000,208.05,80.08,6000,0.53,4.7,471820.0000000001
PRD-1199,Health & Fitness,Middle East,124000,76000,137.61,49.92,5900,0.6,3.6,317371.00000000006
PRD-2408,Home Automation,Europe,253000,165000,258.12,92.82,16300,0.77,4.6,2276390
PRD-2988,Office Equipment,North America,75000,50000,70.31,23.52,16500,0.73,3.7,647035.0000000001
PRD-1535,Kitchen Appliances,Europe,240000,157000,256.41,95.04,15000,0.84,4.6,2023550
PRD-2384,Wearable Tech,North America,278000,200000,269.1,103.5,17100,0.93,4,2353760.0000000005
PRD-2162,Wearable Tech,Europe,247000,182000,233.58,92.4,13500,0.77,4.5,1476930
PRD-2323,Health & Fitness,Asia-Pacific,125000,83000,85.49,29.58,24600,0.78,4.9,1167386
PRD-3462,Smart Home,Europe,166000,107000,145.02,60.32,14300,0.81,3.8,938210.0000000002
PRD-3027,,Europe,117000,63000,80.99,36.38,11900,0.78,4.3,350858.9999999999
PRD-1868,Home Automation,Europe,242000,185000,243.78,95.55,16600,0.77,4.9,2033618.0000000005
PRD-3308,Home Automation,Europe,300000,207000,215.1,81.9,20500,0.77,4.1,2223599.9999999995
PRD-1893,Outdoor Tech,North America,204000,108000,154.65,68.48,9700,0.77,4.8,523849
PRD-2630,Consumer Electronics,Europe,460000,311000,479.04,210.6,10300,0.86,5,1993932.0000000005
PRD-3459,Consumer Electronics,Asia-Pacific,340000,260000,319,112.24,23400,0.85,5,4238184
PRD-2468,Home Automation,Europe,245000,194000,215.1,81.9,19400,0.77,4.2,2145080
PRD-2878,Home Automation,Asia-Pacific,265000,,213.47,80.56,17100,0.74,4.2,1835761
PRD-3170,Consumer Electronics,Europe,352000,280000,508.98,204.75,10100,0.86,4.9,2440723
PRD-1011,Health & Fitness,North America,150000,105000,119.99,42,24500,,4.5,1655754.9999999998
PRD-2341,Smart Home,North America,310000,216000,273.42,105,30700,0.95,5,4644494.000000001
PRD-3000,Consumer Electronics,Latin America,196000,110000,155.19,64.48,7300,0.61,3.7,356183
PRD-2863,Health & Fitness,Asia-Pacific,130000,102000,90.89,35.43,24100,0.78,4.6,1104586
PRD-2512,Wearable Tech,Asia-Pacific,260000,179000,237.03,89.18,19500,0.8,3.9,2444075
PRD-2140,Health & Fitness,Latin America,98000,64000,109.45,33.84,12400,0.74,4.3,775564
PRD-3112,Wearable Tech,Asia-Pacific,263000,188000,259.48,95.06,15300,0.8,4.3,2064626.0000000005
PRD-2651,Consumer Electronics,North America,250000,176000,191.99,86.39,13200,0.84,4.3,967920
PRD-3482,Wearable Tech,Europe,237000,201000,240.45,81.84,17400,0.77,4.5,2321813.9999999995
PRD-1310,Consumer Electronics,Europe,352000,280000,464.07,193.05,11900,0.86,5,2593138
PRD-2852,Wearable Tech,Europe,278000,179000,240.45,81.84,13800,0.77,4.3,1731818
PRD-2537,Gaming Gear,Asia-Pacific,242000,178000,188.99,63.24,22700,0.74,4.6,2434525
PRD-2697,Office Equipment,Europe,118000,66000,94.34,37.4,15200,0.78,4.3,681488.0000000001
PRD-2101,Smart Home,North America,347000,211000,298.53,111.3,22600,0.95,4.4,3673397.999999999
PRD-1583,Outdoor Tech,Europe,209000,112000,175.77,73.26,9500,0.61,4,652845
PRD-3472,Wearable Tech,Asia-Pacific,300000,194000,252,106.82,19700,0.8,4.1,2366046
PRD-2609,Health & Fitness,Middle East,134000,79000,133.44,56.16,6800,0.6,4.1,312504
PRD-3216,Gaming Gear,Middle East,185000,140000,172.89,77.04,6700,0.5,3.6,317194.9999999999
PRD-2320,Health & Fitness,Latin America,121000,75000,97.51,36,9300,0.74,4.2,376043
PRD-1600,Health & Fitness,Latin America,93000,71000,103.48,34.92,12700,0.74,4.6,706712
PRD-2023,Health & Fitness,Asia-Pacific,106000,95000,90.89,35.43,22400,0.78,4.7,1041304
PRD-1544,Wearable Tech,North America,314000,185000,269.1,103.5,16000,0.93,4.1,2150600.0000000005
PRD-1520,Consumer Electronics,Europe,372000,263000,464.07,193.05,9800,0.86,4.9,2020996
PRD-2136,Gaming Gear,Middle East,170000,128000,189.99,66.24,7000,0.5,4.2,568250.0000000001
PRD-1243,Health & Fitness,Asia-Pacific,115000,104000,93.59,31.53,25800,0.78,4.4,1382148
PRD-2686,Kitchen Appliances,Latin America,148000,82000,141.9,50.76,11300,0.69,4.3,799882.0000000001
PRD-1556,Gaming Gear,North America,298000,213000,345.51,129.6,22100,0.89,5,4260611
PRD-1391,Consumer Electronics,North America,253000,185000,191.99,86.39,18000,0.84,5,1462800.0000000002
PRD-3108,Office Equipment,North America,70000,50000,60.63,22.8,15700,0.73,4,473931
PRD-2096,Gaming Gear,North America,312000,263000,366.45,125.55,21700,0.89,5,4652529.999999999
PRD-2186,Gaming Gear,North America,350000,245000,345.51,129.6,18900,0.89,4.4,3485699
PRD-2199,Consumer Electronics,Asia-Pacific,343000,200000,319,112.24,21500,0.85,4.8,3902340
PRD-2326,Kitchen Appliances,Latin America,130000,80000,118.68,55.62,8800,0.69,4.5,344928.0000000001
PRD-1690,health & fitness,Latin America,105000,67000,97.51,36,11100,0.74,4,510761
PRD-2152,Wearable Tech,Asia-Pacific,311000,173000,244.51,98,15100,0.8,4.1,1728301
PRD-3181,Smart Home,North America,276000,231000,273.42,105,21600,0.95,4.9,3130872.0000000005
PRD-3205,Personal Audio,Latin America,66000,45000,47.49,16.84,15600,0.69,3.5,367140.00000000006
PRD-1244,Wearable Tech,North America,362000,212000,287.04,124.2,14600,0.93,5,1803464.0000000005
PRD-3470,CONSUMER ELECTRONICS,Europe,416000,244000,479.04,210.6,11000,0.86,5,2292840.0000000005
PRD-1847,Gaming Gear,Asia-Pacific,216000,181000,183.59,71.4,22200,0.74,4.8,2093618
PRD-3401,Consumer Electronics,North America,273000,202000,203.99,83.99,16200,0.84,4.8,1469000.0000000002
PRD-1680,Consumer Electronics,Latin America,149000,98000,150.39,58.9,8500,0.61,3.7,530664.9999999999
PRD-2754,Kitchen Appliances,North America,253000,161000,209.25,95.23,11600,0.83,4.2,908632
PRD-2437,Office Equipment,Latin America,80000,58000,79.72,29.68,8700,0.6,3.8,297348
PRD-1860,Consumer Electronics,Latin America,187000,117000,164.79,62.62,9700,0.61,4.7,687048.9999999999
PRD-1971,Health & Fitness,North America,155000,119000,116.39,43.68,21800,0.8,4.7,1311078.0000000002
PRD-1481,consumer electronics,North America,280000,173000,179.99,71.99,15900,0.84,4.4,1264200.0000000002
PRD-2799,Consumer Electronics,Asia-Pacific,347000,212000,347.71,119.56,24900,0.85,5,5121934.999999999
PRD-1357,Office Equipment,Latin America,101000,53000,70.78,25.48,9000,0.6,3.5,253700
PRD-2428,Home Automation,Asia-Pacific,209000,178000,189.53,69.16,15200,0.74,3.9,1442624
PRD-2077,Office Equipment,Latin America,96000,56000,81.95,26.32,6700,0.6,4,220721
PRD-2843,Outdoor Tech,Europe,207000,146000,175.77,73.26,6800,0.61,4.4,344068
PRD-1133,Outdoor Tech,Europe,163000,117000,192.78,77.7,8500,0.61,3.7,698180
PRD-2220,Consumer Electronics,Latin America,156000,121000,159.99,57.04,8400,0.61,4.5,587780.0000000001
PRD-2014,Personal Audio,Asia-Pacific,77000,66000,65.99,19.74,44500,0.82,5,1915125
PRD-1420,Health & Fitness,Latin America,103000,60000,94.53,32.76,11200,0.74,4.7,528824
PRD-2742,Smart Home,Europe,175000,137000,153.99,58.58,12900,0.81,4.2,918789.0000000002
PRD-1896,Gaming Gear,Middle East,193000,126000,207.09,70.56,5100,0.5,3.6,377303
PRD-2808,Office Equipment,North America,82000,57000,64.5,22.08,14400,0.73,3.8,471848
PRD-1171,Smart Home,North America,347000,211000,256.68,108.15,24700,0.95,5,3110691
PRD-3221,Consumer Electronics,North America,218000,171000,185.99,79.19,14300,0.84,4.9,1138240.0000000002
PRD-2503,Health & Fitness,Asia-Pacific,114000,99000,93.59,31.53,28300,0.78,,1543298
PRD-3171,Health & Fitness,North America,158000,97000,112.79,39.9,19600,0.8,4.4,1173644.0000000002
PRD-3287,Gaming Gear,Asia-Pacific,195000,150000,161.99,61.2,18000,0.74,5,1469220
PRD-1464,Kitchen Appliances,North America,224000,157000,229.95,81.88,14900,0.83,5,1825243
PRD-3483,Outdoor Tech,North America,200000,134000,164.85,66.56,12700,0.77,4.1,914283
PRD-3029,Health & Fitness,Middle East,147000,95000,133.44,56.16,7000,0.6,3.5,298960
PRD-2874,Kitchen Appliances,North America,240000,162000,223.05,92.56,16800,0.83,4.5,1790232
PRD-1689,Consumer Electronics,Asia-Pacific,376000,244000,338.14,134.2,23900,0.85,4.9,4254166
PRD-2183,Outdoor Tech,Europe,211000,118000,192.78,77.7,7400,0.61,4.4,522592
PRD-3203,Outdoor Tech,Europe,173000,150000,170.1,66.6,9000,0.61,4.2,608500
PRD-1921,Smart Home,North America,279000,242000,273.42,105,29900,0.95,4.5,4514758.000000001
PRD-2126,Gaming Gear,North America,361000,283000,335.04,-145.8,23600,0.89,4.8,3822064
PRD-1134,Kitchen Appliances,North America,227000,164000,216.15,84.55,12500,0.83,5,1254000.0000000002
PRD-2197,Office Equipment,Latin America,91000,57000,70.78,25.48,6300,0.6,3.5,137390
PRD-1904,Wearable Tech,North America,355000,191000,322.92,117.3,20700,0.93,5,3710334
PRD-1127,Gaming Gear,Asia-Pacific,227000,171000,194.39,69.36,19800,0.74,5,2077593.9999999995
PRD-1339,Smart Home,Middle East,140000,94000,201.48,90.64,6300,0.53,3.7,464291.9999999999
PRD-1686,Gaming Gear,Middle East,183000,134000,207.09,70.56,6300,0.5,3.9,543139
PRD-3002,Wearable Tech,Europe,299000,194000,233.58,92.4,14400,0.77,4.4,1539992
PRD-2819,Health & Fitness,Middle East,140000,74000,133.44,56.16,5500,0.6,3.8,211040
PRD-2703,Outdoor Tech,,157000,106000,169.95,58.88,14200,0.77,3.8,1314194
PRD-3015,Personal Audio,Europe,84000,75000,82.35,26.77,37500,0.79,4.9,1925250
PRD-3403,Health & Fitness,Asia-Pacific,134000,91000,96.29,34.45,23500,0.78,4.3,1228240
PRD-3028,Home Automation,Asia-Pacific,212000,138000,207.48,73.72,17700,0.74,4.3,2017552
PRD-3071,Consumer Electronics,North America,275000,155000,191.99,86.39,13700,0.84,4.8,1016720.0000000002
PRD-2573,Outdoor Tech,Europe,203000,133000,170.1,66.6,6900,1.41,4,378150
PRD-1800,Consumer Electronics,Latin America,193000,99000,159.99,57.04,8100,0.61,4,541895.0000000001
PRD-1560,Consumer Electronics,Latin America,159000,132000,174.39,60.76,9000,0.61,4.5,731670
PRD-2985,Personal Audio,Europe,100000,69000,72.75,28.36,34300,0.79,4,1353577
PRD-1040,Consumer Electronics,Europe,344000,252000,449.1,175.5,12000,0.86,4.8,2687200.0000000005
PRD-2471,Consumer Electronics,North America,273000,202000,215.99,81.59,17400,0.84,4.4,1863560
PRD-1220,Consumer Electronics,Europe,432000,300000,494.01,187.2,8900,1.21,4.7,1998609
PRD-2848,Home Automation,Asia-Pacific,232000,160000,189.53,69.16,15700,0.74,4.4,1497809
PRD-2289,Consumer Electronics,Asia-Pacific,380000,3060000,299.86,115.9,18500,0.85,5,2768260
PRD-1767,Office Equipment,Europe,118000,66000,80.99,36.38,16300,0.78,3.9,543142.9999999999
PRD-1575,Personal Audio,Europe,93000,66000,75.15,25.18,29800,0.79,4.6,1330106.0000000002
PRD-2184,Kitchen Appliances,North America,213000,165000,216.15,84.55,16500,0.83,4.7,1793400.0000000005
PRD-3006,Gaming Gear,Middle East,176000,149000,172.89,77.04,5400,0.5,3.9,192589.99999999988
PRD-1684,Personal Audio,Asia-Pacific,77000,69000,62.39,20.37,37400,0.82,5,1425547.9999999998
PRD-1710,Consumer Electronics,Latin America,173000,107000,169.59,68.2,9300,0.61,4.6,662927
PRD-3202,Wearable Tech,Asia-Pacific,294000,175000,244.51,98,19800,0.8,4.8,2431898
PRD-2994,Kitchen Appliances,North America,227000,164000,236.85,89.89,16000,0.83,4.8,1960359.9999999995
PRD-2843,Outdoor Tech,Europe,207000,146000,175.77,73.26,6800,0.61,4.4,344068
PRD-2733,Outdoor Tech,North America,,116000,154.65,68.48,10400,0.77,4.7,597168
PRD-2572,Wearable Tech,Asia-Pacific,252000,209000,244.51,98,15600,0.8,4.6,1824556
PRD-1565,Kitchen Appliances,Europe,274000,170000,233.1,89.1,10800,,4.4,1111200
PRD-3387,Office Equipment,Europe,97000,65000,97.01,33.32,15500,0.78,4.1,825195.0000000001
PRD-3289,Smart Home,Middle East,158000,120000,208.05,80.08,7100,0.53,3.9,630587.0000000001
PRD-3093,Outdoor Tech,North America,207000,120000,185.25,62.72,13500,0.77,4.5,1327155
PRD-1580,,Europe,360000,308000,479.04,210.6,11800,0.86,4.5,2499592.0000000005
PRD-2530,Health & Fitness,Latin America,93000,71000,97.51,36,11800,0.74,3.9,561818.0000000001
PRD-1750,Health & Fitness,Latin America,102000,78000,100.5,39.24,13100,0.74,4.7,622506
PRD-1480,Health & Fitness,Latin America,100000,71000,97.51,36,13200,0.74,4.3,640932.0000000001
PRD-2251,Smart Home,North America,276000,231000,290.16,101.85,23700,0.95,4.5,3955947.000000001
PRD-1978,Home Automation,Asia-Pacific,225000,136000,207.48,73.72,13400,0.74,4.7,1431383.9999999998
PRD-1483,Health & Fitness,Asia-Pacific,138000,105000,85.49,29.58,23000,0.78,5,1042930
PRD-2283,Outdoor Tech,North America,196000,121000,169.95,58.88,13800,,4.4,1215766
PRD-1549,Smart Home,Middle East,149000,121000,201.48,90.64,7900,0.53,4.5,605635.9999999999
PRD-1348,Home Automation,Asia-Pacific,262000,164000,207.48,73.72,15900,0.74,4.5,1700784
PRD-2219,Health & Fitness,Middle East,139000,96000,150.12,53.04,7200,0.6,3.5,463976.0000000001
PRD-1707,Office Equipment,Europe,121000,56000,97.01,33.32,13800,0.78,4.3,701922.0000000001
PRD-3445,Personal Audio,Latin America,79000,45000,53.49,19.61,21500,0.69,4,604420
PRD-2442,Smart Home,Europe,202000,115000,162.96,56.84,11900,0.81,4,945828
PRD-2426,Gaming Gear,North America,308000,250000,314.1,121.5,16800,0.89,5,2677680.0000000005
PRD-1468,Home Automation,,248000,166000,219.45,71.44,15100,0.74,4.8,1820951
PRD-2608,Home Automation,Asia-Pacific,260000,157000,207.48,73.72,17200,0.74,4.9,1883672
PRD-2592,Smart Home,Europe,160000,126000,158.47,63.8,12400,0.81,4.1,887908
PRD-2284,Personal Audio,Asia-Pacific,78000,53000,55.19,21.63,44100,0.82,4.4,1348996
PRD-3162,Smart Home,Europe,193000,122000,153.99,58.58,13300,0.81,4.7,953953.0000000002
PRD-3005,Kitchen Appliances,Europe,250000,139000,256.41,95.04,13700,0.84,4.7,1821769
PRD-2075,Kitchen Appliances,Europe,250000,139000,271.95,92.07,14800,0.84,4.3,2273224
PRD-3415,Personal Audio,Latin America,69000,42000,47.49,16.84,19800,0.69,4.2,495870
PRD-2875,Personal Audio,Latin America,67000,47000,54.99,17.39,20100,0.69,3.5,641760
PRD-1808,Home Automation,Europe,250000,213000,236.61,87.36,20700,0.77,4.2,2626475
PRD-2336,Gaming Gear,North America,378000,268000,335.04,145.8,19700,0.89,4.5,3082028
PRD-2499,Consumer Electronics,Asia-Pacific,294000,242000,299.86,115.9,23200,0.85,5,3731872
PRD-1766,Gaming Gear,North America,315000,275000,345.51,129.6,18200,,5,3339562
PRD-3383,Outdoor Tech,Europe,215000,131000,187.11,71.04,10100,0.61,4.1,826307
PRD-1417,Office Equipment,Latin America,98000,62000,73.01,28,7200,0.6,4,164072.00000000006
PRD-1257,Office Equipment,Europe,95000,59000,86.33,35.36,12100,0.78,4,462737
PRD-2141,Consumer Electronics,North America,275000,155000,203.99,83.99,14900,0.84,4.4,1358000.0000000002
PRD-1843,Health & Fitness,Asia-Pacific,116000,108000,82.79,33.48,30200,0.78,4.8,1265162.0000000002
PRD-1880,Consumer Electronics,Europe,424000,272000,449.1,175.5,12700,0.86,4.7,2778720.0000000005
PRD-1019,Health & Fitness,Middle East,135000,85000,139,52,6800,0.55,3.9,371600
PRD-2593,Health & Fitness,Asia-Pacific,127000,92000,88.19,32.5,24400,0.78,4.2,1139836
PRD-2760,Consumer Electronics,Latin America,163000,108000,169.59,68.2,8200,0.61,4.2,560398
PRD-2842,Wearable Tech,Asia-Pacific,258000,169000,252,106.82,15500,0.8,3.9,1823290
PRD-1809,,,356000,246000,290.29,130.54,22800,0.85,5,3040300.0000000005
PRD-1120,Health & Fitness,Latin America,,69000,100.5,39.24,10300,0.74,4.5,442978
PRD-3440,Consumer Electronics,Europe,360000,308000,523.95,181.35,10000,0.86,4.2,2758000
PRD-2771,Consumer Electronics,North America,235000,178000,203.99,83.99,12500,0.84,4.6,1087000.0000000002
PRD-1764,Kitchen Appliances,North America,191000,138000,216.15,84.55,16000,0.83,4.2,1776600.0000000005
PRD-1756,Kitchen Appliances,Latin America,148000,82000,122.55,49.14,8200,0.69,3.9,371962
PRD-2660,Consumer Electronics,Europe,392000,246000,538.92,198.9,11300,0.86,5,3204226
PRD-1950,Consumer Electronics,Latin America,152000,109000,155.19,64.48,8500,0.61,4.1,510035
PRD-2893,Health & Fitness,Asia-Pacific,109000,109000,82.79,33.48,26600,0.78,4.4,1093646.0000000002
PRD-2747,Gaming Gear,Asia-Pacific,187000,168000,188.99,63.24,18500,0.74,4.3,1971375
PRD-3294,Kitchen Appliances,North America,194000,145000,223.05,92.56,11400,0.83,5,1148586
PRD-2356,Kitchen Appliances,Latin America,150000,87000,134.16,52.38,9700,0.69,4.3,556266
PRD-1656,Gaming Gear,,216000,123000,184.29,74.88,5700,0.5,4.1,284637
PRD-3261,Health & Fitness,North America,128000,89000,130.79,41.16,26200,0.8,4.9,2131306
PRD-1715,Kitchen Appliances,Europe,218000,184000,279.72,100.98,11400,0.84,4.5,1635636
PRD-3114,Kitchen Appliances,North America,213000,165000,250.65,87.22,15300,0.83,,2122479
PRD-2000,Consumer Electronics,Europe,400000,274000,479.04,210.6,12100,0.86,5,2574124.0000000005
PRD-1674,Kitchen Appliances,North America,235000,148000,229.95,81.88,12200,0.83,4.8,1423454
PRD-3381,Health & Fitness,North America,165000,90000,112.79,39.9,25000,0.8,4.1,1567250.0000000005
PRD-3345,Personal Audio,Europe,83000,71000,87.15,25.97,29100,0.79,4.9,1626338.0000000002
PRD-1093,Health & Fitness,Asia-Pacific,106000,95000,96.29,34.45,24600,0.78,,1320264
PRD-1472,Wearable Tech,Europe,296000,186000,226.71,84.48,13200,0.77,4.7,1395436.0000000002
PRD-1184,Wearable Tech,North America,272000,179000,278.07,113.85,18700,0.93,4.3,2619914
PRD-2230,Health & Fitness,Latin America,109000,59000,103.48,34.92,10900,0.74,3.7,579304
PRD-1276,Kitchen Appliances,Latin America,139000,79000,118.68,55.62,10100,0.69,3.8,418906.0000000001
PRD-2307,Office Equipment,Europe,122000,59000,86.33,35.36,16000,0.78,3.6,634520
PRD-2854,Personal Audio,Asia-Pacific,94000,52000,65.99,19.74,47000,0.82,5,2027750
PRD-2795,Kitchen Appliances,Europe,238000,149000,256.41,95.04,10800,0.84,5,1355796
PRD-1400,Consumer Electronics,Europe,396000,260000,538.92,198.9,10300,0.86,4.6,2846206
PRD-2951,Consumer Electronics,North America,213000,153000,179.99,71.99,14400,0.84,4.5,1189200.0000000002
PRD-3347,Gaming Gear,Asia-Pacific,189000,176000,167.39,67.32,22000,0.74,4.7,1836540
PRD-2979,Consumer Electronics,,317000,251000,309.43,126.88,18900,0.85,5,2882195
PRD-3469,Smart Home,Middle East,144000,105000,227.76,85.36,8100,0.53,3.8,904439.9999999998
PRD-1848,Office Equipment,North America,71000,53000,60.63,22.8,14200,0.73,3.6,413186
PRD-2866,Kitchen Appliances,Latin America,136000,97000,126.42,54,8600,0.69,4.2,389812
PRD-2406,Gaming Gear,Middle East,174000,142000,195.69,72.72,6900,0.5,3.5,532493
PRD-2278,Home Automation,Asia-Pacific,262000,164000,195.51,76,14600,,4.9,1318845.9999999998
PRD-2427,Office Equipment,Europe,116000,60000,91.67,34.34,15300,0.78,3.9,701149
PRD-1581,Health & Fitness,North America,161000,107000,130.79,41.16,23300,0.8,4,1820379
PRD-1476,Gaming Gear,Middle East,174000,142000,207.09,70.56,5000,0.5,4.2,366650
PRD-1833,Outdoor Tech,North America,209000,126000,185.25,62.72,12400,0.77,4.1,1184372
PRD-2704,Personal Audio,Asia-Pacific,87000,65000,55.19,21.63,45400,0.82,4.9,1371624
PRD-2211,Health & Fitness,North America,137000,121000,130.79,41.16,29400,0.8,4.2,2377122
PRD-1429,Smart Home,Middle East,158000,120000,234.33,93.28,8300,0.53,4.2,892715
PRD-2978,Home Automation,Europe,303000,159000,250.95,84.63,17500,0.77,4.1,2448600
PRD-1101,Health & Fitness,North America,150000,103000,127.19,46.2,28200,0.8,5,2030918
PRD-2413,Health & Fitness,Asia-Pacific,138000,105000,98.99,30.55,32200,0.78,4.3,1960768
PRD-1618,Home Automation,Asia-Pacific,196000,132000,213.47,80.56,15700,0.74,4.9,1758687
PRD-3050,Consumer Electronics,Europe,376000,277000,479.04,210.6,10700,0.86,4.6,2219308.0000000005
PRD-2897,Gaming Gear,Asia-Pacific,204000,182000,183.59,71.4,19400,0.74,4.4,1790486
PRD-2603,Outdoor Tech,Europe,171000,143000,192.78,77.7,7700,0.61,3.8,572116
PRD-2533,Health & Fitness,Asia-Pacific,131000,106000,85.49,29.58,30800,0.78,4.6,1485028
PRD-2826,Gaming Gear,Middle East,193000,126000,195.69,72.72,7100,0.5,4,554087
PRD-1906,Kitchen Appliances,Latin America,160000,90000,118.68,55.62,8600,0.69,4,292316.0000000001
PRD-3357,Office Equipment,Europe,,60000,86.33,35.36,14200,0.78,4.3,547774
PRD-3286,Kitchen Appliances,Latin America,150000,87000,126.42,54,8900,0.69,3.6,407538
PRD-3125,Kitchen Appliances,Europe,235000,141000,271.95,92.07,13100,0.84,5,1980428
PRD-3092,Wearable Tech,Europe,247000,182000,219.84,95.04,12300,0.77,4.9,1106040
PRD-1910,Consumer Electronics,Europe,356000,294000,508.98,204.75,9100,0.86,4.5,2118493
PRD-2060,Consumer Electronics,Europe,388000,319000,494.01,187.2,9600,0.86,4.6,2238376
PRD-1404,Kitchen Appliances,North America,231000,133000,223.05,92.56,12400,0.83,4.4,1254076
PRD-1044,Kitchen Appliances,North America,202000,129000,229.95,81.88,14500,0.83,4.6,1816015
PRD-1434,Kitchen Appliances,North America,194000,145000,250.65,87.22,13600,0.83,4.2,1883648
PRD-3434,Wearable Tech,North America,358000,202000,269.1,103.5,14700,0.93,4.7,1874320.0000000005
PRD-2359,Smart Home,Middle East,158000,120000,221.19,95.92,7700,1.24,4.6,686579
PRD-2637,Office Equipment,Europe,121000,56000,91.67,34.34,12700,0.78,3.6,551091
PRD-3307,Office Equipment,Latin America,83000,49000,73.01,28,6700,0.6,3.5,169567.00000000006
PRD-1182,Smart Home,Europe,203000,121000,162.96,56.84,10800,0.81,4.7,822096
PRD-1682,Wearable Tech,Europe,229000,175000,226.71,84.48,16400,0.77,4.4,1928572.0000000005
PRD-2455,Personal Audio,Latin America,60000,38000,54.99,17.39,19600,0.69,4,638960
PRD-2017,Office Equipment,Latin America,99000,47000,79.72,29.68,8400,0.6,3.5,274336
PRD-1448,Home Automation,Europe,300000,207000,243.78,95.55,16100,0.77,4.4,1879503.0000000005
PRD-1349,Health & Fitness,Middle East,135000,83000,133.44,56.16,6200,0.6,3.7,261136
PRD-3200,Consumer Electronics,Europe,408000,302000,464.07,193.05,11100,0.86,4.7,2298322
PRD-2473,Health & Fitness,,134000,91000,82.79,33.48,25800,0.78,5,1047198.0000000002
PRD-1151,Consumer Electronics,North America,283000,182000,209.99,74.39,13400,0.84,4.4,1352040.0000000002
PRD-3227,Gaming Gear,Asia-Pacific,202000,174000,194.39,69.36,23100,0.74,4.4,2512192.9999999995
PRD-2714,Wearable Tech,North America,275000,189000,287.04,124.2,20200,0.93,4,2825368.0000000005
PRD-3076,Kitchen Appliances,Latin America,143000,92000,126.42,54,10700,0.69,3.9,539894
PRD-3189,Consumer Electronics,Asia-Pacific,333000,237000,309.43,126.88,23700,0.85,4.8,3756435
PRD-2642,Wearable Tech,Europe,265000,189000,240.45,81.84,16500,0.77,4.6,2163064.9999999995
PRD-3385,Personal Audio,Latin America,60000,38000,51.99,17.95,18100,0.69,3.5,518124.0000000001
PRD-3429,Consumer Electronics,Asia-Pacific,294000,242000,347.71,119.56,21500,0.85,4.3,4369224.999999999
PRD-2840,Consumer Electronics,Europe,356000,294000,479.04,210.6,12800,0.86,4.9,2786032.000000001
PRD-1303,Health & Fitness,Asia-Pacific,112000,89000,96.29,34.45,30800,0.78,5,1703672
PRD-2545,Personal Audio,Latin America,67000,49000,51.99,17.95,16900,0.69,3.5,459276.0000000001
PRD-2734,Personal Audio,Asia-Pacific,72000,51000,62.39,20.37,49100,0.82,4.7,1940181.9999999998
PRD-2691,Health & Fitness,North America,147000,92000,109.19,44.94,24500,0.8,4.3,1335125
PRD-2035,Personal Audio,Latin America,74000,44000,54.99,17.39,19000,0.69,3.5,596400
PRD-1992,Smart Home,Europe,158000,120000,145.02,60.32,10400,0.81,4.8,602880.0000000002
PRD-2241,Health & Fitness,North America,158000,97000,119.99,38.64,21600,0.8,4,1502159.9999999998
PRD-1571,Consumer Electronics,North America,230000,160000,209.99,74.39,13800,0.84,4.9,1481280.0000000002
PRD-3046,Kitchen Appliances,Latin America,123000,85000,138.03,57.24,9900,0.69,4.1,591820.9999999999
PRD-2676,Gaming Gear,Middle East,177000,155000,201.39,79.2,6800,0.5,3.9,498891.9999999999
PRD-1284,Kitchen Appliances,North America,244000,132000,209.25,95.23,13100,0.83,4.1,1117662
PRD-3424,Personal Audio,Asia-Pacific,82000,68000,64.19,22.26,50000,0.82,4.5,1946499.9999999995
PRD-2796,,Middle East,166000,115000,172.89,77.04,6500,0.5,4.2,342024.9999999999
PRD-1859,Health & Fitness,Middle East,122000,94000,125.1,46.8,5400,,3.6,206820
PRD-2891,Consumer Electronics,North America,220000,180000,215.99,81.59,17900,0.84,4.9,2005760
PRD-1111,Smart Home,North America,357000,244000,306.9,98.7,30700,0.95,4.4,5790740
PRD-3254,Wearable Tech,North America,288000,231000,304.98,120.75,19800,0.93,4.8,3128754.0000000005
PRD-1737,Office Equipment,Europe,102000,,89,31.28,15000,0.78,4.1,702800
PRD-3235,Personal Audio,Latin America,76000,48000,53.49,19.61,17300,0.69,4.3,462124
PRD-1819,,Middle East,152000,98000,208.05,80.08,7800,0.53,3.8,748166.0000000001
PRD-3310,Health & Fitness,Latin America,118000,65000,94.53,32.76,156000,0.74,4.2,459408
PRD-1467,Office Equipment,Europe,100000,,86.33,35.36,15200,0.78,3.7,599744
PRD-2496,Gaming Gear,Middle East,195000,132000,184.29,74.88,6100,0.5,4,340401
PRD-2610,Consumer Electronics,Latin America,149000,98000,174.39,60.76,7800,0.61,4.1,639314
PRD-2149,Smart Home,Middle East,150000,127000,221.19,95.92,-6100,0.53,3.8,487147
PRD-2541,Health & Fitness,North America,135000,116000,112.79,39.9,23500,0.8,4.2,1461915.0000000002
PRD-2335,Personal Audio,Latin America,64000,52000,51.99,17.95,20500,0.69,3.7,581820.0000000001
PRD-1993,Health & Fitness,,126000,87000,98.99,30.55,31400,0.78,4.9,1936016
PRD-3359,Health & Fitness,Middle East,146000,91000,141.78,54.6,8200,0.6,3.5,477876
PRD-3012,Smart Home,Europe,178000,112000,158.47,63.8,12800,0.81,4.6,921776
PRD-2194,Personal Audio,Asia-Pacific,95000,58000,58.79,21,50000,0.82,5,1736500
PRD-2308,Home Automation,Asia-Pacific,223000,177000,219.45,71.44,16000,0.74,4.7,1968160
PRD-2632,Wearable Tech,Asia-Pacific,244000,181000,252,106.82,279000,0.8,4.2,2275348
PRD-1728,Office Equipment,North America,76000,52000,70.31,23.52,15000,0.73,4.4,573850.0000000001
PRD-2287,Office Equipment,Latin America,101000,53000,81.95,26.32,8400,,3.7,313292
PRD-2963,Outdoor Tech,Europe,196000,147000,187.11,71.04,9900,0.61,3.6,806093
PRD-1823,Outdoor Tech,Europe,186000,114000,198.45,68.82,8700,0.61,3.5,827781
PRD-2314,Personal Audio,Asia-Pacific,90000,58000,62.39,20.37,47900,0.82,4.2,1864757.9999999998
PRD-2231,Consumer Electronics,North America,225000,198000,191.99,86.39,12800,0.84,4.9,928680
PRD-1558,Home Automation,Asia-Pacific,202000,155000,207.48,73.72,12900,0.74,4.2,1368503.9999999998
PRD-2764,Personal Audio,Asia-Pacific,,56000,56.99,-19.11,35700,0.82,4.5,1212316
PRD-2372,Wearable Tech,Europe,260000,172000,233.58,92.4,16700,0.77,4.2,1925706
PRD-2804,,North America,310000,239000,269.1,103.5,17700,0.93,4.5,2382120.0000000005
PRD-2350,Health & Fitness,Latin America,103000,60000,109.45,33.84,10300,0.74,4,615783
PRD-2707,Office Equipment,Latin America,82000,63000,81.95,26.32,8600,0.6,4.2,333418
PRD-2361,Health & Fitness,North America,149000,98000,127.19,46.2,20300,0.8,4.3,1397097
PRD-2621,Consumer Electronics,North America,215000,162000,209.99,74.39,18000,0.84,4.5,2063800.0000000005
PRD-1028,Home Automation,Europe,275000,185000,239,91,17500,,4.6,2130000
PRD-2248,Home Automation,Asia-Pacific,230000,152000,213.47,80.56,13200,0.74,4,1372412
PRD-1555,Personal Audio,Latin America,69000,42000,53.49,19.61,22800,0.69,3.5,661464.0000000001
PRD-1439,Health & Fitness,Middle East,150000,77000,125.1,-46.8,8000,,4.2,399400
PRD-2876,Gaming Gear,North America,392000,240000,355.98,141.75,19300,0.89,5,3502639.0000000005
PRD-1801,Smart Home,North America,298000,240000,256.68,108.15,31200,0.95,4.2,4096136
PRD-3433,Health & Fitness,Asia-Pacific,114000,99000,88.19,32.5,26000,0.78,5,1234940
PRD-3031,Smart Home,North America,347000,211000,281.79,114.45,31200,0.95,4.8,4663008.000000001
PRD-2011,Smart Home,North America,313000,227000,256.68,108.15,26300,0.95,5,3366339
PRD-2031,Health & Fitness,North America,150000,103000,119.99,38.64,26200,0.8,4.3,1878370
PRD-2480,Consumer Electronics,Europe,428000,286000,494.01,187.2,9900,0.86,5,2323419
PRD-1316,Gaming Gear,North America,340000,285000,376.92,137.7,363000,0.89,4.7,5164124.000000001
PRD-2984,Wearable Tech,North America,282000,210000,296.01,110.4,20000,0.93,4.4,3220199.9999999995
PRD-2228,Home Automation,Europe,278000,191000,236.61,87.36,14000,0.77,4.7,1620500
PRD-2725,Personal Audio,,61000,43000,45.99,19.06,19400,0.69,3.5,418442.00000000006
PRD-2131,Smart Home,North America,295000,229000,273.42,105,25000,0.95,4.2,3686500
PRD-2781,Health & Fitness,North America,164000,118000,127.19,46.2,21100,0.8,4.8,1426889
PRD-1685,Kitchen Appliances,Europe,259000,171000,248.64,106.92,15600,0.84,4.7,1780831.9999999995
PRD-1260,Consumer Electronics,Latin America,186000,112000,150.39,58.9,8300,0.61,4.3,461366.9999999999
PRD-1598,Home Automation,Europe,237000,,236.61,87.36,16800,0.77,4.5,2103400
PRD-3020,Consumer Electronics,Europe,444000,255000,523.95,181.35,9700,0.86,4.8,2624220
PRD-2100,Consumer Electronics,Latin America,166000,120000,150.39,58.9,8800,0.61,4.2,519111.9999999999
PRD-2234,Wearable Tech,North America,352000,181000,278.07,113.85,16400,0.93,5,2160208
PRD-2102,Wearable Tech,Europe,255000,154000,226.71,84.48,16800,0.77,4.9,1980464.0000000005
PRD-1569,Consumer Electronics,Asia-Pacific,294000,242000,319,112.24,24900,0.85,4.6,4612324
PRD-3468,Office Equipment,North America,81000,52000,58.7,25.68,13300,0.73,3.8,306166.00000000006
PRD-2560,health & fitness,Latin America,108000,77000,109.45,33.84,12800,0.74,3.7,782808
PRD-1695,Personal Audio,Europe,87000,67000,79.95,24.38,28000,0.79,4.9,1401960.0000000002
PRD-3135,Personal Audio,Europe,107000,76000,87.15,25.97,35700,0.79,4.1,2001126.0000000005
PRD-3343,Health & Fitness,Asia-Pacific,138000,105000,93.59,31.53,30000,0.78,4.7,1618800
PRD-1995,Personal Audio,Europe,103000,80000,75.15,25.18,30800,0.79,4,1356076.0000000002
PRD-3292,Wearable Tech,Asia-Pacific,238000,162000,229.54,100.94,17500,0.8,4.2,1850500
PRD-1347,,Europe,107000,74000,80.99,36.38,15900,0.78,4.5,528298.9999999999
PRD-2589,Consumer Electronics,Asia-Pacific,330000,225000,347.71,119.56,20200,0.85,4.4,4053630
PRD-2695,Personal Audio,Latin America,73000,39000,50.49,20.17,17700,0.69,3.5,424664
PRD-2196,Gaming Gear,Middle East,224000,150000,195.69,72.72,5600,0.5,3.8,314632
PRD-1051,Smart Home,North America,270000,209000,298.53,111.3,26000,0.95,4.8,4388979.999999999
PRD-2578,Home Automation,Asia-Pacific,,144000,183.54,78.28,15900,0.74,4,1301633.9999999998
PRD-2329,Smart Home,Middle East,186000,111000,240.9,82.72,7100,0.53,3.7,826078
PRD-3450,Consumer Electronics,Latin America,184000,106000,174.39,60.76,8400,0.61,4,664492
PRD-3446,Gaming Gear,North America,347000,233000,345.51,129.6,20700,0.89,4.8,3889337
PRD-1382,Wearable Tech,Europe,268000,198000,240.45,81.84,15200,0.77,4.2,1944872
PRD-3271,Smart Home,North America,310000,216000,256.68,108.15,28600,0.95,4.3,3721958
PRD-2450,Consumer Electronics,Europe,372000,263000,538.92,198.9,8900,0.86,4.2,2391178
PRD-1368,Office Equipment,North America,90000,51000,58.7,25.68,17400,0.73,3.5,433548
PRD-1108,Home Automation,Asia-Pacific,219000,161000,183.54,78.28,17400,0.74,3.9,1451523.9999999998
PRD-1424,Wearable Tech,North America,333000,183000,313.95,106.95,16900,0.93,4.9,2982300
PRD-2672,Wearable Tech,,221000,149000,219.84,95.04,11900,,4.4,1115120
PRD-3099,Consumer Electronics,Asia-Pacific,297000,253000,328.57,123.22,17800,0.85,4.3,3105230
PRD-3273,Outdoor Tech,North America,191000,141000,164.85,66.56,10100,0.77,4.4,660728.9999999999
PRD-3282,Smart Home,Europe,182000,124000,162.96,56.84,12600,0.81,3.9,1031112
PRD-2839,Smart Home,Middle East,170000,124000,227.76,85.36,6300,0.53,4.7,603119.9999999999
PRD-2766,Gaming Gear,Middle East,,146000,189.99,66.24,6000,0.5,4.4,397500.0000000001
PRD-1768,Home Automation,Asia-Pacific,214000,146000,207.48,73.72,16300,0.74,,1820288
PRD-1358,Home Automation,Europe,270000,163000,258.12,92.82,18600,0.77,5,2641580
PRD-1543,Health & Fitness,Asia-Pacific,134000,91000,88.19,32.5,28000,0.78,4.6,1334320
PRD-1419,Consumer Electronics,Asia-Pacific,370000,221000,328.57,123.22,24100,0.85,4.5,4357935
PRD-2105,Kitchen Appliances,Europe,209000,152000,248.64,106.92,10600,0.84,4.1,1141231.9999999998
PRD-2475,Personal Audio,Europe,109000,83000,77.55,27.56,38200,0.79,4.1,1717617.9999999998
PRD-2822,Wearable Tech,Europe,242000,165000,212.97,87.12,12500,0.77,4.5,1166125
PRD-2263,Health & Fitness,Asia-Pacific,128000,97000,82.79,33.48,31100,0.78,4.2,1308541.0000000002
PRD-1022,Wearable Tech,Europe,260000,175000,229,88,14500,0.81,4.4,1609500
PRD-1375,Personal Audio,Latin America,76000,48000,48.99,18.5,20300,0.69,3.5,494947
PRD-1437,Office Equipment,Europe,119000,70000,94.34,37.4,13900,0.78,3.9,602466.0000000001
PRD-2478,,,83000,44000,60.63,22.8,18200,0.73,3.8,561506
PRD-2298,Office Equipment,North America,90000,51000,68.37,26.4,16200,0.73,3.9,538914.0000000001
PRD-2596,Kitchen Appliances,Latin America,133000,88000,122.55,49.14,8700,0.69,3.8,417667
PRD-3283,Health & Fitness,Asia-Pacific,,90000,90.89,35.43,24900,0.78,5,1186954
PRD-2353,Health & Fitness,Asia-Pacific,104000,90000,96.29,34.45,27200,0.78,4.7,1488048
PRD-1632,Smart Home,Europe,191000,116000,149.5,53.36,12300,0.81,3.9,875522
PRD-2098,Home Automation,Asia-Pacific,212000,138000,219.45,71.44,12600,0.74,3.9,1514926
PRD-1337,Gaming Gear,Asia-Pacific,237000,162000,194.39,69.36,24600,,4.9,2676737.9999999995
PRD-1302,Smart Home,Europe,193000,122000,140.53,55.1,10100,0.81,3.9,547843.0000000001
PRD-2010,Consumer Electronics,Latin America,201000,128000,159.99,57.04,10100,0.61,3.7,710795.0000000001
PRD-2210,Consumer  Electronics,Europe,420000,258000,479.04,210.6,10000,0.86,4.7,2006400.0000000005
PRD-1352,Wearable Tech,Europe,231000,184000,212.97,87.12,13900,0.77,4.4,1334315
PRD-2557,Office Equipment,Latin America,103000,58000,68.54,28.84,8300,0.6,4.1,168510
PRD-3400,Health & Fitness,Latin America,97000,61000,109.45,33.84,13400,0.74,4.7,855174
PRD-1761,Health & Fitness,North America,147000,92000,116.39,43.68,26500,0.8,5,1687815.0000000002
PRD-2769,Consumer Electronics,Asia-Pacific,300000,265000,309.43,126.88,23000,0.85,4.3,3633650
PRD-2538,Office Equipment,North America,81000,52000,62.57,24.96,14600,0.73,3.5,416106
PRD-3266,Gaming Gear,North America,378000,268000,314.1,121.5,18000,0.89,4.9,2820800.0000000005
PRD-2458,Home Automation,Asia-Pacific,242000,143000,213.47,80.56,16600,0.74,4.8,1821306
PRD-1935,Personal Audio,Europe,105000,68000,72.75,28.36,38900,0.79,4.4,1553771
PRD-3010,Health and Fitness,Latin America,101000,74000,100.5,39.24,9500,0.74,4,406970
